{"info":{"_postman_id":"01266da6-6f4f-49ce-fbb6-a6e7a6367495","name":"SEND-Server-V2","schema":"https://schema.getpostman.com/json/collection/v2.1.0/collection.json"},"item":[{"name":"Local-SEND","id":"3fabbdfc-51c6-69c6-780a-b9244bb81f92","request":{"method":"GET","header":[{"key":"Content-Type","value":"application/json"},{"key":"Accept","value":"application/json"}],"body":{"mode":"raw","raw":""},"url":{"raw":"http://localhost:8080/send-services/send","protocol":"http","host":["localhost"],"port":"8080","path":["send-services","send"]}},"response":[]},{"name":"Local-SEND copy","id":"c817001a-b325-b618-1bd2-71493b33ba2f","request":{"method":"POST","header":[{"key":"Content-Type","value":"application/json"},{"key":"Accept","value":"application/json"}],"body":{"mode":"raw","raw":""},"url":{"raw":"http://localhost:8080/send-services/executeMultiple?app=ADVRPTNG_local","protocol":"http","host":["localhost"],"port":"8080","path":["send-services","executeMultiple"],"query":[{"key":"app","value":"ADVRPTNG_local"}]}},"response":[]},{"name":"http://localhost:8080/send-services/send?app=ADVRPTNG:LOCAL","id":"d8ef6d9f-6664-a669-237d-44952f4a4c70","request":{"method":"POST","header":[{"key":"Content-Type","value":"application/json"},{"key":"Accept","value":"application/json"}],"body":{"mode":"raw","raw":""},"url":{"raw":"http://localhost:8080/send-services/send?app=ADVRPTNG:LOCAL","protocol":"http","host":["localhost"],"port":"8080","path":["send-services","send"],"query":[{"key":"app","value":"ADVRPTNG:LOCAL"}]}},"response":[]},{"name":"Run-Email","id":"d9aff663-3c09-3b3f-2e31-ca317825d40b","request":{"auth":{"type":"ntlm","ntlm":[{"key":"password","value":"Ramsai@09","type":"string"},{"key":"username","value":"a485047","type":"string"}]},"method":"POST","header":[{"key":"Content-Type","value":"application/json"},{"key":"Accept","value":"application/xml"}],"body":{"mode":"raw","raw":""},"url":{"raw":"http://vc2cmmkb256399n.fmrco.com:20010/send/v2/send?app=ADVRPTNG","protocol":"http","host":["vc2cmmkb256399n","fmrco","com"],"port":"20010","path":["send","v2","send"],"query":[{"key":"app","value":"ADVRPTNG"}]}},"response":[]},{"name":"Run-FTP","id":"38efbc3f-eb98-7aa2-8637-7d144143b6f6","request":{"method":"POST","header":[{"key":"Content-Type","value":"application/json"}],"body":{"mode":"raw","raw":""},"url":{"raw":"http://vc2cmmkb256399n.fmrco.com:20010/send/v2/send?app=ADVRPTNG","protocol":"http","host":["vc2cmmkb256399n","fmrco","com"],"port":"20010","path":["send","v2","send"],"query":[{"key":"app","value":"ADVRPTNG"}]}},"response":[]},{"name":"Run-Email copy","id":"6d4cbda4-b3aa-bdb8-f82d-c42a9e8749b5","request":{"method":"POST","header":[{"key":"Content-Type","value":"application/json"},{"key":"Accept","value":"application/json"}],"body":{"mode":"raw","raw":""},"url":{"raw":"http://aswsfl23prf.fmrco.com:22650/send/v2/send?app=ADVRPTNG","protocol":"http","host":["aswsfl23prf","fmrco","com"],"port":"22650","path":["send","v2","send"],"query":[{"key":"app","value":"ADVRPTNG"}]}},"response":[]},{"name":"FTP-Era","id":"05b7da81-ca8c-8c46-7201-9101ffe00b96","request":{"method":"POST","header":[{"key":"Content-Type","value":"application/json"},{"key":"Accept","value":"application/json"}],"body":{"mode":"raw","raw":""},"url":{"raw":"http://vc2cmmkb269021n.fmrco.com:20010/send/v2/send?app=ADVRPTNG","protocol":"http","host":["vc2cmmkb269021n","fmrco","com"],"port":"20010","path":["send","v2","send"],"query":[{"key":"app","value":"ADVRPTNG"}]}},"response":[]},{"name":"FTP-Era copy","id":"26ca2583-fada-b9ce-e261-1d1f8b57abbc","request":{"method":"POST","header":[{"key":"Content-Type","value":"application/json"},{"key":"Accept","value":"application/json"}],"body":{"mode":"raw","raw":""},"url":{"raw":"http://vc2cmmkb269021n.fmrco.com:20010/send/v2/send?app=ADVRPTNG","protocol":"http","host":["vc2cmmkb269021n","fmrco","com"],"port":"20010","path":["send","v2","send"],"query":[{"key":"app","value":"ADVRPTNG"}]}},"response":[]},{"name":"FTP-Eraftp_Local","id":"c1c615ea-1e66-ccf5-f1d3-4eeed4e34efb","request":{"method":"POST","header":[{"key":"Content-Type","value":"application/json"},{"key":"Accept","value":"application/json"}],"body":{"mode":"raw","raw":""},"url":{"raw":"http://localhost:8080/send-services/executeMultiple?app=ADVRPTNG_local","protocol":"http","host":["localhost"],"port":"8080","path":["send-services","executeMultiple"],"query":[{"key":"app","value":"ADVRPTNG_local"}]}},"response":[]},{"name":"Local-FTPEra","id":"8f8b7804-17df-6314-94ae-3f124fd23e4c","request":{"method":"POST","header":[{"key":"Content-Type","value":"application/json"},{"key":"Accept","value":"application/json"}],"body":{"mode":"raw","raw":""},"url":{"raw":"http://localhost:8080/send-services/executeMultiple?app=ADVRPTNG_local","protocol":"http","host":["localhost"],"port":"8080","path":["send-services","executeMultiple"],"query":[{"key":"app","value":"ADVRPTNG_local"}]}},"response":[]},{"name":"Local-FTPEra copy","id":"97804c7b-7508-2529-67dc-674c0d6825cb","request":{"method":"POST","header":[{"key":"Content-Type","value":"application/json"},{"key":"Accept","value":"application/json"}],"body":{"mode":"raw","raw":""},"url":{"raw":"http://vc2cmmkb269021n.fmrco.com:20010/send/v2/executeMultiple?app=ADVRPTNG","protocol":"http","host":["vc2cmmkb269021n","fmrco","com"],"port":"20010","path":["send","v2","executeMultiple"],"query":[{"key":"app","value":"ADVRPTNG"}]}},"response":[]},{"name":"Local-FTPEra copy copy","id":"484de3a8-2fd0-16af-6fd7-0563a7504e89","request":{"method":"POST","header":[{"key":"Content-Type","value":"application/json"},{"key":"Accept","value":"application/json"}],"body":{"mode":"raw","raw":""},"url":{"raw":"http://vc2cmmkb269021n.fmrco.com:20010/send/v2/executeMultiple?app=ADVRPTNG","protocol":"http","host":["vc2cmmkb269021n","fmrco","com"],"port":"20010","path":["send","v2","executeMultiple"],"query":[{"key":"app","value":"ADVRPTNG"}]}},"response":[]},{"name":"LocalFTPTest","id":"1882a472-e09e-4b82-3cd4-4832e53f8614","request":{"method":"POST","header":[{"key":"Content-Type","value":"application/json"},{"key":"Accept","value":"application/json"}],"body":{"mode":"raw","raw":""},"url":{"raw":"http://vc2cmmkb269021n.fmrco.com:20010/send/v2/executeMultiple?app=ADVRPTNG","protocol":"http","host":["vc2cmmkb269021n","fmrco","com"],"port":"20010","path":["send","v2","executeMultiple"],"query":[{"key":"app","value":"ADVRPTNG"}]}},"response":[]},{"name":"LocalEmailTest","id":"e651562e-246d-154c-3789-f5304285bc6f","request":{"auth":{"type":"ntlm","ntlm":[{"key":"password","value":"Ramsai@09","type":"string"},{"key":"username","value":"a485047","type":"string"}]},"method":"POST","header":[{"key":"Content-Type","value":"application/json"},{"key":"Accept","value":"application/json"}],"body":{"mode":"raw","raw":""},"url":{"raw":"http://vc2cmmkb269021n.fmrco.com:20010/send/v2/executeMultiple?app=ADVRPTNG","protocol":"http","host":["vc2cmmkb269021n","fmrco","com"],"port":"20010","path":["send","v2","executeMultiple"],"query":[{"key":"app","value":"ADVRPTNG"}]}},"response":[]},{"name":"Multiple_Attachments","id":"9b9c84d6-6166-f778-68ec-e033ec5dd65b","request":{"method":"POST","header":[{"key":"Content-Type","value":"application/json"},{"key":"Accept","value":"application/json"}],"body":{"mode":"raw","raw":""},"url":{"raw":"http://localhost:8080/send-services//executeMultiple?app=ADVRPTNG_local","protocol":"http","host":["localhost"],"port":"8080","path":["send-services","","executeMultiple"],"query":[{"key":"app","value":"ADVRPTNG_local"}]}},"response":[]},{"name":"GAA-SP-EM","id":"e4b68517-9064-478d-81df-d289ba5a71c6","request":{"auth":{"type":"ntlm","ntlm":[{"key":"password","value":"Babasai@09","type":"string"},{"key":"username","value":"a485047","type":"string"}]},"method":"POST","header":[{"key":"Content-Type","value":"application/json"},{"key":"Accept","value":"application/json"}],"body":{"mode":"raw","raw":""},"url":{"raw":"https://aswsfl41prd.fmrco.com:22653/send/v2/executeMultiple?app=ADVRPTNG","protocol":"https","host":["aswsfl41prd","fmrco","com"],"port":"22653","path":["send","v2","executeMultiple"],"query":[{"key":"app","value":"ADVRPTNG"}]}},"response":[]},{"name":"GAA-SP-EM Prod","id":"6a23078b-badc-4df2-a003-4e1777feb5b0","request":{"method":"POST","header":[{"key":"Content-Type","value":"application/json"},{"key":"Accept","value":"application/json"}],"body":{"mode":"raw","raw":""},"url":{"raw":"https://aswsfl42prd.fmrco.com:22653/send/v2/executeMultiple?app=ADVRPTNG","protocol":"https","host":["aswsfl42prd","fmrco","com"],"port":"22653","path":["send","v2","executeMultiple"],"query":[{"key":"app","value":"ADVRPTNG"}]}},"response":[]},{"name":"XMLFTPTest","id":"4a48372a-6c17-fade-0a90-d72fae424b1e","request":{"method":"POST","header":[{"key":"Content-Type","value":"application/xml"},{"key":"Accept","value":"application/json"}],"body":{"mode":"raw","raw":""},"url":{"raw":"http://vc2cmmkb269021n.fmrco.com:20010/send/v2/executeMultiple?app=ADVRPTNG","protocol":"http","host":["vc2cmmkb269021n","fmrco","com"],"port":"20010","path":["send","v2","executeMultiple"],"query":[{"key":"app","value":"ADVRPTNG"}]}},"response":[]},{"name":"XMLFTPTest copy","id":"f3134b25-1632-6f45-1813-fb68561de8ee","request":{"method":"POST","header":[{"key":"Content-Type","value":"application/json"},{"key":"Accept","value":"application/json"}],"body":{"mode":"raw","raw":""},"url":{"raw":"http://localhost:8080/send-services/executeMultiple?app=ADVRPTNG_local","protocol":"http","host":["localhost"],"port":"8080","path":["send-services","executeMultiple"],"query":[{"key":"app","value":"ADVRPTNG_local"}]}},"response":[]},{"name":"Burst-DIT","id":"3b5685bb-5d7d-3544-1bcc-3537369eacf2","request":{"method":"POST","header":[{"key":"Content-Type","value":"application/json"},{"key":"Accept","value":"application/json"}],"body":{"mode":"raw","raw":""},"url":{"raw":"http://vc2cmmkb269021n.fmrco.com:20010/send/v2/executeMultiple?app=ADVRPTNG","protocol":"http","host":["vc2cmmkb269021n","fmrco","com"],"port":"20010","path":["send","v2","executeMultiple"],"query":[{"key":"app","value":"ADVRPTNG"}]}},"response":[]},{"name":"SpRequest","id":"eeffeb71-aada-e68b-4fab-0a75131fab3c","request":{"method":"POST","header":[{"key":"Content-Type","value":"application/xml"},{"key":"Accept","value":"application/xml"}],"body":{"mode":"raw","raw":""},"url":{"raw":"http://localhost:8080/send-services/executeMultiple?app=ADVRPTNG_local","protocol":"http","host":["localhost"],"port":"8080","path":["send-services","executeMultiple"],"query":[{"key":"app","value":"ADVRPTNG_local"}]}},"response":[]},{"name":"NotificationwithoutAttachement","id":"b3979971-f426-7161-a044-640750d44df4","request":{"method":"GET","header":[],"body":{"mode":"formdata","formdata":[]},"url":{"raw":"http://localhost:8080/send-services/notification?app=ADVRPTNG_local","protocol":"http","host":["localhost"],"port":"8080","path":["send-services","notification"],"query":[{"key":"app","value":"ADVRPTNG_local"}]}},"response":[]},{"name":"NotificationwithoutAttachement-xml","id":"5aec04c2-91a4-4755-ac47-702e408981e4","request":{"method":"POST","header":[{"key":"Content-Type","value":"application/xml"},{"key":"Accept","value":"application/xml"}],"body":{"mode":"raw","raw":""},"url":{"raw":"http://localhost:8080/send-services/notification?app=HITS","protocol":"http","host":["localhost"],"port":"8080","path":["send-services","notification"],"query":[{"key":"app","value":"HITS"}]}},"response":[]},{"name":"http://localhost:8080/send-services/executeMultiple?app=ADVRPTNG_local ","id":"5fc3c013-e164-ed7e-ad64-e3d36baf6e4d","request":{"method":"POST","header":[{"key":"Content-Type","value":"application/xml"}],"body":{"mode":"raw","raw":""},"url":{"raw":"http://localhost:8080/send-services/executeMultiple?app=ADVRPTNG_local ","protocol":"http","host":["localhost"],"port":"8080","path":["send-services","executeMultiple"],"query":[{"key":"app","value":"ADVRPTNG_local "}]}},"response":[]},{"name":"https://advisorreporting-send.fmrco.com/send/v2/executeMultiple?app=ADVRPTNG","id":"c62fa55b-e627-3654-6bb5-2b54da8f21e7","request":{"method":"POST","header":[{"key":"Content-Type","value":"application/json"}],"body":{"mode":"raw","raw":""},"url":{"raw":"https://advisorreporting-send.fmrco.com/send/v2/executeMultiple?app=ADVRPTNG","protocol":"https","host":["advisorreporting-send","fmrco","com"],"path":["send","v2","executeMultiple"],"query":[{"key":"app","value":"ADVRPTNG"}]}},"response":[]},{"name":"Sp-Delivery","id":"743fc425-db2d-14ef-6a0c-b6fdffbf593a","request":{"method":"POST","header":[{"key":"Content-Type","value":"application/json"},{"key":"Accept","value":"application/json"},{"key":"Content-Disposition","value":"multipart/form-data"}],"body":{"mode":"raw","raw":""},"url":{"raw":"http://localhost:8080/send-services/delivery1?app=Advrptng","protocol":"http","host":["localhost"],"port":"8080","path":["send-services","delivery1"],"query":[{"key":"app","value":"Advrptng"}]}},"response":[]},{"name":"SEND-CU2","id":"cea313ce-6bd2-2f9b-404a-86e4fa523a89","request":{"method":"POST","header":[{"key":"Content-Type","value":"application/xml"},{"key":"Accept","value":"application/json"}],"body":{"mode":"raw","raw":""},"url":{"raw":"http://localhost:8080/send-services/executeMultiple?app=CU2","protocol":"http","host":["localhost"],"port":"8080","path":["send-services","executeMultiple"],"query":[{"key":"app","value":"CU2"}]}},"response":[]},{"name":"SEND-CU2 Copy","id":"bb073e2c-358a-4760-82ee-83fafa1d6e71","request":{"auth":{"type":"ntlm","ntlm":[{"key":"password","value":"Jaisai@09","type":"string"},{"key":"username","value":"a485047","type":"string"}]},"method":"POST","header":[{"key":"Content-Type","value":"application/xml"},{"key":"Accept","value":"application/json"}],"body":{"mode":"raw","raw":"<sendRequest>\r\n  <execution>\r\n    <reports><!--Should this section repeat for multiple requests-->\r\n      <id>Report1</id> <!--Why is needed and what is this-->\r\n      <executionFileName>Geode Trust Co Security Lending.xdo</executionFileName>\r\n      <path>/CRA Publisher Reports/Application Reports/Approved List Reports/</path>\r\n      <format>excel</format>\r\n      \r\n    <outputFileName>Geode Trust Co Security Lending.xls</outputFileName>\r\n    <name>Geode</name>\r\n      <executionMode>ASYNC</executionMode>\r\n  \r\n   \r\n    </reports>\r\n  </execution>\r\n  \r\n  <notificationConfig>\r\n   <emailNotification>\r\n      <reportDatas>\r\n        <reportId>1</reportId>\r\n        <reportName>Test</reportName>\r\n\t\t <outputFileName>Test.xls</outputFileName>\r\n      </reportDatas>\t  \r\n\t    <subject>Test</subject>\r\n          <includeAttachments>true</includeAttachments>\r\n      <enableSimpleTextBody>true</enableSimpleTextBody>\r\n      <body>\r\n\t\t\t<![CDATA[\r\n             <html>\r\n            <head/>\r\n            <body style=\"font-family: 'Verdana', 'Arial', 'Helvetica', 'sans-serif', 'Courier New'; font-size: 12px;\">\r\n             <h4>Please find attached the latest Corporate Actions Research Report.</h4>\r\n             </body>\r\n             </html>\r\n             ]]>\r\n        </body>\r\n\r\n      <toRecipients>\r\n      <emailAddress>a485047@fmr.com</emailAddress>\r\n\t\t</toRecipients>       \r\n    </emailNotification>\r\n\t  </notificationConfig>\r\n\t  \r\n  \r\n</sendRequest>"},"url":{"raw":"https://send.fmrco.com/send/v2/executeMultiple?app=CP-SEND2-ADOPTION-CRAWORKSPACE","protocol":"https","host":["send","fmrco","com"],"path":["send","v2","executeMultiple"],"query":[{"key":"app","value":"CP-SEND2-ADOPTION-CRAWORKSPACE"}]}},"response":[]},{"name":"SEND-CU2 MetaData","id":"d2811023-cab9-74ed-87ba-649f22a83708","request":{"method":"POST","header":[{"key":"Content-Type","value":"application/xml"},{"key":"Accept","value":"application/json"}],"body":{"mode":"raw","raw":""},"url":{"raw":"https://send-dit.fmrco.com/send/v2/executeMultiple?app=CU2","protocol":"https","host":["send-dit","fmrco","com"],"path":["send","v2","executeMultiple"],"query":[{"key":"app","value":"CU2"}]}},"response":[]},{"name":"Invalid-SessionTest","id":"064d1fc6-93f2-5f5f-a8f1-121231ece0ee","request":{"method":"POST","header":[{"key":"Content-Type","value":"application/json"}],"body":{"mode":"raw","raw":""},"url":{"raw":"http://localhost:8080/send-services/executeMultiple?app=ADVRPTNG_local","protocol":"http","host":["localhost"],"port":"8080","path":["send-services","executeMultiple"],"query":[{"key":"app","value":"ADVRPTNG_local"}]}},"response":[]},{"name":"SEND-CU2","id":"ce02c664-ea04-1a1e-9ef3-dd310a7acfb6","request":{"method":"POST","header":[{"key":"Content-Type","value":"application/xml"}],"body":{"mode":"raw","raw":""},"url":{"raw":"http://localhost:8080/send-services/executeMultiple?app=CU2","protocol":"http","host":["localhost"],"port":"8080","path":["send-services","executeMultiple"],"query":[{"key":"app","value":"CU2"}]}},"response":[]},{"name":"MMW2","id":"19a54a73-bc1a-4ef3-8ab1-ab58bc553c90","request":{"method":"POST","header":[{"key":"Content-Type","value":"application/xml"}],"body":{"mode":"raw","raw":""},"url":{"raw":"https://send-dit.fmrco.com/send/v2/executeMultiple?app=MMW2","protocol":"https","host":["send-dit","fmrco","com"],"path":["send","v2","executeMultiple"],"query":[{"key":"app","value":"MMW2"}]}},"response":[]},{"name":"http://localhost:8080/send-services/executeMultiple?app=MMW2","id":"08c74953-3101-944c-3ec5-29e1f03dcc0c","request":{"method":"POST","header":[{"key":"Content-Type","value":"application/xml"}],"body":{"mode":"raw","raw":""},"url":{"raw":"http://localhost:8080/send-services/executeMultiple?app=MMW2","protocol":"http","host":["localhost"],"port":"8080","path":["send-services","executeMultiple"],"query":[{"key":"app","value":"MMW2"}]}},"response":[]},{"name":"http://vc2cmmkb256399n.fmrco.com:20010/send/v2/executeMultiple?app=CP-SEND2-ADOPTION-CRAWORKSPACE","id":"c2030df4-0921-293b-42f9-3f380a425b5d","request":{"auth":{"type":"noauth"},"method":"POST","header":[{"key":"Content-Type","value":"application/xml"},{"key":"OAM_REMOTE_USER","value":"a485047"},{"key":"Authorization","value":"Bearer iSfal31ActB5h4LeqOkTfYD2QZvTR3xrDKH4WKaqE5AHk3SViusVC","disabled":true}],"body":{"mode":"raw","raw":"<?xml version=\"1.0\" encoding=\"UTF-8\" standalone=\"yes\"?>\r\n<sendRequest>\r\n  <execution>\r\n     <reports>\r\n            <id>1</id>\r\n            <name>CRA_Derivative_Policy_Monitoring</name>\r\n            <executionFileName>CRA Derivative Policy Monitoring.xdo</executionFileName>\r\n            <path>/Reports/Subject Area Contents/CRA DATA/Canned Reports</path>\r\n            <format>excel</format>\r\n            <executionMode>ASYNC</executionMode>\r\n            <impersonate>a595361</impersonate>\r\n            <outputFileName>test.xls</outputFileName>\r\n          </reports> \r\n  </execution>\r\n\r\n<notificationConfig>\r\n    <emailNotification>\r\n      <reportDatas>\r\n        <reportId>1</reportId>\r\n        <reportName>NotificationReportName</reportName>\r\n      </reportDatas>\r\n      <subject>Testing report by SEND</subject>\r\n      <body>Hi</body>\r\n      <includeAttachments>true</includeAttachments>\r\n    <enableSimpleTextBody>true</enableSimpleTextBody> \r\n      <toRecipients>\r\n        <emailAddress>a595361@fmr.com</emailAddress>\r\n      </toRecipients>\r\n    </emailNotification>\r\n  </notificationConfig>\r\n</sendRequest>\r\n"},"url":{"raw":"https://send-sit.fmrco.com/send/v2/oam/executeMultiple?app=CP-SEND2-ADOPTION-CRAWORKSPACE","protocol":"https","host":["send-sit","fmrco","com"],"path":["send","v2","oam","executeMultiple"],"query":[{"key":"app","value":"CP-SEND2-ADOPTION-CRAWORKSPACE"}]}},"response":[]},{"name":"http://localhost:8080/send-services/executeMultiple?app=CU2","id":"9bfd062d-374d-afbe-3534-0d19b1f91691","request":{"method":"POST","header":[{"key":"Content-Type","value":"application/xml"}],"body":{"mode":"raw","raw":""},"url":{"raw":"http://localhost:8080/send-services/executeMultiple?app=CU2","protocol":"http","host":["localhost"],"port":"8080","path":["send-services","executeMultiple"],"query":[{"key":"app","value":"CU2"}]}},"response":[]},{"name":"executeMultiple?app=ADVRPTNG","id":"4ffbc39d-bada-db13-111b-7efae5878330","request":{"auth":{"type":"ntlm","ntlm":[{"key":"password","value":"Ramsai@09","type":"string"},{"key":"username","value":"a485047","type":"string"}]},"method":"POST","header":[{"key":"Content-Type","value":"application/json"}],"body":{"mode":"raw","raw":""},"url":{"raw":"http://vc2cmmka269029n.fmrco.com:20010/send/v2/executeMultiple?app=ADVRPTNG","protocol":"http","host":["vc2cmmka269029n","fmrco","com"],"port":"20010","path":["send","v2","executeMultiple"],"query":[{"key":"app","value":"ADVRPTNG"}]}},"response":[]},{"name":"http://vc2cmmkb269021n.fmrco.com:20010/send/v2/executeMultiple?app=ADVRPTNG","id":"f07cd694-d4d3-809c-958e-553e57983f9c","request":{"auth":{"type":"ntlm","ntlm":[{"key":"password","value":"Ramsai@09","type":"string"},{"key":"username","value":"a485047","type":"string"}]},"method":"POST","header":[{"key":"Content-Type","value":"application/json"},{"key":"Accept","value":"application/json"}],"body":{"mode":"raw","raw":""},"url":{"raw":"http://vc2cmmkb269021n.fmrco.com:20010/send/v2/executeMultiple?app=ADVRPTNG","protocol":"http","host":["vc2cmmkb269021n","fmrco","com"],"port":"20010","path":["send","v2","executeMultiple"],"query":[{"key":"app","value":"ADVRPTNG"}]}},"response":[]},{"name":"CP-Notification-SIT","id":"1295fcf2-49e5-423d-8c69-4f8ca5dc14d0","request":{"auth":{"type":"ntlm","ntlm":[{"key":"password","value":"SaiQ2@018","type":"string"},{"key":"username","value":"a485047","type":"string"}]},"method":"POST","header":[{"key":"Content-Type","value":"application/json"}],"body":{"mode":"raw","raw":""},"url":{"raw":"http://localhost:8080/send-services/executeMultiple?app=CP-SEND2-ADOPTION-CRAWORKSPACE","protocol":"http","host":["localhost"],"port":"8080","path":["send-services","executeMultiple"],"query":[{"key":"app","value":"CP-SEND2-ADOPTION-CRAWORKSPACE"}]}},"response":[]}]}