{"info":{"_postman_id":"02362b3e-f3a5-4983-9100-86404690f9a2","name":"EWSMobileProxy","schema":"https://schema.getpostman.com/json/collection/v2.1.0/collection.json"},"item":[{"name":"Tradesummary","id":"01bcca41-2ad8-451e-841b-1c66e6fb1c08","protocolProfileBehavior":{"disableBodyPruning":true},"request":{"method":"GET","header":[{"key":"x-fimt-authentication","value":" Bearer bkAGEjc4JM658PHxFp2cbQdEHiOtxJRcGTVyxh4HSworVfAA8KEn0X","type":"text"},{"key":"Authorization","value":"Bearer tv2TL6QYbaEUyvRmw6ApB86eyUaUupWvjg0df3zUwwyguoiIT8k7UQ","type":"text","disabled":true}],"url":{"raw":"https://7lvwn4zxl5.execute-api.us-east-1.amazonaws.com/v1/daily-trade-summaries-service-dev","protocol":"https","host":["7lvwn4zxl5","execute-api","us-east-1","amazonaws","com"],"path":["v1","daily-trade-summaries-service-dev"]}},"response":[]}]}