{"info":{"_postman_id":"04932aa6-d90e-eff5-e599-31b9ed02cedd","name":"ReportingService-Iquery","schema":"https://schema.getpostman.com/json/collection/v2.1.0/collection.json"},"item":[{"name":"http://iquery.fmrco.com/appfdqssvc/services/QueryExecution?name=GetReport&RPT_INST_ID=108714353&corpid=A485047","id":"bc12b7d5-f264-be0e-5237-9bd3282a955d","request":{"method":"POST","header":[],"body":{"mode":"formdata","formdata":[]},"url":{"raw":"http://iquery.fmrco.com/appfdqssvc/services/QueryExecution?name=GetReport&RPT_INST_ID=108714353&corpid=A485047","protocol":"http","host":["iquery","fmrco","com"],"path":["appfdqssvc","services","QueryExecution"],"query":[{"key":"name","value":"GetReport"},{"key":"RPT_INST_ID","value":"108714353"},{"key":"corpid","value":"A485047"}]}},"response":[]},{"name":"http://iquery.fmrco.com/appfdqssvc/services/QueryExecution?name=GetReportMetaData&Provider=FMRQUANTRESEARCH","id":"e1ea0135-eb48-8be4-ddb8-a02e97f5773b","request":{"method":"GET","header":[],"body":{"mode":"formdata","formdata":[]},"url":{"raw":"http://iquery.fmrco.com/appfdqssvc/services/QueryExecution?name=GetReportMetaData&Provider=FMRQUANTRESEARCH","protocol":"http","host":["iquery","fmrco","com"],"path":["appfdqssvc","services","QueryExecution"],"query":[{"key":"name","value":"GetReportMetaData"},{"key":"Provider","value":"FMRQUANTRESEARCH"}]}},"response":[]},{"name":"Iquery-Call","id":"6102a39e-298d-4c92-94d2-1c2f15011ae6","protocolProfileBehavior":{"disableBodyPruning":true},"request":{"method":"GET","header":[{"key":"Authorization","value":"Bearer 952qpmAHH1JrBInoDFwOX6A2212dC1i7ivKTM4JlDPZypEvalayEdQ","type":"text"}],"url":{"raw":"https://aswsfl41prd.fmrco.com:14003/appfdqssvc//services/QueryExecution?tokenLabel=fund_sname&ToFile=false&corpId=A010787&endDate=NULL&format=XML&reportProvider=NULL&pageName=PORTFOLIO&reportType=NULL&name=GetTree&reportFrequency=NULL&category=NULL&tokenValue=MULTIFUND&reportSource=EQTPORT&startDate=NULL","protocol":"https","host":["aswsfl41prd","fmrco","com"],"port":"14003","path":["appfdqssvc","","services","QueryExecution"],"query":[{"key":"tokenLabel","value":"fund_sname"},{"key":"ToFile","value":"false"},{"key":"corpId","value":"A010787"},{"key":"endDate","value":"NULL"},{"key":"format","value":"XML"},{"key":"reportProvider","value":"NULL"},{"key":"pageName","value":"PORTFOLIO"},{"key":"reportType","value":"NULL"},{"key":"name","value":"GetTree"},{"key":"reportFrequency","value":"NULL"},{"key":"category","value":"NULL"},{"key":"tokenValue","value":"MULTIFUND"},{"key":"reportSource","value":"EQTPORT"},{"key":"startDate","value":"NULL"},{"key":"","value":"","type":"text","disabled":true}]}},"response":[]}]}