{"info":{"_postman_id":"05e67910-3fed-4700-ba3a-7a00246e4fdf","name":"SSO","schema":"https://schema.getpostman.com/json/collection/v2.1.0/collection.json"},"item":[{"name":"nonprod-tokenKerberos","id":"db0c0581-6e79-4d5f-b679-919c7f7bd141","protocolProfileBehavior":{"disableBodyPruning":true},"request":{"method":"POST","header":[{"key":"Content-Type","value":"application/x-www-form-urlencoded"}],"body":{"mode":"urlencoded","urlencoded":[{"key":"client_id","value":"f911e978-87e1-4745-a77a-fee94bc85a12","type":"text"},{"key":"client_secret","value":"3151fa8a-1262-47e3-8665-860ba7af8558","type":"text"}]},"url":{"raw":"https://fimt-oauth-kerb-nonprod.fmrco.com/as/tokenKerberos​​","protocol":"https","host":["fimt-oauth-kerb-nonprod","fmrco","com"],"path":["as","tokenKerberos​​"]}},"response":[]},{"name":"prod-tokenKerberos","id":"e280c061-11bf-441b-8f2f-e02eeaf45f71","protocolProfileBehavior":{"disableBodyPruning":true},"request":{"method":"POST","header":[{"key":"Content-Type","value":"application/x-www-form-urlencoded"}],"body":{"mode":"urlencoded","urlencoded":[{"key":"client_id","value":"f911e978-87e1-4745-a77a-fee94bc85a12","type":"text"},{"key":"client_secret","value":"3151fa8a-1262-47e3-8665-860ba7af8558","type":"text"}]},"url":{"raw":"https://fimt-oauth-kerb.fmrco.com/as/tokenKerberos","protocol":"https","host":["fimt-oauth-kerb","fmrco","com"],"path":["as","tokenKerberos"]}},"response":[]},{"name":"sso_owner","id":"c8168ff3-371d-4989-8d5e-91a4307f1317","protocolProfileBehavior":{"disableBodyPruning":true},"request":{"method":"POST","header":[{"key":"Content-Type","value":"application/x-www-form-urlencoded"}],"body":{"mode":"urlencoded","urlencoded":[{"key":"client_id","value":"f911e978-87e1-4745-a77a-fee94bc85a12","type":"text"},{"key":"client_secret","value":"3151fa8a-1262-47e3-8665-860ba7af8558","type":"text"},{"key":"grant_type","value":"password","type":"text"},{"key":"username","value":"a507246","type":"text"},{"key":"password","value":"?????","type":"text"}]},"url":{"raw":"https://fimt-oauth-nonprod.fmrco.com/as/resourceOwner​","protocol":"https","host":["fimt-oauth-nonprod","fmrco","com"],"path":["as","resourceOwner​"]}},"response":[]},{"name":"sso_owner_enterprise","id":"034d6e92-4eed-46bf-a670-de77de55998a","protocolProfileBehavior":{"disableBodyPruning":true},"request":{"method":"POST","header":[{"key":"Content-Type","value":"application/x-www-form-urlencoded"}],"body":{"mode":"urlencoded","urlencoded":[{"key":"client_id","value":"f911e978-87e1-4745-a77a-fee94bc85a12","type":"text"},{"key":"client_secret","value":"3151fa8a-1262-47e3-8665-860ba7af8558","type":"text"},{"key":"grant_type","value":"password","type":"text"},{"key":"password","value":"??????","type":"text"},{"key":"username","value":"srvap105622bld","type":"text"}]},"url":{"raw":"https://fimt-oauth-nonprod.fmrco.com/enterprise/as/resourceOwner​​","protocol":"https","host":["fimt-oauth-nonprod","fmrco","com"],"path":["enterprise","as","resourceOwner​​"]}},"response":[]}]}