{"info":{"_postman_id":"07cc7a7f-c647-456e-b7eb-0a15ec0f48b8","name":"AWS","schema":"https://schema.getpostman.com/json/collection/v2.1.0/collection.json"},"item":[{"name":" https://0htp7cg7yc.execute-api.us-east-1.amazonaws.com/v1/CertificateSvc","id":"947e5c83-4f43-4d4d-86f6-51453be8ebf4","protocolProfileBehavior":{"disableBodyPruning":true},"request":{"method":"GET","header":[{"key":"username","value":"a485047","type":"text"},{"key":"password","value":"Jaisai@121","type":"text"},{"key":"x-fimt-authentication","value":"Bearer tLyjxJcStXyp4aC4rjBeiWC3BPyRBfh7Zau8Db45DcV1iWuL5N9Xih","type":"text","disabled":true},{"key":"Accept","value":"application/octet-stream","type":"text"}],"url":{"raw":"https://mobileatlas-mrp-dit-us-east-1.apigw.aws.fmrco.com/CertificateSvc","protocol":"https","host":["mobileatlas-mrp-dit-us-east-1","apigw","aws","fmrco","com"],"path":["CertificateSvc"]}},"response":[]}]}