{"info":{"_postman_id":"132658fa-6ee5-4244-bc76-e2dc18b75e07","name":"TableauRestApi copy","schema":"https://schema.getpostman.com/json/collection/v2.1.0/collection.json"},"item":[{"name":"Sites","id":"c71fe9d5-5b10-4383-9f65-907074614300","protocolProfileBehavior":{"disableBodyPruning":true},"request":{"method":"GET","header":[{"key":"X-Tableau-Auth","value":"zykFg3YnTQi8_rfkNp8EdQ|otRm4dM8pnAXc83XzDt6PCf40bvvLR1Z"},{"key":"Accept","value":"application/xml"}],"url":{"raw":"https://fimt-tableau-qa.fmrco.com/api/2.7/sites","protocol":"https","host":["fimt-tableau-qa","fmrco","com"],"path":["api","2.7","sites"]}},"response":[]},{"name":"switchSite","id":"0dbd209a-d58a-494a-b1ef-26fa509ef30d","protocolProfileBehavior":{"disableBodyPruning":true},"request":{"method":"POST","header":[{"key":"X-Tableau-Auth","value":"L9q9vfeuTQypJB5EAHSCvQ|GgHHhr63u7L2W1lrR4Zyc2roz8LJ7Vzu"},{"key":"Content-Type","value":"application/json"}],"body":{"mode":"raw","raw":"{\"site\":{\"contentUrl\":\"EFGHAnalytics\"}}"},"url":{"raw":"https://fimt-tableau.fmrco.com/api/2.8/auth/switchSite","protocol":"https","host":["fimt-tableau","fmrco","com"],"path":["api","2.8","auth","switchSite"]}},"response":[]},{"name":"signin","id":"cb3c3a2c-0e44-4861-ae47-3a06e318675d","protocolProfileBehavior":{"disableBodyPruning":true},"request":{"auth":{"type":"noauth"},"method":"POST","header":[{"key":"Content-Type","value":"application/json"},{"key":"Accept","value":"application/json"}],"body":{"mode":"raw","raw":"{ \"credentials\":{\"name\": \"a485047\",\"password\": \"SaiQ2@018\",\"site\":{\"contentUrl\":\"EFGHAnalytics\"}}}"},"url":{"raw":"https://fimt-tableau-qa.fmrco.com/api/2.8/auth/signin","protocol":"https","host":["fimt-tableau-qa","fmrco","com"],"path":["api","2.8","auth","signin"]}},"response":[]},{"name":"projects","id":"1deac2da-6b08-416e-97ff-802b40d70a36","protocolProfileBehavior":{"disableBodyPruning":true},"request":{"method":"GET","header":[{"key":"X-Tableau-Auth","value":"NZU2bt9mT2yTbDUYgBxU7A|H316z54tRRV9ZngcPu6HI58Is3k7eAMa"}],"url":{"raw":"https://fimt-tableau-qa.fmrco.com/api/2.6/sites/a24e969b-ae05-4039-918a-d4b6138da557/projects","protocol":"https","host":["fimt-tableau-qa","fmrco","com"],"path":["api","2.6","sites","a24e969b-ae05-4039-918a-d4b6138da557","projects"]}},"response":[]},{"name":"workbooks","id":"f62b884c-6b7d-40ae-8d75-352736b63bca","protocolProfileBehavior":{"disableBodyPruning":true},"request":{"method":"GET","header":[{"key":"X-Tableau-Auth","value":"CDZ4njp_QKGCvJQ-nVDLkQ|gKU2QK2qbrd76Fx8TpyfkGpkOh0YcxzP"},{"key":"Accept","value":"application/json"}],"url":{"raw":"http://vc2cmmka317878n.fmrco.com:20010/advisortableausvc/v1/advrptng-tableau-services/sites/5b69a808-290c-44ca-9be8-ffa8eecbc3e7/workbook/a84ae079-028e-494e-9730-a2926a8dccb9","protocol":"http","host":["vc2cmmka317878n","fmrco","com"],"port":"20010","path":["advisortableausvc","v1","advrptng-tableau-services","sites","5b69a808-290c-44ca-9be8-ffa8eecbc3e7","workbook","a84ae079-028e-494e-9730-a2926a8dccb9"]}},"response":[]},{"name":"workbooks-ByName","id":"f16c2ee7-56ee-43f0-bef4-8b9a12ac4514","protocolProfileBehavior":{"disableBodyPruning":true},"request":{"method":"GET","header":[{"key":"X-Tableau-Auth","value":"U02OjnWjRV2KYvKDoMoiRA|NhwSxPbHrbu0WnrjLBfs8JqCxIcs8qaA"}],"url":{"raw":"https://fimt-tableau-qa.fmrco.com/api/2.6/sites/5b69a808-290c-44ca-9be8-ffa8eecbc3e7/projects","protocol":"https","host":["fimt-tableau-qa","fmrco","com"],"path":["api","2.6","sites","5b69a808-290c-44ca-9be8-ffa8eecbc3e7","projects"]}},"response":[]},{"name":"Views","id":"82ed116f-2102-4b01-b0c9-b5b12b20b1a9","protocolProfileBehavior":{"disableBodyPruning":true},"request":{"method":"GET","header":[{"key":"X-Tableau-Auth","value":"4lD6iaL9RFiVXCJHwWgFmQ|Tx3nzFf8VCriZQCO2WAEq2ZtjEMVjC9H"},{"key":"Accept","value":"application/json"}],"url":{"raw":"https://fimt-tableau-qa.fmrco.com/api/2.6/sites/5b69a808-290c-44ca-9be8-ffa8eecbc3e7/workbooks/22d3c72d-b43e-428c-acce-3697153a99bc/views?includeUsageStatistics=true","protocol":"https","host":["fimt-tableau-qa","fmrco","com"],"path":["api","2.6","sites","5b69a808-290c-44ca-9be8-ffa8eecbc3e7","workbooks","22d3c72d-b43e-428c-acce-3697153a99bc","views"],"query":[{"key":"includeUsageStatistics","value":"true"}]}},"response":[]},{"name":"ViewsImage","id":"73260bc5-3a5c-49d5-b06c-395d9a244907","protocolProfileBehavior":{"disableBodyPruning":true},"request":{"method":"GET","header":[{"key":"X-Tableau-Auth","value":"_ZebpcTARHqsaFnn2CxBOg|NmPyY6f4YMEyw2l5JzmbAj1j23lthhXn"}],"url":{"raw":"https://fimt-tableau-qa.fmrco.com/api/2.6/sites/5b69a808-290c-44ca-9be8-ffa8eecbc3e7/workbooks","protocol":"https","host":["fimt-tableau-qa","fmrco","com"],"path":["api","2.6","sites","5b69a808-290c-44ca-9be8-ffa8eecbc3e7","workbooks"]}},"response":[]},{"name":"previewImage","id":"2a435eae-6abb-4b08-ba4d-e61871213ad3","protocolProfileBehavior":{"disableBodyPruning":true},"request":{"method":"GET","header":[{"key":"X-Tableau-Auth","value":"lSCacjXvSji8690K83RbrQ|rIa1MMLg97UQxo3b4q0Y1raZpMcoRGfL"},{"key":"Accept","value":"image/png","disabled":true}],"url":{"raw":"https://fimt-tableau.fmrco.com/api/2.6/sites/5b69a808-290c-44ca-9be8-ffa8eecbc3e7/workbooks/cc808b58-32cd-4eec-8496-6b7f7dfcfffa/previewImage","protocol":"https","host":["fimt-tableau","fmrco","com"],"path":["api","2.6","sites","5b69a808-290c-44ca-9be8-ffa8eecbc3e7","workbooks","cc808b58-32cd-4eec-8496-6b7f7dfcfffa","previewImage"]}},"response":[]},{"name":"previewImage copy","id":"211af423-fc08-49fd-a50e-33ad0c79fa5d","protocolProfileBehavior":{"disableBodyPruning":true},"request":{"method":"GET","header":[{"key":"X-Tableau-Auth","value":"lSCacjXvSji8690K83RbrQ|rIa1MMLg97UQxo3b4q0Y1raZpMcoRGfL"},{"key":"Accept","value":"image/png","disabled":true}],"url":{"raw":"https://fimt-tableau.fmrco.com/api/2.6/sites/5b69a808-290c-44ca-9be8-ffa8eecbc3e7/workbooks/cc808b58-32cd-4eec-8496-6b7f7dfcfffa/views","protocol":"https","host":["fimt-tableau","fmrco","com"],"path":["api","2.6","sites","5b69a808-290c-44ca-9be8-ffa8eecbc3e7","workbooks","cc808b58-32cd-4eec-8496-6b7f7dfcfffa","views"]}},"response":[]},{"name":"PreviewImage","id":"a7a7ef8c-d592-4841-af97-38f36ed057e3","protocolProfileBehavior":{"disableBodyPruning":true},"request":{"auth":{"type":"ntlm","ntlm":[{"key":"password","value":"Jaisairam@09","type":"string"},{"key":"username","value":"a485047","type":"string"}]},"method":"POST","header":[{"key":"Content-Type","value":"application/json"}],"body":{"mode":"raw","raw":"{\"url\":\"https://fimt-tableau.fmrco.com/api/2.6/sites/a24e969b-ae05-4039-918a-d4b6138da557/workbooks/48a9929b-82e3-470c-96c6-7267e2a4f2ff/previewImage\",\"token\":\"zcocVbZ2QqKG-vUbv8ya9g|xPHP7gPt4CEAOyfQZmtqWLYmXHsPWy7d\"}"},"url":{"raw":"https://vc2cmmka317159n.fmrco.com:20013/advisortableausvc/v1/previewImage","protocol":"https","host":["vc2cmmka317159n","fmrco","com"],"port":"20013","path":["advisortableausvc","v1","previewImage"]}},"response":[]},{"name":"Tableau-PreiviewImage","id":"ebc624aa-f5e1-4064-9086-7ca62497a526","protocolProfileBehavior":{"disableBodyPruning":true},"request":{"method":"GET","header":[{"key":"X-Tableau-Auth","value":"4G-dYCVcR6OxmZnVPyt-hg|lQTPMVF8fzieFJ31ln3MUSjAJZAZW4RG"},{"key":"Accept","value":"image/gif"}],"url":{"raw":"https://fimt-tableau.fmrco.com/api/2.6/sites/5b69a808-290c-44ca-9be8-ffa8eecbc3e7/workbooks/cc808b58-32cd-4eec-8496-6b7f7dfcfffa/previewImage","protocol":"https","host":["fimt-tableau","fmrco","com"],"path":["api","2.6","sites","5b69a808-290c-44ca-9be8-ffa8eecbc3e7","workbooks","cc808b58-32cd-4eec-8496-6b7f7dfcfffa","previewImage"]}},"response":[]},{"name":"Views","id":"deaa811e-c9a9-4ae0-82cf-952acc86132c","protocolProfileBehavior":{"disableBodyPruning":true},"request":{"method":"GET","header":[{"key":"X-Tableau-Auth","value":"4lD6iaL9RFiVXCJHwWgFmQ|Tx3nzFf8VCriZQCO2WAEq2ZtjEMVjC9H"}],"url":{"raw":"https://fimt-tableau-qa.fmrco.com/api/2.6/sites/5b69a808-290c-44ca-9be8-ffa8eecbc3e7/workbooks/22d3c72d-b43e-428c-acce-3697153a99bc?includeUsageStatistics=true","protocol":"https","host":["fimt-tableau-qa","fmrco","com"],"path":["api","2.6","sites","5b69a808-290c-44ca-9be8-ffa8eecbc3e7","workbooks","22d3c72d-b43e-428c-acce-3697153a99bc"],"query":[{"key":"includeUsageStatistics","value":"true"}]}},"response":[]},{"name":"Tableau-Wrapper-SignIn","id":"158d3fe6-97e1-4ea2-b585-98a7874f5024","protocolProfileBehavior":{"disableBodyPruning":true},"request":{"method":"POST","header":[{"key":"Content-Type","value":"application/json"},{"key":"Accept","value":"application/json"}],"body":{"mode":"raw","raw":"{\r\n                \r\n                    \"credentials\": {\r\n                      \"name\":\"a485047\"\r\n                    }\r\n                      \r\n                  \r\n             }"},"url":{"raw":"http://localhost:8080/advrptng-tableau-services/signIn","protocol":"http","host":["localhost"],"port":"8080","path":["advrptng-tableau-services","signIn"]}},"response":[]},{"name":"signin","id":"4bb650f9-125a-47fe-8a62-6ee128888c11","protocolProfileBehavior":{"disableBodyPruning":true},"request":{"auth":{"type":"ntlm","ntlm":[{"key":"password","value":"Babasai@09","type":"string"},{"key":"username","value":"a485047","type":"string"}]},"method":"POST","header":[{"key":"Content-Type","value":"application/json"},{"key":"Accept","value":"application/json"}],"body":{"mode":"raw","raw":"{\r\n                \r\n                    \"credentials\": {\r\n                      \"name\":\"a485047\"\r\n                    \r\n                    }\r\n                  \r\n             }"},"url":{"raw":"https://aswsfl44prd.fmrco.com:14193/advisortableausvc/v1//signIn","protocol":"https","host":["aswsfl44prd","fmrco","com"],"port":"14193","path":["advisortableausvc","v1","","signIn"]}},"response":[]},{"name":"http://localhost:8080/advrptng-tableau-services/switchSite","id":"e5d94f5a-924b-48c1-8a1e-e4ab6b419880","protocolProfileBehavior":{"disableBodyPruning":true},"request":{"method":"POST","header":[{"key":"Content-Type","value":"application/json"},{"key":"X-Tableau-Auth","value":"oi7fbpBbS8-GqAWDU7ExPQ|dJjkce3itcWQBRSPFUjpNsTkbLbOlpZC"}],"body":{"mode":"raw","raw":"{\"site\":{\"contentUrl\":\"EFGHAnalytics\"}}"},"url":{"raw":"http://localhost:8080/advrptng-tableau-services/switchSite","protocol":"http","host":["localhost"],"port":"8080","path":["advrptng-tableau-services","switchSite"]}},"response":[]},{"name":"http://localhost:8080/advrptng-tableau-services/sites","id":"d855e89e-6997-4ada-be22-47ea65fdc509","protocolProfileBehavior":{"disableBodyPruning":true},"request":{"method":"GET","header":[{"key":"X-Tableau-Auth","value":"L9q9vfeuTQypJB5EAHSCvQ|GgHHhr63u7L2W1lrR4Zyc2roz8LJ7Vzu"}],"url":{"raw":"http://localhost:8080/advrptng-tableau-services/sites","protocol":"http","host":["localhost"],"port":"8080","path":["advrptng-tableau-services","sites"]}},"response":[]},{"name":"http://vc2cmmka317878n.fmrco.com:20010/advisortableausvc/v1/sites/a24e969b-ae05-4039-918a-d4b6138da557/workbooks/28253623-ca8b-4961-8c86-5a9c9b41d9be","id":"e70a8b7e-43a1-43b6-ae05-f81ffb033e49","protocolProfileBehavior":{"disableBodyPruning":true},"request":{"method":"GET","header":[{"key":"X-Tableau-Auth","value":"CDZ4njp_QKGCvJQ-nVDLkQ|gKU2QK2qbrd76Fx8TpyfkGpkOh0YcxzP"}],"url":{"raw":"http://vc2cmmka317878n.fmrco.com:20010/advisortableausvc/v1/sites/a24e969b-ae05-4039-918a-d4b6138da557/workbooks/28253623-ca8b-4961-8c86-5a9c9b41d9be","protocol":"http","host":["vc2cmmka317878n","fmrco","com"],"port":"20010","path":["advisortableausvc","v1","sites","a24e969b-ae05-4039-918a-d4b6138da557","workbooks","28253623-ca8b-4961-8c86-5a9c9b41d9be"]}},"response":[]},{"name":"https://aswsfl54prd.fmrco.com:14193/advisortableausvc/v1/signIn","id":"22cb0798-ec4b-4376-84b1-7b99b41bdaee","protocolProfileBehavior":{"disableBodyPruning":true},"request":{"method":"POST","header":[{"key":"Content-Type","value":"application/json"},{"key":"Accept","value":"application/json"},{"key":"X-Tableau-Auth","value":"L9q9vfeuTQypJB5EAHSCvQ|GgHHhr63u7L2W1lrR4Zyc2roz8LJ7Vzu"}],"body":{"mode":"raw","raw":"{\r\n                \r\n                    \"credentials\": {\r\n                      \"name\":\"a485047\"\r\n                    }\r\n                      \r\n                  \r\n             }"},"url":{"raw":"https://aswsfl44prd.fmrco.com:14193/advisortableausvc/v1/signIn","protocol":"https","host":["aswsfl44prd","fmrco","com"],"port":"14193","path":["advisortableausvc","v1","signIn"]}},"response":[]}]}