{"info":{"_postman_id":"141e91c3-cad2-0cc4-c417-65d512733608","name":"Counter Party- CRA CreditNotes","schema":"https://schema.getpostman.com/json/collection/v2.1.0/collection.json"},"item":[{"name":"http://asappl13dev.fmrco.com:31900/cp-creditnotes-ws/rest/counterpartyNotes","id":"f8572f43-7e18-adf2-ef1a-ca07a3bad844","request":{"method":"GET","header":[],"body":{"mode":"formdata","formdata":[]},"url":{"raw":"http://asappl13prd.fmrco.com:31900/cp-creditnotes-ws/rest/counterpartyNotes","protocol":"http","host":["asappl13prd","fmrco","com"],"port":"31900","path":["cp-creditnotes-ws","rest","counterpartyNotes"]}},"response":[]},{"name":"https://vc2cmmkb158991n.fmrco.com:20013/searchsvc/v1/search ","id":"15fcced6-a5c4-2738-79b7-1a335befba19","request":{"method":"POST","header":[{"key":"Content-Type","value":"application/json"},{"key":"Accept","value":"application/json"},{"key":"OAM_REMOTE_USER","value":"a485047"}],"body":{"mode":"raw","raw":"{ \"searchByRequests\":[{\"searchType\": \"ISSUER\",  \"searchBy\": \"BEFMRID\",  \"searchValue\": \"01A99J\",  \"orphanFlag\": \"Y\"}],\"searchOperator\":[], \"startCount\":0, \"maxResults\":100, \"sortField\":\"BEFMRID\", \"sortOrder\":\"\"} "},"url":{"raw":"https://vc2cmmkb158991n.fmrco.com:20013/searchsvc/v1/search ","protocol":"https","host":["vc2cmmkb158991n","fmrco","com"],"port":"20013","path":["searchsvc","v1","search "]}},"response":[]},{"name":"https://vc2cmmka157168n.fmrco.com:20013/ratingsvc/v1/creditnotes?entitytype=FMR_CUSIP&entityvalue=01A99J&maxyears=3 ","id":"29108108-60f1-69a3-7282-cc223f8b0df2","request":{"method":"GET","header":[{"key":"OAM_REMOTE_USER","value":"A485047"},{"key":"Accept","value":"application/json"}],"body":{"mode":"formdata","formdata":[{"key":"","value":"","type":"text"}]},"url":{"raw":"https://vc2cmmka157168n.fmrco.com:20013/ratingsvc/v1/creditnotes?entitytype=FMR_CUSIP&entityvalue=01A99J&maxyears=3 ","protocol":"https","host":["vc2cmmka157168n","fmrco","com"],"port":"20013","path":["ratingsvc","v1","creditnotes"],"query":[{"key":"entitytype","value":"FMR_CUSIP"},{"key":"entityvalue","value":"01A99J"},{"key":"maxyears","value":"3 "}]}},"response":[]}]}