{"info":{"_postman_id":"21f70278-8422-4393-dcf3-8ec6e6c34d4c","name":"TableauRestApi","schema":"https://schema.getpostman.com/json/collection/v2.1.0/collection.json"},"item":[{"name":"workbooks-ByName","id":"b57a4ede-155f-45cd-bac3-7373bc8d9f41","request":{"method":"GET","header":[{"key":"X-Tableau-Auth","value":"U02OjnWjRV2KYvKDoMoiRA|NhwSxPbHrbu0WnrjLBfs8JqCxIcs8qaA"}],"body":{"mode":"formdata","formdata":[]},"url":{"raw":"https://fimt-tableau-qa.fmrco.com/api/2.6/sites/5b69a808-290c-44ca-9be8-ffa8eecbc3e7/projects","protocol":"https","host":["fimt-tableau-qa","fmrco","com"],"path":["api","2.6","sites","5b69a808-290c-44ca-9be8-ffa8eecbc3e7","projects"]}},"response":[]},{"name":"Views","id":"ac54762b-ff68-4e76-94c2-e7f8f5d4fa3d","request":{"method":"GET","header":[{"key":"X-Tableau-Auth","value":"4lD6iaL9RFiVXCJHwWgFmQ|Tx3nzFf8VCriZQCO2WAEq2ZtjEMVjC9H"}],"body":{"mode":"formdata","formdata":[]},"url":{"raw":"https://fimt-tableau-qa.fmrco.com/api/2.6/sites/5b69a808-290c-44ca-9be8-ffa8eecbc3e7/workbooks/22d3c72d-b43e-428c-acce-3697153a99bc?includeUsageStatistics=true","protocol":"https","host":["fimt-tableau-qa","fmrco","com"],"path":["api","2.6","sites","5b69a808-290c-44ca-9be8-ffa8eecbc3e7","workbooks","22d3c72d-b43e-428c-acce-3697153a99bc"],"query":[{"key":"includeUsageStatistics","value":"true"}]}},"response":[]},{"name":"Tableau-Wrapper-SignIn","id":"5fe00f14-0ab8-4d6e-9fdb-965090cc197b","request":{"method":"POST","header":[{"key":"Content-Type","value":"application/json"},{"key":"Accept","value":"application/json"}],"body":{"mode":"raw","raw":"{\r\n                \r\n                    \"credentials\": {\r\n                      \"name\":\"a485047\"\r\n                    }\r\n                      \r\n                  \r\n             }"},"url":{"raw":"http://aswsfl54prd.fmrco.com:14190/advisortableausvc/v1/signIn","protocol":"http","host":["aswsfl54prd","fmrco","com"],"port":"14190","path":["advisortableausvc","v1","signIn"]}},"response":[]},{"name":"signin","id":"333fa01c-d6e1-4191-b865-7d078a0798ce","request":{"auth":{"type":"ntlm","ntlm":[{"key":"password","value":"Babasai@09","type":"string"},{"key":"username","value":"a485047","type":"string"}]},"method":"POST","header":[{"key":"Content-Type","value":"application/json"},{"key":"Accept","value":"application/json"}],"body":{"mode":"raw","raw":"{\r\n                \r\n                    \"credentials\": {\r\n                      \"name\":\"a485047\"\r\n                    \r\n                    }\r\n                  \r\n             }"},"url":{"raw":"http://vc2cmmka317159n.fmrco.com:20010/advisortableausvc/v1/signIn","protocol":"http","host":["vc2cmmka317159n","fmrco","com"],"port":"20010","path":["advisortableausvc","v1","signIn"]}},"response":[]},{"name":"Sites","id":"ae82b41e-5338-e679-4a77-a3046c1e5678","request":{"method":"GET","header":[{"key":"X-Tableau-Auth","value":"w0aSqYvQSgKTEejP1VQztQ|xIqwZ1jFrsmVa0jZBOLHHqW9WAtr4s3D"},{"key":"Accept","value":"application/xml"}],"body":{"mode":"formdata","formdata":[]},"url":{"raw":"https://fimt-tableau-qa.fmrco.com/api/2.7/sites","protocol":"https","host":["fimt-tableau-qa","fmrco","com"],"path":["api","2.7","sites"]}},"response":[]},{"name":"switchSite","id":"4ac3cc97-b8b9-3028-41f4-95c0257ace43","request":{"method":"POST","header":[{"key":"X-Tableau-Auth","value":"sQwa-omFR6yUfvMcKPDdqQ|VP5AD85Za5NPqmaPCEQRxVVIrhA5xPHH"},{"key":"Content-Type","value":"application/json"}],"body":{"mode":"raw","raw":"{\"site\":{\"contentUrl\":\"EFGHAnalytics\"}}"},"url":{"raw":"https://fimt-tableau-qa.fmrco.com/api/2.6/auth/switchSite","protocol":"https","host":["fimt-tableau-qa","fmrco","com"],"path":["api","2.6","auth","switchSite"]}},"response":[]},{"name":"signin","id":"0ba7919a-43ca-e806-b2b0-c22fa540d3b7","request":{"auth":{"type":"noauth"},"method":"POST","header":[{"key":"Content-Type","value":"application/json"},{"key":"Accept","value":"application/json"}],"body":{"mode":"raw","raw":"{ \"credentials\":{\"name\": \"a485047\",\"password\": \"SaiQ2@018\",\"site\":{\"contentUrl\":\"EFGHAnalytics\"}}}"},"url":{"raw":"https://fimt-tableau-qa.fmrco.com/api/2.8/auth/signin","protocol":"https","host":["fimt-tableau-qa","fmrco","com"],"path":["api","2.8","auth","signin"]}},"response":[]},{"name":"projects","id":"33dfc3d4-7646-341c-c469-933f9527ccaf","request":{"method":"GET","header":[{"key":"X-Tableau-Auth","value":"NZU2bt9mT2yTbDUYgBxU7A|H316z54tRRV9ZngcPu6HI58Is3k7eAMa"}],"body":{"mode":"formdata","formdata":[]},"url":{"raw":"https://fimt-tableau-qa.fmrco.com/api/2.6/sites/a24e969b-ae05-4039-918a-d4b6138da557/projects","protocol":"https","host":["fimt-tableau-qa","fmrco","com"],"path":["api","2.6","sites","a24e969b-ae05-4039-918a-d4b6138da557","projects"]}},"response":[]},{"name":"workbooks","id":"cb8ce978-7ffc-242f-517a-352408c8f631","request":{"method":"GET","header":[{"key":"X-Tableau-Auth","value":"lL3BgWvsTamnW-sRHUk0Rg|WeIwY8dd7lHQS36DxQWrVOOk4Tjtd1EG"}],"body":{"mode":"formdata","formdata":[]},"url":{"raw":"https://fimt-tableau.fmrco.com/api/2.6/sites/5b69a808-290c-44ca-9be8-ffa8eecbc3e7/workbooks/cc808b58-32cd-4eec-8496-6b7f7dfcfffa","protocol":"https","host":["fimt-tableau","fmrco","com"],"path":["api","2.6","sites","5b69a808-290c-44ca-9be8-ffa8eecbc3e7","workbooks","cc808b58-32cd-4eec-8496-6b7f7dfcfffa"]}},"response":[]},{"name":"previewImage","id":"064738de-d457-d88c-2146-d221e32f49ae","request":{"method":"GET","header":[{"key":"X-Tableau-Auth","value":"lSCacjXvSji8690K83RbrQ|rIa1MMLg97UQxo3b4q0Y1raZpMcoRGfL"},{"key":"Accept","value":"image/png","disabled":true}],"body":{"mode":"formdata","formdata":[]},"url":{"raw":"https://fimt-tableau.fmrco.com/api/2.6/sites/5b69a808-290c-44ca-9be8-ffa8eecbc3e7/workbooks/cc808b58-32cd-4eec-8496-6b7f7dfcfffa/previewImage","protocol":"https","host":["fimt-tableau","fmrco","com"],"path":["api","2.6","sites","5b69a808-290c-44ca-9be8-ffa8eecbc3e7","workbooks","cc808b58-32cd-4eec-8496-6b7f7dfcfffa","previewImage"]}},"response":[]},{"name":"PreviewImage","id":"3bdb00ce-c009-69fb-63b1-a3b89bf5cbf6","request":{"auth":{"type":"ntlm","ntlm":[{"key":"password","value":"Jaisairam@09","type":"string"},{"key":"username","value":"a485047","type":"string"}]},"method":"POST","header":[{"key":"Content-Type","value":"application/json"}],"body":{"mode":"raw","raw":"{\"url\":\"https://fimt-tableau.fmrco.com/api/2.6/sites/a24e969b-ae05-4039-918a-d4b6138da557/workbooks/48a9929b-82e3-470c-96c6-7267e2a4f2ff/previewImage\",\"token\":\"zcocVbZ2QqKG-vUbv8ya9g|xPHP7gPt4CEAOyfQZmtqWLYmXHsPWy7d\"}"},"url":{"raw":"https://vc2cmmka317159n.fmrco.com:20013/advisortableausvc/v1/previewImage","protocol":"https","host":["vc2cmmka317159n","fmrco","com"],"port":"20013","path":["advisortableausvc","v1","previewImage"]}},"response":[]},{"name":"Tableau-PreiviewImage","id":"775a5bd5-0d57-303d-2dc7-f5a4a75e60cb","request":{"method":"GET","header":[{"key":"X-Tableau-Auth","value":"4G-dYCVcR6OxmZnVPyt-hg|lQTPMVF8fzieFJ31ln3MUSjAJZAZW4RG"},{"key":"Accept","value":"image/gif"}],"body":{"mode":"formdata","formdata":[]},"url":{"raw":"https://fimt-tableau.fmrco.com/api/2.6/sites/5b69a808-290c-44ca-9be8-ffa8eecbc3e7/workbooks/cc808b58-32cd-4eec-8496-6b7f7dfcfffa/previewImage","protocol":"https","host":["fimt-tableau","fmrco","com"],"path":["api","2.6","sites","5b69a808-290c-44ca-9be8-ffa8eecbc3e7","workbooks","cc808b58-32cd-4eec-8496-6b7f7dfcfffa","previewImage"]}},"response":[]},{"name":"previewImage copy","id":"577244b6-cd3c-03c1-3834-4b06ca2ceb05","request":{"method":"GET","header":[{"key":"X-Tableau-Auth","value":"lSCacjXvSji8690K83RbrQ|rIa1MMLg97UQxo3b4q0Y1raZpMcoRGfL"},{"key":"Accept","value":"image/png","disabled":true}],"body":{"mode":"formdata","formdata":[]},"url":{"raw":"https://fimt-tableau.fmrco.com/api/2.6/sites/5b69a808-290c-44ca-9be8-ffa8eecbc3e7/workbooks/cc808b58-32cd-4eec-8496-6b7f7dfcfffa/views","protocol":"https","host":["fimt-tableau","fmrco","com"],"path":["api","2.6","sites","5b69a808-290c-44ca-9be8-ffa8eecbc3e7","workbooks","cc808b58-32cd-4eec-8496-6b7f7dfcfffa","views"]}},"response":[]},{"name":"Views","id":"cc0c1fbf-4e78-b6c0-4f31-f7b665e20a38","request":{"method":"GET","header":[{"key":"X-Tableau-Auth","value":"4lD6iaL9RFiVXCJHwWgFmQ|Tx3nzFf8VCriZQCO2WAEq2ZtjEMVjC9H"},{"key":"Accept","value":"application/json"}],"body":{"mode":"formdata","formdata":[]},"url":{"raw":"https://fimt-tableau-qa.fmrco.com/api/2.6/sites/5b69a808-290c-44ca-9be8-ffa8eecbc3e7/workbooks/22d3c72d-b43e-428c-acce-3697153a99bc/views?includeUsageStatistics=true","protocol":"https","host":["fimt-tableau-qa","fmrco","com"],"path":["api","2.6","sites","5b69a808-290c-44ca-9be8-ffa8eecbc3e7","workbooks","22d3c72d-b43e-428c-acce-3697153a99bc","views"],"query":[{"key":"includeUsageStatistics","value":"true"}]}},"response":[]},{"name":"ViewsImage","id":"206003d7-e8bd-8cb4-855f-8c34d8475147","request":{"method":"GET","header":[{"key":"X-Tableau-Auth","value":"_ZebpcTARHqsaFnn2CxBOg|NmPyY6f4YMEyw2l5JzmbAj1j23lthhXn"}],"body":{"mode":"formdata","formdata":[]},"url":{"raw":"https://fimt-tableau-qa.fmrco.com/api/2.6/sites/5b69a808-290c-44ca-9be8-ffa8eecbc3e7/workbooks","protocol":"https","host":["fimt-tableau-qa","fmrco","com"],"path":["api","2.6","sites","5b69a808-290c-44ca-9be8-ffa8eecbc3e7","workbooks"]}},"response":[]}]}