{"info":{"_postman_id":"293fb3ef-0ec1-4761-bbe2-e54a5ecdc2f8","name":"Report Subscription Service","schema":"https://schema.getpostman.com/json/collection/v2.1.0/collection.json"},"item":[{"name":"Get Preferences","id":"0c76a366-1c50-45db-a66c-96f101a9c430","protocolProfileBehavior":{"disableBodyPruning":true},"request":{"auth":{"type":"bearer","bearer":[{"key":"token","value":"{{OAUTH_TOKEN}}","type":"string"}]},"method":"GET","header":[],"url":{"raw":"https://rsub-dit-us-east-1.fmrco.com/rss/api/v1/preferences","protocol":"https","host":["rsub-dit-us-east-1","fmrco","com"],"path":["rss","api","v1","preferences"]}},"response":[]},{"name":"Health","id":"fffdf0a8-1c70-405f-8a2b-a73199e2d071","protocolProfileBehavior":{"disableBodyPruning":true},"request":{"method":"GET","header":[],"url":{"raw":"https://rsub-dit-us-east-1.fmrco.com/rss/actuator/health","protocol":"https","host":["rsub-dit-us-east-1","fmrco","com"],"path":["rss","actuator","health"]}},"response":[]},{"name":"Create Preference","id":"b1f982eb-914d-4107-befa-bfd3e812d64f","protocolProfileBehavior":{"disableBodyPruning":true},"request":{"auth":{"type":"bearer","bearer":[{"key":"token","value":"{{OAUTH_TOKEN}}","type":"string"}]},"method":"POST","header":[],"body":{"mode":"raw","raw":"{\r\n  \"name\": \"Pooja's Test preference \",\r\n  \"id\": \"\",\r\n  \"corpId\": \"a621380\",\r\n  \"dataSource\": \"TPS\",\r\n  \"keywords\": null,\r\n  \"reports\": [\r\n    {\r\n      \"nodeId\": \"10\",\r\n      \"nodeRelationshipIds\": [\r\n        \"5\",\r\n        \"6\",\r\n        \"7\",\r\n        \"8\"\r\n      ],\r\n      \"metadata\": [\r\n        {\r\n          \"name\": \"Fund\",\r\n          \"value\": \"CONTRA\",\r\n          \"displayName\": null,\r\n          \"dataType\": null\r\n        }\r\n      ]\r\n    }\r\n  ],\r\n  \"createdUser\": \"a654946\",\r\n  \"createdTimeUTC\": \"2021-09-23 17:43:05\",\r\n  \"lastModifiedUser\": \"a654946\",\r\n  \"lastModifiedTimeUTC\": \"2021-09-23 17:43:05\"\r\n}","options":{"raw":{"language":"json"}}},"url":{"raw":"https://rsub-dit-us-east-1.fmrco.com/rss/api/v1/preference","protocol":"https","host":["rsub-dit-us-east-1","fmrco","com"],"path":["rss","api","v1","preference"]}},"response":[]},{"name":"Add Alert","id":"798b29ad-eb19-41c3-b046-d1c282690d91","protocolProfileBehavior":{"disableBodyPruning":true},"request":{"method":"GET","header":[]},"response":[]}]}