{"info":{"_postman_id":"2df59bf3-3370-6df9-42c7-4cdf769ab91d","name":"MDCalFeed","schema":"https://schema.getpostman.com/json/collection/v2.1.0/collection.json"},"item":[{"name":"DEVCom","id":"190577c1-9e67-cbac-9bb5-f34efd5378bb","request":{"method":"POST","header":[],"body":{"mode":"raw","raw":"<?xml version=\"1.0\" encoding=\"UTF-8\"?>\r\n<REQUEST>\r\n\t<Aggregation Type=\"BATCH\">\r\n\t\t<Fund Name=\"SP100\" Benchmark=\"SP100\" /><Fund Name=\"IXIC\" Benchmark=\"IXIC\" /><Fund Name=\"RS2000\" Benchmark=\"RS2000\" /><Fund Name=\"SPMIDCAP\" Benchmark=\"SPMIDCAP\" /><Fund Name=\"SP500\" Benchmark=\"SP500\" />\r\n\t\t<Sort Order=\"DESCENDING\" Flag=\"\">RELIMPACT</Sort>\r\n\t\t<Filter>\r\n\t\t\t<TopN>1</TopN>\r\n\t\t\t<BottomN>1</BottomN>\r\n\t\t</Filter>\r\n       <Item Type=\"SECURITY\">\r\n\t\t\t\t\t<Property Name=\"DNE_FMR_TICKER\" />\r\n\t\t\t\t\t<Property Name=\"IMPACT\" />\r\n\t\t\t\t\t<Property Name=\"RELIMPACT\" />\r\n\t\t\t\t\t<Property Name=\"BENCHIMPACT\" />\r\n\t\t\t\t  \t<Property Name=\"DNE_CURRENCY\" />\r\n\t\t\t\t\t<Property Name=\"DNE_PCT_CHG\" />\r\n\t\t\t\t\t</Item>\r\n\t\t<GrpSum>\r\n\t\t\t<Name>IMPACT</Name>\r\n\t\t\t<Name>RELIMPACT</Name>\r\n\t\t</GrpSum>\r\n  \t<PriceOption>PrimaryExchange</PriceOption>\r\n  \t<FXRateOption>no</FXRateOption>\r\n\t</Aggregation>\r\n</REQUEST>\r\n"},"url":{"raw":"https://mdcalcfeed-qa.fmrco.com/mdcalc/mdcalc?AppId=feed","protocol":"https","host":["mdcalcfeed-qa","fmrco","com"],"path":["mdcalc","mdcalc"],"query":[{"key":"AppId","value":"feed"}]}},"response":[]},{"name":"DEVCom copy","id":"56cd8d5a-6c0c-c566-23a3-4fe0bbd00ac3","request":{"method":"POST","header":[],"body":{"mode":"raw","raw":"<?xml version=\"1.0\" encoding=\"UTF-8\"?>\r\n<REQUEST>\r\n\t<Aggregation Type=\"BATCH\">\r\n\t\t<Fund Name=\"SP100\" Benchmark=\"SP100\" /><Fund Name=\"IXIC\" Benchmark=\"IXIC\" /><Fund Name=\"RS2000\" Benchmark=\"RS2000\" /><Fund Name=\"SPMIDCAP\" Benchmark=\"SPMIDCAP\" /><Fund Name=\"SP500\" Benchmark=\"SP500\" />\r\n\t\t<Sort Order=\"DESCENDING\" Flag=\"\">RELIMPACT</Sort>\r\n\t\t<Filter>\r\n\t\t\t<TopN>1</TopN>\r\n\t\t\t<BottomN>1</BottomN>\r\n\t\t</Filter>\r\n       <Item Type=\"SECURITY\">\r\n\t\t\t\t\t<Property Name=\"DNE_FMR_TICKER\" />\r\n\t\t\t\t\t<Property Name=\"IMPACT\" />\r\n\t\t\t\t\t<Property Name=\"RELIMPACT\" />\r\n\t\t\t\t\t<Property Name=\"BENCHIMPACT\" />\r\n\t\t\t\t  \t<Property Name=\"DNE_CURRENCY\" />\r\n\t\t\t\t\t<Property Name=\"DNE_PCT_CHG\" />\r\n\t\t\t\t\t</Item>\r\n\t\t<GrpSum>\r\n\t\t\t<Name>IMPACT</Name>\r\n\t\t\t<Name>RELIMPACT</Name>\r\n\t\t</GrpSum>\r\n  \t<PriceOption>PrimaryExchange</PriceOption>\r\n  \t<FXRateOption>no</FXRateOption>\r\n\t</Aggregation>\r\n</REQUEST>\r\n"},"url":{"raw":"https://mdcalcfeed-prod.fmrco.com/mdcalc/mdcalc?AppId=feed","protocol":"https","host":["mdcalcfeed-prod","fmrco","com"],"path":["mdcalc","mdcalc"],"query":[{"key":"AppId","value":"feed"}]}},"response":[]}]}