{"info":{"_postman_id":"31ddad14-7fae-48d2-29f9-9f224201acb4","name":"Notification- ACM","schema":"https://schema.getpostman.com/json/collection/v2.1.0/collection.json"},"item":[{"name":"Notify","id":"6b97b31e-c3e6-6beb-dbae-ae972d31d2e7","request":{"method":"POST","header":[{"key":"Content-Type","value":"application/json"}],"body":{"mode":"raw","raw":""},"url":{"raw":"http://ASWSFL01DEV.fmrco.com:61350/contentmgmt/v1/notify","protocol":"http","host":["ASWSFL01DEV","fmrco","com"],"port":"61350","path":["contentmgmt","v1","notify"]}},"response":[]},{"name":"Notify-local","id":"b8b42ce9-b03d-703c-8576-0d20983e8fa4","request":{"method":"POST","header":[{"key":"Content-Type","value":"application/json"},{"key":"x-fimt-generic-hostname","value":"eqappl62devv.fmrco.com"},{"key":"x-fimt-generic-ip-address","value":"10.105.174.60"},{"key":"OAM_REMOTE_USER","value":"a265447"},{"key":"Accept","value":"application/json"}],"body":{"mode":"raw","raw":""},"url":{"raw":"http://vc2cmmka115419n.fmrco.com:20010/contentmgmt/v1/notify","protocol":"http","host":["vc2cmmka115419n","fmrco","com"],"port":"20010","path":["contentmgmt","v1","notify"]}},"response":[]},{"name":"Notify-local copy","id":"43cd5c8b-2c52-b28b-f440-a4754b16213d","request":{"method":"POST","header":[{"key":"Content-Type","value":"application/json"},{"key":"x-fimt-generic-hostname","value":"eqappl62devv.fmrco.com"},{"key":"x-fimt-generic-ip-address","value":"10.105.174.60"},{"key":"OAM_REMOTE_USER","value":"a573415"},{"key":"Accept","value":"application/json"}],"body":{"mode":"raw","raw":""},"url":{"raw":"https://vc2cmmka115419n.fmrco.com:20013/contentmgmt/v1/notify","protocol":"https","host":["vc2cmmka115419n","fmrco","com"],"port":"20013","path":["contentmgmt","v1","notify"]}},"response":[]},{"name":"UserSubscription","id":"e632832e-8376-0100-bd6b-b4d8ea04aaa4","request":{"method":"GET","header":[],"body":{"mode":"formdata","formdata":[]},"url":{"raw":"https://vc2cmmka082907n.fmrco.com:20013/contentmgmt/v1/subscriptions?location=BOS&schedule=SOD&adhocReportType=INTRADAY_PERF_SF,INTRADAY_PERF_MF","protocol":"https","host":["vc2cmmka082907n","fmrco","com"],"port":"20013","path":["contentmgmt","v1","subscriptions"],"query":[{"key":"location","value":"BOS"},{"key":"schedule","value":"SOD"},{"key":"adhocReportType","value":"INTRADAY_PERF_SF,INTRADAY_PERF_MF"}]}},"response":[]},{"name":"UserSubscription-SIT","id":"1e576a60-20fb-11d3-84b6-bcffac9d283a","request":{"method":"GET","header":[],"body":{"mode":"formdata","formdata":[]},"url":{"raw":"http://ASWSFL01PRD.fmrco.com:6135/contentmgmt/v1/subscriptions?location=BOS&schedule=SOD&adhocReportType=INTRADAY_PERF_SF;INTRADAY_PERF_MF","protocol":"http","host":["ASWSFL01PRD","fmrco","com"],"port":"6135","path":["contentmgmt","v1","subscriptions"],"query":[{"key":"location","value":"BOS"},{"key":"schedule","value":"SOD"},{"key":"adhocReportType","value":"INTRADAY_PERF_SF;INTRADAY_PERF_MF"}]}},"response":[]},{"name":"http://vc2cmmka082907n.fmrco.com:20010/contentmgmt/v1/notify","id":"ff81e39a-c44b-fd74-b41a-0131516ef143","request":{"method":"POST","header":[{"key":"Content-Type","value":"application/json"}],"body":{"mode":"raw","raw":""},"url":{"raw":"http://ASWSFL02DEV.fmrco.com:61350/contentmgmt/v1/notify","protocol":"http","host":["ASWSFL02DEV","fmrco","com"],"port":"61350","path":["contentmgmt","v1","notify"]}},"response":[]},{"name":"UserSubscription-Local","id":"4647099d-eecc-b904-42d2-f96addc62e28","request":{"auth":{"type":"ntlm","ntlm":[{"key":"password","value":"Ramsai@09","type":"string"},{"key":"username","value":"a485047","type":"string"}]},"method":"GET","header":[],"body":{"mode":"formdata","formdata":[]},"url":{"raw":"http://localhost:8080/contentmgmt-services/subscriptions?location=BOS&schedule=SOD&adhocReportType=INTRADAY_PERF_SF;INTRADAY_PERF_MF","protocol":"http","host":["localhost"],"port":"8080","path":["contentmgmt-services","subscriptions"],"query":[{"key":"location","value":"BOS"},{"key":"schedule","value":"SOD"},{"key":"adhocReportType","value":"INTRADAY_PERF_SF;INTRADAY_PERF_MF"}]}},"response":[]},{"name":"UserSubscription-Prod","id":"7660a0fa-b80e-a0df-d263-dd441708c9e1","request":{"method":"GET","header":[],"body":{"mode":"formdata","formdata":[]},"url":{"raw":"http://ASWSFL01PRD.fmrco.com:61350/contentmgmt/v1/subscriptions?location=HK&schedule=CLOSE_MARKET&adhocReportType=PERFORMANCE","protocol":"http","host":["ASWSFL01PRD","fmrco","com"],"port":"61350","path":["contentmgmt","v1","subscriptions"],"query":[{"key":"location","value":"HK"},{"key":"schedule","value":"CLOSE_MARKET"},{"key":"adhocReportType","value":"PERFORMANCE"}]}},"response":[]},{"name":"FundPages-prod","id":"f78499e0-49f4-a0cc-1ce3-c2e48e95f940","request":{"method":"GET","header":[],"body":{"mode":"formdata","formdata":[]},"url":{"raw":"http://ASWSFL01PRD.fmrco.com:61350/contentmgmt/v1/subscriptions?location=HK&schedule=CLOSE_MARKET&adhocReportType=PERFORMANCE","protocol":"http","host":["ASWSFL01PRD","fmrco","com"],"port":"61350","path":["contentmgmt","v1","subscriptions"],"query":[{"key":"location","value":"HK"},{"key":"schedule","value":"CLOSE_MARKET"},{"key":"adhocReportType","value":"PERFORMANCE"}]}},"response":[]}]}