{"info":{"_postman_id":"330354f0-d324-4cdf-bc2d-8ce7b092b1c8","name":"Price Target","schema":"https://schema.getpostman.com/json/collection/v2.1.0/collection.json"},"item":[{"name":"https://holdings-uat.fmrco.com/holdings/v1?","id":"c737c377-320e-420a-b6b7-a32ebf3403cc","protocolProfileBehavior":{"disableBodyPruning":true},"request":{"auth":{"type":"ntlm","ntlm":[{"key":"password","value":"Jaisai@09","type":"string"},{"key":"username","value":"a485047","type":"string"}]},"method":"GET","header":[],"url":{"raw":"https://holdings-uat.fmrco.com/holdings/v1?","protocol":"https","host":["holdings-uat","fmrco","com"],"path":["holdings","v1"],"query":[{"key":null,"value":null}]}},"response":[]},{"name":"https://holdings-uat.fmrco.com/holdings/v1?","id":"db72c4e7-80c8-4eb1-bf80-6e07b9ab28e8","protocolProfileBehavior":{"disableBodyPruning":true},"request":{"method":"GET","header":[],"url":{"raw":"https://holdings-uat.fmrco.com/holdings/v1?","protocol":"https","host":["holdings-uat","fmrco","com"],"path":["holdings","v1"],"query":[{"key":null,"value":null}]}},"response":[]},{"name":"https://composite-holdings-sit.fmrco.com:20013/composite-holdings/v1/?field-sets=sod-holdings;intraday-performance&securities-scope=FULL&aggregations=ALL&portfolio-ids=21","id":"ea2dcec6-6b6b-4594-b4f2-04fc4f0a0dc0","protocolProfileBehavior":{"disableBodyPruning":true},"request":{"method":"GET","header":[{"key":"Accept","value":"application/json","type":"text"},{"key":"Content-Type","value":"application/json","type":"text"},{"key":"x-fimt-generic","value":"yes","type":"text"},{"key":"x-fimt-generic-application-id","value":"EWS","type":"text"},{"key":"x-fimt-generic-module","value":"EWS_PORTF_TRADES_DRAFTORDERS","type":"text"},{"key":"x-fimt-generic-action","value":"GET_ORDERS,","type":"text"},{"key":"x-request-identity","value":"a485047","type":"text"},{"key":"x-request-identity-sender-name","value":"priceTarget","type":"text"},{"key":"x-fimt-generic-hostname=BOSL142754W10","value":"","type":"text"},{"key":"x-fimt-generic-ip-address=[10.104.246.62], Authorization=[Bearer Bearer 3XKe5rPIIpjAWx8r38RJeDdcROchWquKL7U5kAEe6PgyztWmeiRed8]}","value":"","type":"text"},{"key":"Accept=[application/json, application/json]","value":"","type":"text"},{"key":"Content-Type=[application/json]","value":"","type":"text"},{"key":"x-fimt-generic=[yes]","value":"","type":"text"},{"key":"x-fimt-generic-application-id=[EWS]","value":"","type":"text"}],"url":{"raw":"https://composite-holdings-sit.fmrco.com:20013/composite-holdings/v1/?field-sets=sod-holdings;intraday-performance&securities-scope=FULL&aggregations=ALL&portfolio-ids=21","protocol":"https","host":["composite-holdings-sit","fmrco","com"],"port":"20013","path":["composite-holdings","v1",""],"query":[{"key":"field-sets","value":"sod-holdings;intraday-performance"},{"key":"securities-scope","value":"FULL"},{"key":"aggregations","value":"ALL"},{"key":"portfolio-ids","value":"21"}]}},"response":[]}]}