{"info":{"_postman_id":"37a57aa8-0e48-ade7-1f5d-a0897d161501","name":"PPSProfile Service","schema":"https://schema.getpostman.com/json/collection/v2.1.0/collection.json"},"item":[{"name":"FundPages-ListOfFundPages","id":"88f5bed7-d85c-b957-3dc0-f68e733200f1","request":{"method":"GET","header":[],"body":{"mode":"formdata","formdata":[]},"url":{"raw":"https://vc2cmmka115419n.fmrco.com:20013/contentmgmt/v1/fundpages?corpID=a000168","protocol":"https","host":["vc2cmmka115419n","fmrco","com"],"port":"20013","path":["contentmgmt","v1","fundpages"],"query":[{"key":"corpID","value":"a000168"}]}},"response":[]},{"name":"http://localhost:8080/contentmgmt-services/fundpagedocuments?corpID=a000168&pageID=3","id":"507027a1-c3df-89c8-f16e-723c37f84d1f","request":{"method":"GET","header":[],"body":{"mode":"formdata","formdata":[]},"url":{"raw":"https://advrptngcontentmgmt-uat.fmrco.com/contentmgmt/v1/fundpagedocuments?corpID=a000168&pageID=3","protocol":"https","host":["advrptngcontentmgmt-uat","fmrco","com"],"path":["contentmgmt","v1","fundpagedocuments"],"query":[{"key":"corpID","value":"a000168"},{"key":"pageID","value":"3"}]}},"response":[]},{"name":"https://ppsprofile.fmrco.com/ppsprofile/fundpages?corpID=","id":"6fbaf847-d2a4-e15e-f996-1944e218c15a","request":{"method":"GET","header":[],"body":{"mode":"formdata","formdata":[]},"url":{"raw":"https://ppsprofile.fmrco.com/ppsprofile/fundpages?corpID=a000168","protocol":"https","host":["ppsprofile","fmrco","com"],"path":["ppsprofile","fundpages"],"query":[{"key":"corpID","value":"a000168"}]}},"response":[]}]}