{"info":{"_postman_id":"381f6542-9897-0a37-49b7-d08f799d41b6","name":"MDCalFeed","schema":"https://schema.getpostman.com/json/collection/v2.1.0/collection.json"},"item":[{"name":"DEVCom","id":"4d7578c0-ceb0-8a06-ff0a-11dff9da82a2","request":{"method":"POST","header":[],"body":{"mode":"raw","raw":""},"url":{"raw":"https://mdcalcfeed-qa.fmrco.com/mdcalc/mdcalc?AppId=feed","protocol":"https","host":["mdcalcfeed-qa","fmrco","com"],"path":["mdcalc","mdcalc"],"query":[{"key":"AppId","value":"feed"}]}},"response":[]},{"name":"DEVCom copy","id":"961651fc-4c6b-0910-3840-e1ee86d3639f","request":{"method":"POST","header":[],"body":{"mode":"raw","raw":""},"url":{"raw":"https://mdcalcfeed-prod.fmrco.com/mdcalc/mdcalc?AppId=feed","protocol":"https","host":["mdcalcfeed-prod","fmrco","com"],"path":["mdcalc","mdcalc"],"query":[{"key":"AppId","value":"feed"}]}},"response":[]}]}