{"info":{"_postman_id":"3ae2fbf2-6751-40b0-a73a-5bdadd12a393","name":"GooglerTrend","schema":"https://schema.getpostman.com/json/collection/v2.1.0/collection.json"},"item":[{"name":"http://localhost:29016/api/GoogleTrend","id":"50bc6265-47bb-48e3-b777-0594cccc180b","protocolProfileBehavior":{"disableBodyPruning":true},"request":{"method":"POST","header":[{"key":"Content-Type","name":"Content-Type","value":"application/json","type":"text"},{"key":"Accept","value":"application/json","type":"text"}],"body":{"mode":"raw","raw":"{\n    \"KeywordSets\": [\n        {\n            \"Name\": \"NETFLIX - 001\",\n            \"Values\": [\n                \"netflix\",\n                \"obama\"\n            ]\n        },\n        {\n            \"Name\": \"NETFLIX - 002\",\n            \"Values\": [\n                \"netflix\",\n                \"obama\"\n            ]\n        },\n           {\n            \"Name\": \"NETFLIX - 003\",\n            \"Values\": [\n                \"netflix\",\n                \"obama\"\n            ]\n        }\n    ],\n    \"ParameterSets\": [\n        {\n            \"Name\": \"NETFLIX - 001\",\n            \"Region\": \"US\",\n            \"StartDate\": \"2008-01-01\",\n            \"EndDate\": \"\"\n        },\n        {\n            \"Name\": \"NETFLIX - 002\",\n            \"Region\": \"US\",\n            \"StartDate\": \"2008-02-01\",\n            \"EndDate\": null\n        },\n        {\n            \"Name\": \"NETFLIX - 003\",\n            \"Region\": \"US\",\n            \"StartDate\": \"2008-03-01\",\n            \"EndDate\": \"2009-03-01\"\n        }\n    ]\n}"},"url":{"raw":"http://localhost:29016/api/GoogleTrend","protocol":"http","host":["localhost"],"port":"29016","path":["api","GoogleTrend"]}},"response":[]},{"name":"http://localhost:8080/reportcatalog-services/scheduleGroup","id":"90b048ed-8640-49df-8419-b7126923aabc","protocolProfileBehavior":{"disableBodyPruning":true},"request":{"auth":{"type":"ntlm","ntlm":[{"key":"password","value":"Jaisai@09","type":"string"},{"key":"username","value":"a485047","type":"string"}]},"method":"DELETE","header":[{"key":"Accept","value":"application/json","type":"text"},{"key":"Content-Type","name":"Content-Type","value":"application/json","type":"text"}],"body":{"mode":"raw","raw":"{\r\n      \"id\": 30118,\r\n      \"name\": \"FX Quarterly BIP Reports\",\r\n      \"updateId\": \"a485401\",\r\n      \"schedules\": null,\r\n      \"lastModifiedDate\": 1530284532843\r\n  }"},"url":{"raw":"http://localhost:8080/reportcatalog-services/scheduleGroup","protocol":"http","host":["localhost"],"port":"8080","path":["reportcatalog-services","scheduleGroup"]}},"response":[]}]}