{"info":{"_postman_id":"3b7c4e8b-cfda-4249-848e-5d2328811875","name":"SEND-Sever","schema":"https://schema.getpostman.com/json/collection/v2.1.0/collection.json"},"item":[{"name":"http://localhost:8080/send-services/v2/notification?app=HITS ","id":"e1727a05-9886-453f-8516-af482e1519f2","protocolProfileBehavior":{"disableBodyPruning":true},"request":{"auth":{"type":"ntlm","ntlm":[{"key":"password","value":"Jaisai@Q418","type":"string"},{"key":"username","value":"a485047","type":"string"}]},"method":"POST","header":[{"key":"Content-Type","value":"application/xml","type":"text"},{"key":"Authorization","value":"Bearer xbvXL9BXj6uTjdaWl46evj7gkJQs4Js5Rk8wc14I8jy9mW2nhNz07s","type":"text","disabled":true}],"body":{"mode":"raw","raw":"<notificationSettings>\r\n    <emailNotification>\r\n        <reportDatas>\r\n            <reportId>PaydownsReport</reportId>\r\n            <reportName>PaydownsReport</reportName>\r\n        </reportDatas>\r\n        <subject>GETTQA: Paydown Failures</subject>\r\n        <body><![CDATA[\r\n            <html>\r\n            <head>\r\n            </head>\r\n            <body>\r\n            <table border=\"2\" style=\"border:1px solid;border-collapse:collapse;font-size: 12px;\">\r\n                <tr>\r\n                    <th bgcolor=\"#8cad50\">PROCESS DATE</th>\r\n                    <th bgcolor=\"#8cad50\">TRD DATE</th>\r\n                    <th bgcolor=\"#8cad50\">TXN ID</th>\r\n                    <th bgcolor=\"#8cad50\">FMRID</th>\r\n                    <th bgcolor=\"#8cad50\">ISSUE</th>\r\n                    <th bgcolor=\"#8cad50\">FUND</th>\r\n                    <th bgcolor=\"#8cad50\">SIDE</th>\r\n                    <th bgcolor=\"#8cad50\">TYPE</th>\r\n                    <th bgcolor=\"#8cad50\">MSG</th>\r\n                    <th bgcolor=\"#8cad50\">OWNER</th>\r\n                    <th bgcolor=\"#8cad50\">PAYDOWN AMT</th>\r\n                    <th bgcolor=\"#8cad50\">NET IND</th>\r\n                    <th bgcolor=\"#8cad50\">AGG AMT</th>\r\n                    <th bgcolor=\"#8cad50\">TRD ID</th>\r\n                </tr>\r\n                                    <tr>\r\n                        <td>2019-01-29</td>\r\n                        <td>2019-01-29</td>\r\n                        <td>8012204</td>\r\n                        <td>66M99CAD4</td>\r\n                        <td>ZIGGO TERM LOAN B-1 01/15/2022</td>\r\n                        <td>BALLY131</td>\r\n                        <td>BUY</td>\r\n                        <td>TP</td>\r\n                        <td>Unknown Error see logs for more details. payDownId=11651 message=500 Internal Server Error</td>\r\n                        <td>HI TRADING ENGINEERING</td>\r\n                        <td>-10000</td>\r\n                        <td></td>\r\n                        <td></td>\r\n                        <td>e70b5243-b8f1-3e10-a9d5-d98a062d7d6e</td>\r\n                    </tr>\r\n                                <tr>\r\n                    <th align=\"left\" bgcolor=\"#cc0000\" colspan=\"14\" style=\"color:white\"><b>NOTE: Failure(s) will be investigated and reprocessed once resolved the next business day.</b></th>\r\n                </tr>\r\n            </table>\r\n\r\n            </body>\r\n           </html>\r\n        ]]>\r\n        </body>\r\n        <includeAttachments>false</includeAttachments>\r\n        <includeAttachments>false</includeAttachments>\r\n        <toRecipients>\r\n                            <emailAddress>a485047@fmr.com</emailAddress>\r\n                            \r\n                    </toRecipients>\r\n    </emailNotification>\r\n</notificationSettings>\r\n"},"url":{"raw":"http://localhost:8080/send-services/v2/notification?app=HITS ","protocol":"http","host":["localhost"],"port":"8080","path":["send-services","v2","notification"],"query":[{"key":"app","value":"HITS "}]}},"response":[]}]}