{"info":{"_postman_id":"3cda7073-ad3f-4db4-93f3-0eba5abee1b6","name":"spo","schema":"https://schema.getpostman.com/json/collection/v2.1.0/collection.json"},"item":[{"name":"Get Token","event":[{"listen":"test","script":{"id":"d468f37c-bd7f-451c-8019-925dffe5a55c","exec":["var json = JSON.parse(responseBody);\r","postman.setEnvironmentVariable(\"appReg_bearerToken\", json.access_token);"],"type":"text/javascript"}}],"id":"b81216b8-b408-48ad-ae49-db68b3996289","protocolProfileBehavior":{"disableBodyPruning":true},"request":{"auth":{"type":"oauth2","oauth2":[{"key":"accessToken","value":"","type":"string"},{"key":"tokenType","value":"Bearer","type":"string"},{"key":"addTokenTo","value":"header","type":"string"}]},"method":"POST","header":[{"warning":"This is a duplicate header and will be overridden by the Content-Type header generated by Postman.","key":"Content-Type","type":"text","value":"multipart/form-data"}],"body":{"mode":"formdata","formdata":[{"key":"grant_type","value":"password","type":"text"},{"key":"client_id","value":"bdd4a60e-e51d-4d71-a138-09d66a8b85f3","type":"text"},{"key":"username","value":"serviceaccount@fmr.com","type":"text"},{"key":"password","value":"******","type":"text"},{"key":"scope","value":"https://sp.fmrcloud.com/.default openid offline_access","type":"text"}]},"url":{"raw":"https://login.microsoftonline.com/7521acbc-a68c-41e5-a975-1cf83066dd19/oauth2/v2.0/token","protocol":"https","host":["login","microsoftonline","com"],"path":["7521acbc-a68c-41e5-a975-1cf83066dd19","oauth2","v2.0","token"]}},"response":[]},{"name":"Get List Data","id":"c1584c75-7e09-4094-8416-f495494c53a5","protocolProfileBehavior":{"disabledSystemHeaders":{},"disableBodyPruning":true},"request":{"auth":{"type":"oauth2","oauth2":[{"key":"accessToken","value":"{{appReg_bearerToken}}","type":"string"},{"key":"tokenType","value":"Bearer","type":"string"},{"key":"addTokenTo","value":"header","type":"string"}]},"method":"GET","header":[{"key":"Accept","value":"application/json;odata=verbose","type":"text"},{"key":"Authorization","value":"Bearer ","type":"text","disabled":true}],"url":{"raw":"https://sp.fmrcloud.com/sites/dc-temp/_vti_bin/ListData.svc/Products","protocol":"https","host":["sp","fmrcloud","com"],"path":["sites","dc-temp","_vti_bin","ListData.svc","Products"]},"description":"Get List data using ListData.svc"},"response":[]},{"name":"Get List Data (REST API)","id":"6356c455-0cb5-4749-9203-4836a2d79e4e","protocolProfileBehavior":{"disabledSystemHeaders":{},"disableBodyPruning":true},"request":{"auth":{"type":"oauth2","oauth2":[{"key":"accessToken","value":"{{appReg_bearerToken}}","type":"string"},{"key":"tokenType","value":"Bearer","type":"string"},{"key":"addTokenTo","value":"header","type":"string"}]},"method":"GET","header":[{"key":"Accept","value":"application/json;odata=verbose","type":"text"},{"key":"Authorization","value":"Bearer ","type":"text","disabled":true}],"url":{"raw":"https://sp.fmrcloud.com/sites/dc-temp/_api/web/lists/GetByTitle('Products')/items","protocol":"https","host":["sp","fmrcloud","com"],"path":["sites","dc-temp","_api","web","lists","GetByTitle('Products')","items"]},"description":"This utilized Sharepoint REST API (newer api)"},"response":[]}]}