{"info":{"_postman_id":"47e725fe-7c26-460a-9a45-2ece567c5b54","name":"BookTrade","schema":"https://schema.getpostman.com/json/collection/v2.1.0/collection.json"},"item":[{"name":"https://vc2cmmkb347935n.fmrco.com:20013/booktrades/execution","id":"624af37e-2c16-4c08-9461-42fe8d6e7e4e","request":{"method":"POST","header":[{"key":"Content-Type","name":"Content-Type","value":"application/json","type":"text"},{"key":"Accept","value":"application/json","type":"text"},{"key":"Authorization","value":"Bearer {{OAUTH_TOKEN_USER}}","type":"text"},{"key":"X-REQUEST-IDENTITY-USER","value":"a485047","type":"text"}],"body":{"mode":"raw","raw":"\n{\"requestId\":\"6dffdbf5-804b-41da-861f-56ea4cfd25b8\",\"bookTradeMemberRequests\":[{\"side\":\"SEL\",\"executionQuantity\":12,\"tickerSymbol\":\"AMZN\",\"fundName\":\"EEMFBUFF\"},{\"side\":\"BUY\",\"executionQuantity\":12,\"tickerSymbol\":\"AMZN\",\"fundName\":\"EEMFTRAN\"}\n\t\n]}"},"url":{"raw":"https://vc2cmmkb347935n.fmrco.com:20013/booktrades/execution","protocol":"https","host":["vc2cmmkb347935n","fmrco","com"],"port":"20013","path":["booktrades","execution"]}},"response":[]},{"name":"https://holdings-sit.fmrco.com:20013/holdings/v1?portfolio-ids=17681;&field-sets=as-ordered&expand=tradable-entity;portfolio; ","id":"95365413-8ccf-4aee-9a33-972c9d76ecd2","request":{"method":"GET","header":[{"key":"Content-Type","value":"application/json","type":"text"},{"key":"x-fimt-generic","value":"yes","type":"text"},{"key":"x-fimt-generic-action","value":"GET_ORDERS","type":"text"},{"key":"x-fimt-generic-application-id","value":"EWS","type":"text"},{"key":"x-fimt-generic-component","value":"ORDER_ENTRY_SCREEN","type":"text"},{"key":"x-fimt-generic-module","value":"EWS_PORTF_TRADES_DRAFTORDERS","type":"text"},{"key":"x-fimt-generic-hostname","value":"BOSL142754W10","type":"text"},{"key":"x-fimt-generic-ip-address","value":"10.104.246.62","type":"text"},{"key":"X-REQUEST-IDENTITY","value":"a485047","type":"text"},{"key":"X-REQUEST-IDENTITY-SENDER-NAME","value":"PriceTarget","type":"text"},{"key":"Accept","value":"application/json","type":"text"},{"key":"Authorization","value":"Bearer {{OAUTH_TOKEN_USER}}","type":"text"}],"url":{"raw":"https://holdings-sit.fmrco.com:20013/holdings/v1?portfolio-ids=17681;&field-sets=as-ordered&expand=tradable-entity;portfolio; ","protocol":"https","host":["holdings-sit","fmrco","com"],"port":"20013","path":["holdings","v1"],"query":[{"key":"portfolio-ids","value":"17681;"},{"key":"field-sets","value":"as-ordered"},{"key":"expand","value":"tradable-entity;portfolio; "}]}},"response":[]},{"name":"https://fimt-tableau-qa.fmrco.com/api/2.8/sites/5b69a808-290c-44ca-9be8-ffa8eecbc3e7/projects","id":"641c26dd-34c7-4926-9ab0-7dfd821e5a16","protocolProfileBehavior":{"disableBodyPruning":true},"request":{"method":"GET","header":[{"key":"X-Tableau-Auth","value":"0sSSgmylRLCPP2ORO5kEUA|rgRzUdSwiFsS2jdE792u3cvRu5e8PrRa","type":"text"},{"key":"Accept","value":"application/json","type":"text","disabled":true}],"url":{"raw":"https://fimt-tableau-qa.fmrco.com/api/2.8/sites/5b69a808-290c-44ca-9be8-ffa8eecbc3e7/projects","protocol":"https","host":["fimt-tableau-qa","fmrco","com"],"path":["api","2.8","sites","5b69a808-290c-44ca-9be8-ffa8eecbc3e7","projects"]}},"response":[]},{"name":"https://fimt-tableau-qa.fmrco.com/api/2.8/sites/5b69a808-290c-44ca-9be8-ffa8eecbc3e7/workbooks","id":"3ef73492-d613-4f27-ac66-a07bb78769c9","protocolProfileBehavior":{"disableBodyPruning":true},"request":{"method":"GET","header":[{"key":"X-Tableau-Auth","value":"0sSSgmylRLCPP2ORO5kEUA|rgRzUdSwiFsS2jdE792u3cvRu5e8PrRa","type":"text"},{"key":"Accept","value":"application/json","type":"text"}],"url":{"raw":"https://fimt-tableau-qa.fmrco.com/api/2.8/sites/5b69a808-290c-44ca-9be8-ffa8eecbc3e7/workbooks","protocol":"https","host":["fimt-tableau-qa","fmrco","com"],"path":["api","2.8","sites","5b69a808-290c-44ca-9be8-ffa8eecbc3e7","workbooks"]}},"response":[]},{"name":"https://send.fmrco.com/send/v2/executeMultipleRequest.json","id":"483f68fc-e481-4327-891f-6c4d0b507da6","protocolProfileBehavior":{"disableBodyPruning":true},"request":{"auth":{"type":"ntlm","ntlm":[{"key":"password","value":"Jaisai@Q219","type":"string"},{"key":"username","value":"a485047","type":"string"}]},"method":"GET","header":[],"url":{"raw":"https://send.fmrco.com/send/v2/executeMultipleRequest.json","protocol":"https","host":["send","fmrco","com"],"path":["send","v2","executeMultipleRequest.json"]}},"response":[]},{"name":"https://send.fmrco.com/send/v2/notificationwithAttachment?app=EQPM","id":"77f8b8f7-0f68-4cd9-8824-28fab54774ef","protocolProfileBehavior":{"disableBodyPruning":true},"request":{"auth":{"type":"noauth"},"method":"POST","header":[{"key":"Content-Type","name":"Content-Type","value":"application/json","type":"text"},{"key":"Authorization","value":"BearerDaMDRRa1nEMn8FgO2CgnN7enPuXjcpKmNuPAkJ8X882icYvGvwlH0j","type":"text"}],"body":{"mode":"raw","raw":"{\r\n    \"emailNotification\": [\r\n        {\r\n            \"reportDatas\": [\r\n                {\r\n                    \"reportId\": \"1\",\r\n                    \"reportName\": \"PMNS_A485047.pdf\",\r\n                    \"outputFilename\": \"PMNS_A485047.pdf\",\r\n                    \"inLineHtml\": false,\r\n                    \"reportSourceURL\": \"https://advrptngcontentmgmt-prod.fmrco.com/contentmgmt/v2/report?instanceid=109244602\"\r\n                }\r\n            ],\r\n            \"subject\": \"PM Nightsheet alert-Prod\",\r\n            \"body\": \"Night sheet has wrong information\",\r\n            \"includeAttachments\": true,\r\n            \"toRecipients\": {\r\n                \"emailAddress\": [\r\n                    \"a485047@fmr.com\",\r\n                    \"a444539@fmr.com\"\r\n                ]\r\n            },\r\n            \"ccRecipients\": {\r\n                \"emailAddress\": [\r\n                    \"a485047@fmrco.com\"\r\n                ]\r\n            },\r\n            \"fromRecipient\": \"EWS@fmr.com\",\r\n            \"enableSimpleTextBody\": true\r\n \r\n        }\r\n    ]\r\n}\r\n"},"url":{"raw":"https://send.fmrco.com/send/v2/notificationwithAttachment?app=EQPM","protocol":"https","host":["send","fmrco","com"],"path":["send","v2","notificationwithAttachment"],"query":[{"key":"app","value":"EQPM"}]}},"response":[]},{"name":"https://localhost:8443/send-services/oauth2/v2/notificationwithAttachment?app=EQPM","id":"df3b6eaa-8284-4e6e-9d9c-b1c37efd3ead","protocolProfileBehavior":{"disableBodyPruning":true},"request":{"method":"POST","header":[{"key":"Content-Type","value":"application/json","type":"text"},{"key":"Accept","value":"application/json","type":"text"},{"key":"Authorization","value":"Bearer KCBFpfblImqwnCbw9YWfaMmq2s5iUUXC6aBA9e5Eg92rcWOauWn0Yr","type":"text"}],"body":{"mode":"raw","raw":"{\n    \"emailNotification\": [\n        {\n            \"reportDatas\": [\n                {\n                    \"reportId\": \"1\",\n                    \"reportName\": \"PMNS_A485047.pdf\",\n                    \"outputFilename\": \"PMNS_A485047.pdf\",\n                    \"inLineHtml\": false,\n                    \"reportSourceURL\": \"https://advrptngcontentmgmt-uat.fmrco.com/contentmgmt/v2/report?instanceid=24211294\"\n                }\n            ],\n            \"subject\": \"PM Nightsheet alert\",\n            \"body\": \"Night sheet has wrong trading information\",\n            \"includeAttachments\": true,\n            \"toRecipients\": {\n                \"emailAddress\": [\n                    \"a485047@fmr.com\"\n                ]\n            },\n            \"ccRecipients\": {\n                \"emailAddress\": [\n                    \"a485047@fmrco.com\"\n                ]\n            },\n            \"bccRecipients\": null,\n            \"fromRecipient\": \"advisorReporting@fmr.com\",\n            \"enableSimpleTextBody\": true,\n            \"isInlinehtml\": null\n        }\n    ]\n}"},"url":{"raw":"https://localhost:8443/send-services/oauth2/v2/notificationwithAttachment?app=EQPM","protocol":"https","host":["localhost"],"port":"8443","path":["send-services","oauth2","v2","notificationwithAttachment"],"query":[{"key":"app","value":"EQPM"}]}},"response":[]},{"name":"https://advrptngcontentmgmt-uat.fmrco.com/contentmgmt/v2/report?instanceid=24211294","id":"264ce105-e7f2-491f-9c4d-09bfd469e7d4","protocolProfileBehavior":{"disableBodyPruning":true},"request":{"method":"GET","header":[{"key":"Authorization","value":"Bearer maN24qfO8jdYPA7MTZwlInFEAxAM10yRN5RkL4LPoD7zUpzcksDLud","type":"text"}],"url":{"raw":"https://advrptngcontentmgmt-uat.fmrco.com/contentmgmt/v2/report?instanceid=24211294","protocol":"https","host":["advrptngcontentmgmt-uat","fmrco","com"],"path":["contentmgmt","v2","report"],"query":[{"key":"instanceid","value":"24211294"}]}},"response":[]},{"name":"https://localhost:8443/send-services/oauth2/v2/notificationwithAttachment?app=EQPM","id":"80476a09-7412-4379-bd24-80940ec0ff67","protocolProfileBehavior":{"disableBodyPruning":true},"request":{"method":"POST","header":[{"key":"Content-Type","value":"application/json","type":"text"},{"key":"Accept","value":"application/json","type":"text"},{"key":"Authorization","value":"Bearer maN24qfO8jdYPA7MTZwlInFEAxAM10yRN5RkL4LPoD7zUpzcksDLud","type":"text"}],"body":{"mode":"raw","raw":"{\n    \"emailNotification\": [\n        {\n            \"reportDatas\": [\n                {\n                    \"reportId\": \"1\",\n                    \"reportName\": \"PMNS_A485047.pdf\",\n                    \"outputFilename\": \"PMNS_A485047.pdf\",\n                    \"inLineHtml\": false,\n                    \"reportSourceURL\": \"https://advrptngcontentmgmt-uat.fmrco.com/contentmgmt/v2/report?instanceid=24211294\"\n                }\n            ],\n            \"subject\": \"PM Nightsheet alert\",\n            \"body\": \"Night sheet has wrong trading information\",\n            \"includeAttachments\": true,\n            \"toRecipients\": {\n                \"emailAddress\": [\n                    \"a485047@fmr.com\"\n                ]\n            },\n            \"ccRecipients\": {\n                \"emailAddress\": [\n                    \"a485047@fmrco.com\"\n                ]\n            },\n            \"bccRecipients\": null,\n            \"fromRecipient\": \"advisorReporting@fmr.com\",\n            \"enableSimpleTextBody\": true,\n            \"isInlinehtml\": null\n        }\n    ]\n}"},"url":{"raw":"https://localhost:8443/send-services/oauth2/v2/notificationwithAttachment?app=EQPM","protocol":"https","host":["localhost"],"port":"8443","path":["send-services","oauth2","v2","notificationwithAttachment"],"query":[{"key":"app","value":"EQPM"}]}},"response":[]},{"name":"notificationRequest","id":"7fc05429-9b12-4c7d-bf52-af67df7ab570","protocolProfileBehavior":{"disableBodyPruning":true},"request":{"method":"GET","header":[],"url":{"raw":"notificationRequest","host":["notificationRequest"]}},"response":[]},{"name":"https://fimt-oauth-nonprod.fmrco.com/as/resourceOwner ","id":"769cee28-4ee6-4a0e-a93f-5cef74ed4e24","protocolProfileBehavior":{"disableBodyPruning":true},"request":{"method":"POST","header":[{"key":"Content-Type","value":"application/x-www-form-urlencoded"}],"body":{"mode":"raw","raw":"grant_type=password&username=advrptadm_nonprod&password=g1d6AtNN&client_id=f911e978-87e1-4745-a77a-fee94bc85a12&client_secret=3151fa8a-1262-47e3-8665-860ba7af8558"},"url":{"raw":"https://fimt-oauth-nonprod.fmrco.com/as/resourceOwner ","protocol":"https","host":["fimt-oauth-nonprod","fmrco","com"],"path":["as","resourceOwner "]}},"response":[]},{"name":"https://localhost:8443/send-services/oauth2/v2/notificationRequest","id":"eaef789f-5233-4dc2-b0b1-aceb498ee43b","protocolProfileBehavior":{"disableBodyPruning":true},"request":{"auth":{"type":"noauth"},"method":"GET","header":[{"key":"Accept","value":"application/json","type":"text"},{"key":"Authorization","value":"Bearer maN24qfO8jdYPA7MTZwlInFEAxAM10yRN5RkL4LPoD7zUpzcksDLud","type":"text"}],"url":{"raw":"https://localhost:8443/send-services/oauth2/v2/notificationRequest","protocol":"https","host":["localhost"],"port":"8443","path":["send-services","oauth2","v2","notificationRequest"]}},"response":[]},{"name":"https://fimt-oauth-kerb-nonprod.fmrco.com/as/tokenKerberos","id":"c9118ef4-4ff4-4a3c-b8ce-e1a7ddd17a2b","protocolProfileBehavior":{"disableBodyPruning":true},"request":{"auth":{"type":"noauth"},"method":"POST","header":[{"key":"Content-Type","name":"Content-Type","value":"application/x-www-form-urlencoded","type":"text"}],"body":{"mode":"urlencoded","urlencoded":[{"key":"client_id","value":"f911e978-87e1-4745-a77a-fee94bc85a12  ","type":"text"},{"key":"client_secret","value":"3151fa8a-1262-47e3-8665-860ba7af8558  ","type":"text"},{"key":"grant_type","value":"password","type":"text"}]},"url":{"raw":"https://fimt-oauth-kerb-nonprod.fmrco.com/as/tokenKerberos","protocol":"https","host":["fimt-oauth-kerb-nonprod","fmrco","com"],"path":["as","tokenKerberos"]}},"response":[]},{"name":"https://vc2cmmka269029n.fmrco.com:20013/send/v2/execute?app=ADVRPTNG&Name=HI_403_DM402_FUND_CONFIG_Daily_REPORT.xdo&Path=/Publisher%20Reports/Reports%20-%20High%20Income/&Format=rtf&TemplateName=PDF&Impersonate=a485047&OutputFileName=FundConfigDailyReport","id":"3106d4be-7e27-474c-8489-f9df0ae3b909","protocolProfileBehavior":{"disableBodyPruning":true},"request":{"auth":{"type":"ntlm","ntlm":[{"key":"password","value":"Sairam@220","type":"string"},{"key":"username","value":"a485047","type":"string"}]},"method":"GET","header":[],"url":{"raw":"https://vc2cmmka269029n.fmrco.com:20013/send/v2/execute?app=ADVRPTNG&Name=HI_403_DM402_FUND_CONFIG_Daily_REPORT.xdo&Path=/Publisher%20Reports/Reports%20-%20High%20Income/&Format=rtf&TemplateName=PDF&Impersonate=a485047&OutputFileName=FundConfigDailyReport.pdf&&P_DATE_RANGE=PRV_BUS_DAY","protocol":"https","host":["vc2cmmka269029n","fmrco","com"],"port":"20013","path":["send","v2","execute"],"query":[{"key":"app","value":"ADVRPTNG"},{"key":"Name","value":"HI_403_DM402_FUND_CONFIG_Daily_REPORT.xdo"},{"key":"Path","value":"/Publisher%20Reports/Reports%20-%20High%20Income/"},{"key":"Format","value":"rtf"},{"key":"TemplateName","value":"PDF"},{"key":"Impersonate","value":"a485047"},{"key":"OutputFileName","value":"FundConfigDailyReport.pdf"},{"key":null,"value":null},{"key":"P_DATE_RANGE","value":"PRV_BUS_DAY"}]}},"response":[]},{"name":"https://mobileproxygateway-dit-us-east-1.fmrco.com/mproxy/iconfig.fmrco/iconfig","id":"982ed449-5c08-4d28-a1c7-47574a98c7c0","protocolProfileBehavior":{"disableBodyPruning":true},"request":{"method":"GET","header":[],"url":{"raw":"https://mobileproxygateway-dit-us-east-1.fmrco.com/mproxy/iconfig.fmrco/iconfig","protocol":"https","host":["mobileproxygateway-dit-us-east-1","fmrco","com"],"path":["mproxy","iconfig.fmrco","iconfig"]}},"response":[]},{"name":"https://api-test.fidelity.com/active-etf/c2b/invesco/v1/portfolios/IVRA/optimizations/20201216-1608133580/optimized-basket","id":"8c129b26-f92b-4d5e-b538-66dbcf538ce8","protocolProfileBehavior":{"disableBodyPruning":true},"request":{"method":"GET","header":[{"key":"Accept","value":"text/plain","type":"text"},{"key":"Authorization","value":"Bearer jSj7M5jsndTU4vGdA8WCvjEL2vM1","type":"text"}],"url":{"raw":"https://api-test.fidelity.com/active-etf/c2b/invesco/v1/portfolios/IVRA/optimizations/20201216-1608133580/optimized-basket","protocol":"https","host":["api-test","fidelity","com"],"path":["active-etf","c2b","invesco","v1","portfolios","IVRA","optimizations","20201216-1608133580","optimized-basket"]}},"response":[]}]}