{"info":{"_postman_id":"4c52b861-02c9-3b6d-de01-2c73dcb61e81","name":"ReportCatalog","schema":"https://schema.getpostman.com/json/collection/v2.1.0/collection.json"},"item":[{"name":"http://localhost:8080/reportcatalog-services/products/","id":"1f5ae715-443d-8d0d-f9b9-a08962b62346","request":{"method":"GET","header":[{"key":"Accept","value":"application/json"}],"body":{"mode":"formdata","formdata":[]},"url":{"raw":"http://localhost:8080/reportcatalog-services/advisorGroups/FIAM-EQ","protocol":"http","host":["localhost"],"port":"8080","path":["reportcatalog-services","advisorGroups","FIAM-EQ"]}},"response":[]},{"name":"SubCategory- Add","id":"14037116-920a-66b6-41a5-47e509d4912a","request":{"method":"POST","header":[{"key":"Content-Type","value":"application/json"},{"key":"Accept","value":"application/json"}],"body":{"mode":"raw","raw":"{\n    \"name\": \"PERFORMANCE1\",\n    \"description\": \"Performance1\",\n    \"categoryId\": \"AMP1\"\n}"},"url":{"raw":"http://localhost:8080/reportcatalog-services/subcategory","protocol":"http","host":["localhost"],"port":"8080","path":["reportcatalog-services","subcategory"]}},"response":[]},{"name":"SubCategories","id":"81a33f74-cb1c-fd87-8e4a-f92c55d44bc4","request":{"method":"GET","header":[],"body":{"mode":"formdata","formdata":[]},"url":{"raw":"http://reportcatalogsvc-dev.fmrco.com/reportcatalogservices/v1/ReportProfiles","protocol":"http","host":["reportcatalogsvc-dev","fmrco","com"],"path":["reportcatalogservices","v1","ReportProfiles"]}},"response":[]},{"name":"Categorr-Add","id":"9c3574cf-a480-e20e-5b3a-d32c68d1f169","request":{"method":"POST","header":[{"key":"Accept","value":"application/json"},{"key":"Content-Type","value":"application/json"}],"body":{"mode":"raw","raw":"{\n    \"name\": \"AMP1\",\n    \"description\": \"AMP1\"\n  }"},"url":{"raw":"http://localhost:8080/reportcatalog-services/category","protocol":"http","host":["localhost"],"port":"8080","path":["reportcatalog-services","category"]}},"response":[]},{"name":"Categories- Fetch","id":"1add4703-ef20-90d0-a94a-d396ae16c215","request":{"method":"GET","header":[],"body":{"mode":"formdata","formdata":[]},"url":{"raw":"http://localhost:8080/reportcatalog-services/categories","protocol":"http","host":["localhost"],"port":"8080","path":["reportcatalog-services","categories"]}},"response":[]},{"name":"AdvisorGroup- Add","id":"c483a3bf-e32a-069a-d9aa-29380a494ac9","request":{"method":"POST","header":[{"key":"Accept","value":"application/json"},{"key":"Content-Type","value":"application/json"}],"body":{"mode":"raw","raw":" {\n    \"name\": \"FIAM-EQ1\",\n    \"description\": \"FIAM Equity1\"\n  }"},"url":{"raw":"http://localhost:8080/reportcatalog-services/advisorGroup","protocol":"http","host":["localhost"],"port":"8080","path":["reportcatalog-services","advisorGroup"]}},"response":[]},{"name":"Fetch-AdvisorGroups","id":"27874016-15c7-85c7-f554-040db3e3a20a","request":{"method":"GET","header":[],"body":{"mode":"formdata","formdata":[]},"url":{"raw":"http://localhost:8080/reportcatalog-services/advisorGroups","protocol":"http","host":["localhost"],"port":"8080","path":["reportcatalog-services","advisorGroups"]}},"response":[]},{"name":"http://localhost:8080/reportcatalog-services/ReportProfile","id":"578e470f-ddce-9620-5d76-e77fd1ff2796","request":{"method":"POST","header":[{"key":"Content-Type","value":"application/json"},{"key":"Accept","value":"application/json"}],"body":{"mode":"raw","raw":"{\n    \"name\": \"H0022_TomAllenDatasheet7132016\",\n    \"description\": \"Fund/Benchmark Holdings for Tom Allen7132016\",\n    \"executableFileName\": \"H0022_DM001A-7_TomAllenDatasheet\",\n    \"executableFilePath\": \"/Publisher Reports/Reports - Holdings/H0022_DM001A-7_TomAllenDatasheet.xdo\",\n    \"executableAppName\": \"OBIEE\",\n    \"advisorGroupName\": \"FMR-EQ\",\n    \"generateType\": \"BATCH\",\n    \"categoryName\": \"PORTFOLIO\",\n    \"subcategoryName\": \"HOLDINGS\",\n    \"executableDataSrc\": \"ODSDB\",\n    \"executionType\": \"Schedule\",\n    \"createdBy\": \"GNANA MURTHY, ANIL\",\n    \"primaryContact\": \"GNANA MURTHY, ANIL\",\n    \"comments\": \"Testing\"\n  }"},"url":{"raw":"http://localhost:8080/reportcatalog-services/ReportProfile","protocol":"http","host":["localhost"],"port":"8080","path":["reportcatalog-services","ReportProfile"]}},"response":[]},{"name":"http://localhost:8080/reportcatalog-services/DataSource","id":"93ca3633-1e72-139e-2e2e-1abaf48264c4","request":{"method":"POST","header":[{"key":"Content-Type","value":"application/json"},{"key":"Accept","value":"application/json"}],"body":{"mode":"raw","raw":"{\n    \"name\": \"Webfocus\",\n    \"description\": \"Webfocus\"\n}"},"url":{"raw":"http://localhost:8080/reportcatalog-services/DataSource","protocol":"http","host":["localhost"],"port":"8080","path":["reportcatalog-services","DataSource"]}},"response":[]},{"name":"http://localhost:8080/reportcatalog-services/ReportProfileDataSource","id":"66b2b549-c95c-e229-1001-1f6ed1daf1db","request":{"method":"POST","header":[{"key":"Content-Type","value":"application/json"},{"key":"Accept","value":"application/json"}],"body":{"mode":"raw","raw":"[\r\n    {\r\n    \"name\"              : \"Webfocus\",\r\n    \"reportProfileId\"   : 1,\r\n    \"dataSrcObjectType\" : \"funtion\",\r\n    \"objectTypeName\"    : \"treenode2\"\r\n    },\r\n\r\n    {\r\n    \"name\"              : \"Webfocus\",\r\n    \"reportProfileId\"   : 1,\r\n    \"dataSrcObjectType\" : \"funtion\",\r\n    \"objectTypeName\"    : \"treenode2\"\r\n    }\r\n\r\n]"},"url":{"raw":"http://vc2cmmka097103n.fmrco.com:20010/reportcatalog-services/ReportProfileDataSource","protocol":"http","host":["vc2cmmka097103n","fmrco","com"],"port":"20010","path":["reportcatalog-services","ReportProfileDataSource"]}},"response":[]},{"name":"http://localhost:8080/reportcatalog-services/DataSource","id":"9e0c2441-24c6-8150-4464-9ec13664b27a","request":{"method":"POST","header":[{"key":"Content-Type","value":"application/json"},{"key":"Accept","value":"application/json"}],"body":{"mode":"raw","raw":"{\n    \"name\": \"Webfocus\",\n    \"description\": \"Webfocus\"\n}"},"url":{"raw":"http://localhost:8080/reportcatalog-services/DataSource","protocol":"http","host":["localhost"],"port":"8080","path":["reportcatalog-services","DataSource"]}},"response":[]},{"name":"http://localhost:8080/reportcatalog-services/ReportProfileParameter","id":"cf9a5018-8552-7866-3e32-f8b8ffd0d004","request":{"method":"POST","header":[{"key":"Content-Type","value":"application/json"},{"key":"Accept","value":"application/json"}],"body":{"mode":"raw","raw":"{\r\n    \"name\"              : \"xyz\",\r\n    \"reportId\"   : 1,\r\n    \"sequence\" : 1,\r\n    \"label\"        : \"xyz\",\r\n    \"delimeter\": \",\"\r\n}"},"url":{"raw":"http://localhost:8080/reportcatalog-services/ReportProfileParameter","protocol":"http","host":["localhost"],"port":"8080","path":["reportcatalog-services","ReportProfileParameter"]}},"response":[]},{"name":"http://localhost:8080/reportcatalog-services/ReportTemplate","id":"758d6047-8d79-93a4-d8d5-4caf6aa96dca","request":{"method":"POST","header":[{"key":"Content-Type","value":"application/json"},{"key":"Accept","value":"application/json"}],"body":{"mode":"raw","raw":"{\r\n    \"name\"              : \"Report1Template\",\r\n    \"reportProfile_Id\"   : 1,\r\n    \"description\" : \"Template generates XLS\",\r\n    \"status\"        : \"ACTV\",\r\n    \"frequency\":\"WKLY\",\r\n    \"templatetype\":\"xls\"\r\n}"},"url":{"raw":"http://localhost:8080/reportcatalog-services/ReportTemplate","protocol":"http","host":["localhost"],"port":"8080","path":["reportcatalog-services","ReportTemplate"]}},"response":[]},{"name":"http://localhost:8080/reportcatalog-services/ReportTemplate copy","id":"f40b4f93-3a69-60c8-6d57-6a9f466f01ef","request":{"method":"POST","header":[{"key":"Content-Type","value":"application/json"},{"key":"Accept","value":"application/json"}],"body":{"mode":"raw","raw":"{\r\n    \"name\"              : \"Report1Template\",\r\n    \"reportProfile_Id\"   : 1,\r\n    \"description\" : \"Template generates XLS\",\r\n    \"status\"        : \"ACTV\",\r\n    \"frequency\":\"WKLY\",\r\n    \"templatetype\":\"xls\"\r\n}"},"url":{"raw":"http://localhost:8080/reportcatalog-services/ReportTemplate","protocol":"http","host":["localhost"],"port":"8080","path":["reportcatalog-services","ReportTemplate"]}},"response":[]},{"name":"http://localhost:8080/reportcatalog-services/ReportProfileDataSource","id":"933bb700-d006-cec4-6d63-6057e255d307","request":{"method":"POST","header":[{"key":"Content-Type","value":"application/json"},{"key":"Accept","value":"application/json"}],"body":{"mode":"raw","raw":"[\r\n    {\r\n    \"name\"              : \"Webfocus\",\r\n    \"reportProfileId\"   : 1,\r\n    \"dataSrcObjectType\" : \"funtion\",\r\n    \"objectTypeName\"    : \"treenode2\"\r\n    },\r\n\r\n    {\r\n    \"name\"              : \"Webfocus\",\r\n    \"reportProfileId\"   : 1,\r\n    \"dataSrcObjectType\" : \"funtion\",\r\n    \"objectTypeName\"    : \"treenode2\"\r\n    }\r\n\r\n]"},"url":{"raw":"http://vc2cmmka097103n.fmrco.com:20010/reportcatalog-services/ReportProfileDataSource","protocol":"http","host":["vc2cmmka097103n","fmrco","com"],"port":"20010","path":["reportcatalog-services","ReportProfileDataSource"]}},"response":[]},{"name":"http://localhost:8080/reportcatalog-services/ReportProfileDataSource copy","id":"ed6255b9-816c-7db7-89d3-4113394485ed","request":{"method":"POST","header":[{"key":"Content-Type","value":"application/json"},{"key":"Accept","value":"application/json"}],"body":{"mode":"raw","raw":"[\r\n    {\r\n    \"name\"              : \"Webfocus\",\r\n    \"reportProfileId\"   : 1,\r\n    \"dataSrcObjectType\" : \"funtion\",\r\n    \"objectTypeName\"    : \"treenode2\"\r\n    },\r\n\r\n    {\r\n    \"name\"              : \"Webfocus\",\r\n    \"reportProfileId\"   : 1,\r\n    \"dataSrcObjectType\" : \"funtion\",\r\n    \"objectTypeName\"    : \"treenode2\"\r\n    }\r\n\r\n]"},"url":{"raw":"http://vc2cmmka097103n.fmrco.com:20010/reportcatalog-services/ReportProfileDataSource","protocol":"http","host":["vc2cmmka097103n","fmrco","com"],"port":"20010","path":["reportcatalog-services","ReportProfileDataSource"]}},"response":[]},{"name":"ExecutionApplication- Fetch","id":"4c2271e1-31ff-e07f-ce34-4ff2ac439412","request":{"method":"GET","header":[],"body":{"mode":"formdata","formdata":[]},"url":{"raw":"http://vc2cmmka097103n.fmrco.com:20010/reportcatalog-services/ExecutionApps","protocol":"http","host":["vc2cmmka097103n","fmrco","com"],"port":"20010","path":["reportcatalog-services","ExecutionApps"]}},"response":[]},{"name":"ExecutionApplication- Add","id":"0054e62b-a2d0-fad6-7bc4-e28c22c22550","request":{"method":"POST","header":[{"key":"Content-Type","value":"application/json"},{"key":"Accept","value":"application/json"}],"body":{"mode":"raw","raw":"{\n    \n    \"name\"        : \"Webfocus\",\n    \"description\" : \"Webfocus\",\n    \"delimeter\"   : \",\"\n}"},"url":{"raw":"http://localhost:8080/reportcatalog-services/ExecutionApp","protocol":"http","host":["localhost"],"port":"8080","path":["reportcatalog-services","ExecutionApp"]}},"response":[]},{"name":"http://localhost:8080/reportcatalog-services/DataSources","id":"05b928c9-3307-4599-1476-338facb2956e","request":{"method":"GET","header":[],"body":{"mode":"formdata","formdata":[]},"url":{"raw":"http://localhost:8080/reportcatalog-services/DataSources","protocol":"http","host":["localhost"],"port":"8080","path":["reportcatalog-services","DataSources"]}},"response":[]},{"name":"AdvisorGroup-Update","id":"34faa50d-ec35-cb87-d91a-0eec9ed9a44a","request":{"method":"PUT","header":[{"key":"Accept","value":"application/json"},{"key":"Content-Type","value":"application/json"}],"body":{"mode":"raw","raw":" {\n    \"name\": \"FIAM-EQ1\",\n    \"description\": \"FIAM Equity1\"\n  }"},"url":{"raw":"http://localhost:8080/reportcatalog-services/advisorGroup","protocol":"http","host":["localhost"],"port":"8080","path":["reportcatalog-services","advisorGroup"]}},"response":[]},{"name":"AdvisorGroup-Delete","id":"91ae6b5f-bf6f-c3a9-989d-d2fb23333891","request":{"method":"DELETE","header":[{"key":"Accept","value":"application/json"},{"key":"Content-Type","value":"application/json"}],"body":{"mode":"raw","raw":" {\n    \"name\": \"FIAM-EQ1\",\n    \"description\": \"FIAM Equity1\"\n  }"},"url":{"raw":"http://localhost:8080/reportcatalog-services/advisorGroup","protocol":"http","host":["localhost"],"port":"8080","path":["reportcatalog-services","advisorGroup"]}},"response":[]},{"name":"Category-Update","id":"9b72daa6-074b-2bb3-9544-1356cbdab2fe","request":{"method":"PUT","header":[{"key":"Accept","value":"application/json"},{"key":"Content-Type","value":"application/json"}],"body":{"mode":"raw","raw":"{\n    \"id\":2123458,\n    \"name\": \"TestCategory\",\n    \"description\": \"TestCategory\"\n  }"},"url":{"raw":"http://localhost:8080/reportcatalog-services/category","protocol":"http","host":["localhost"],"port":"8080","path":["reportcatalog-services","category"]}},"response":[]},{"name":"Category- Delete","id":"d246f168-64bf-b779-60e9-1e5c3d334c3a","request":{"method":"DELETE","header":[{"key":"Accept","value":"application/json"},{"key":"Content-Type","value":"application/json"}],"body":{"mode":"raw","raw":"{\n    \"id\": 2123458,\n    \"name\": \"TestCategory\",\n    \"description\": \"TestCategory\"\n}"},"url":{"raw":"http://localhost:8080/reportcatalog-services/category","protocol":"http","host":["localhost"],"port":"8080","path":["reportcatalog-services","category"]}},"response":[]},{"name":"SubCategory- Update","id":"699dc8ff-fce8-fd56-31f8-9fa8a3d679b4","request":{"method":"PUT","header":[{"key":"Content-Type","value":"application/json"},{"key":"Accept","value":"application/json"}],"body":{"mode":"raw","raw":"{\n    \"id\":5591101,\n    \"name\": \"PERFORMANCE1\",\n    \"description\": \"Performance1\",\n    \"categoryId\": \"2123458\"\n}"},"url":{"raw":"http://localhost:8080/reportcatalog-services/subcategory","protocol":"http","host":["localhost"],"port":"8080","path":["reportcatalog-services","subcategory"]}},"response":[]},{"name":"SubCategory- Delete","id":"15d21208-5210-4d44-3e55-7b985c005ccd","request":{"method":"DELETE","header":[{"key":"Content-Type","value":"application/json"},{"key":"Accept","value":"application/json"}],"body":{"mode":"raw","raw":"{\n    \"id\":5591101,\n    \"name\": \"PERFORMANCE1\",\n    \"description\": \"Performance1\",\n    \"categoryId\": \"2123458\"\n}"},"url":{"raw":"http://localhost:8080/reportcatalog-services/subcategory","protocol":"http","host":["localhost"],"port":"8080","path":["reportcatalog-services","subcategory"]}},"response":[]},{"name":"ExecutionApplication- Update","id":"685bc938-af25-c1e3-5cd8-2a4aff12d6bd","request":{"method":"PUT","header":[{"key":"Content-Type","value":"application/json"},{"key":"Accept","value":"application/json"}],"body":{"mode":"raw","raw":"{\n    \"id\"          : 4483201,\n    \"name\"        : \"Webfocus\",\n    \"description\" : \"Webfocus\",\n    \"delimeter\"   : \"@\"\n}"},"url":{"raw":"http://vc2cmmka097103n.fmrco.com:20010/reportcatalog-services/ExecutionApp","protocol":"http","host":["vc2cmmka097103n","fmrco","com"],"port":"20010","path":["reportcatalog-services","ExecutionApp"]}},"response":[]},{"name":"ExecutionApplication- Delete","id":"54e7583c-df1e-0dc7-9190-a595fe5f8e4c","request":{"method":"DELETE","header":[{"key":"Content-Type","value":"application/json"},{"key":"Accept","value":"application/json"}],"body":{"mode":"raw","raw":"{\n    \"id\"          : 4483204,\n    \"name\"        : \"Webfocus\",\n    \"description\" : \"Webfocus\",\n    \"delimeter\"   : \",\"\n}"},"url":{"raw":"http://localhost:8080/reportcatalog-services/ExecutionApp","protocol":"http","host":["localhost"],"port":"8080","path":["reportcatalog-services","ExecutionApp"]}},"response":[]},{"name":"ExecutionApplication- Update copy","id":"0f35d74c-54c5-6825-b48f-555c5a2a710d","request":{"method":"PUT","header":[{"key":"Content-Type","value":"application/json"},{"key":"Accept","value":"application/json"}],"body":{"mode":"raw","raw":"{\n    \"id\"          : 4483201,\n    \"name\"        : \"Webfocus\",\n    \"description\" : \"Webfocus\",\n    \"delimeter\"   : \"@\"\n}"},"url":{"raw":"http://vc2cmmka097103n.fmrco.com:20010/reportcatalog-services/ExecutionApp","protocol":"http","host":["vc2cmmka097103n","fmrco","com"],"port":"20010","path":["reportcatalog-services","ExecutionApp"]}},"response":[]},{"name":"https://reportcatalogsvc-sit.fmrco.com/reportcatalogservices/v1/scheduleGroups","id":"e3058346-ebe8-4b3d-38f1-dfce9b0aaeed","request":{"method":"GET","header":[],"body":{"mode":"formdata","formdata":[]},"url":{"raw":"https://reportcatalogsvc-sit.fmrco.com/reportcatalogservices/v1/scheduleGroups","protocol":"https","host":["reportcatalogsvc-sit","fmrco","com"],"path":["reportcatalogservices","v1","scheduleGroups"]}},"response":[]},{"name":"http://localhost:8080/reportcatalog-services/newSchedule","id":"8ace2634-013f-a6d0-b1f8-45dd66982cfa","request":{"method":"POST","header":[{"key":"Content-Type","value":"application/json"},{"key":"Accept","value":"application/json"}],"body":{"mode":"raw","raw":""},"url":{"raw":"http://localhost:8080/reportcatalog-services/newSchedule","protocol":"http","host":["localhost"],"port":"8080","path":["reportcatalog-services","newSchedule"]}},"response":[]},{"name":"reportCatalog","id":"793eda24-479a-fa68-c906-d2622b00f010","request":{"method":"GET","header":[],"body":{"mode":"formdata","formdata":[]},"url":{"raw":"https://reportcatalogsvc-sit.fmrco.com/reportcatalogservices/v1/schedules/30175","protocol":"https","host":["reportcatalogsvc-sit","fmrco","com"],"path":["reportcatalogservices","v1","schedules","30175"]}},"response":[]},{"name":"Schedules","id":"52a49bab-f192-a554-f0f5-4d28bd33b290","protocolProfileBehavior":{"disableBodyPruning":true},"request":{"method":"GET","header":[{"key":"OAM_REMOTE_USER","value":"a485047","type":"text"},{"key":"Authorization","value":"Bearer Mc6c5QzfZgoqzWZLQq790cYDvtv1E2OJSztoJKleDL9vlCChV7h2Jh","type":"text"}],"body":{"mode":"raw","raw":"[\r\n    {\r\n        \"id\": 30750\r\n       \r\n    }\r\n    ]","options":{"raw":{"language":"json"}}},"url":{"raw":"http://localhost:8080/reportcatalog-services/v1/schedules?app=EQ_REPORTING&type=BIP","protocol":"http","host":["localhost"],"port":"8080","path":["reportcatalog-services","v1","schedules"],"query":[{"key":"app","value":"EQ_REPORTING"},{"key":"type","value":"BIP"}]}},"response":[]},{"name":"https://reportcatalogsvc-sit.fmrco.com/reportcatalogservices/v1/ReportProfiles","id":"0d697f92-d9a8-e312-9e79-e8f9c9a7dc09","request":{"method":"GET","header":[],"body":{"mode":"formdata","formdata":[]},"url":{"raw":"https://reportcatalogsvc-sit.fmrco.com/reportcatalogservices/v1/ReportProfiles","protocol":"https","host":["reportcatalogsvc-sit","fmrco","com"],"path":["reportcatalogservices","v1","ReportProfiles"]}},"response":[]},{"name":"http://localhost:8080/reportcatalog-services/schedules","id":"5c7d68a8-5145-98cd-5284-6a8d784e7271","request":{"method":"POST","header":[{"key":"Content-Type","value":"application/json"}],"body":{"mode":"raw","raw":"{\r\n    \"id\": 30095,\r\n    \"groupId\": \"30054\",\r\n    \"name\": \"Test\",\r\n    \"description\": null,\r\n    \"updateId\": \"a485047\",\r\n    \"tasks\": [\r\n        {\r\n            \"id\": 70103,\r\n            \"scheduleId\": 30095,\r\n            \"profileId\": 814,\r\n            \"profile\": {\r\n                \"id\": 814,\r\n                \"name\": \"HI_403_DM402_FUND_CONFIG_Daily_REPORT\",\r\n                \"description\": null,\r\n                \"executableFileName\": \"HI_403_DM402_FUND_CONFIG_Daily_REPORT.xdo\",\r\n                \"executableAppId\": 4483281,\r\n                \"executableApp\": {\r\n                    \"id\": 4483281,\r\n                    \"name\": \"OBIEE\",\r\n                    \"description\": \"Oracle Business Intelligence Enterprise Edition\",\r\n                    \"delimeter\": \",\",\r\n                    \"updateId\": \"a582775\",\r\n                    \"lastModifiedDate\": null\r\n                },\r\n                \"executableFilePath\": \"/Publisher Reports/Reports - High Income/\",\r\n                \"advisorGroupId\": 1000202,\r\n                \"advisorGroup\": {\r\n                    \"id\": 1000202,\r\n                    \"name\": \"HINC\",\r\n                    \"description\": \"FMR High Income Asset Management\",\r\n                    \"updateId\": \"a582775\",\r\n                    \"lastModifiedDate\": null\r\n                },\r\n                \"categoryId\": 2123571,\r\n                \"category\": {\r\n                    \"id\": 2123571,\r\n                    \"name\": \"TRADES\",\r\n                    \"description\": \"Trading Execution, Operations, Orders, etc.\",\r\n                    \"updateId\": \"a582775\",\r\n                    \"lastModifiedDate\": null\r\n                },\r\n                \"subcategoryId\": 5591240,\r\n                \"subcategory\": {\r\n                    \"id\": 5591240,\r\n                    \"name\": \"EXECUTIONS\",\r\n                    \"description\": \"Executions by Desk, Trader, Program, Sector, etc.\",\r\n                    \"categoryId\": 2123571,\r\n                    \"updateId\": \"a582775\",\r\n                    \"lastModifiedDate\": null\r\n                },\r\n                \"executableDataSrc\": null,\r\n                \"comments\": null,\r\n                \"updateId\": \"a485047\",\r\n                \"profileParameters\": [\r\n                    {\r\n                        \"id\": 123981,\r\n                        \"reportProfileId\": 814,\r\n                        \"name\": \"P_DATE_END\",\r\n                        \"description\": null,\r\n                        \"label\": \"P_DATE_END\",\r\n                        \"delimiter\": null,\r\n                        \"updateId\": \"a485047\",\r\n                        \"value\": null,\r\n                        \"lastModifiedDate\": 1512514918605\r\n                    },\r\n                    {\r\n                        \"id\": 123982,\r\n                        \"reportProfileId\": 814,\r\n                        \"name\": \"P_DATE_RANGE\",\r\n                        \"description\": null,\r\n                        \"label\": \"P_DATE_RANGE\",\r\n                        \"delimiter\": null,\r\n                        \"updateId\": \"a485047\",\r\n                        \"value\": null,\r\n                        \"lastModifiedDate\": 1512514918653\r\n                    },\r\n                    {\r\n                        \"id\": 123983,\r\n                        \"reportProfileId\": 814,\r\n                        \"name\": \"P_DATE_BEGIN\",\r\n                        \"description\": null,\r\n                        \"label\": \"P_DATE_BEGIN\",\r\n                        \"delimiter\": null,\r\n                        \"updateId\": \"a485047\",\r\n                        \"value\": null,\r\n                        \"lastModifiedDate\": 1512514918718\r\n                    }\r\n                ]\r\n            },\r\n            \"name\": \"Test\",\r\n            \"fileName\": \"Test.pdf\",\r\n            \"impersonate\": \"a485047\",\r\n            \"outputFormat\": \"rtf\",\r\n            \"cmsFileName\": null,\r\n            \"templateId\": 111457638,\r\n            \"templateName\": \"PDF\",\r\n            \"paramValues\": [\r\n                {\r\n                    \"id\": 1110298,\r\n                    \"parameterId\": 123981,\r\n                    \"profileId\": 814,\r\n                    \"scheduleId\": 30095,\r\n                    \"value\": null,\r\n                    \"name\": \"P_DATE_END\",\r\n                    \"taskId\": 70103,\r\n                    \"updateId\": \"a485047\",\r\n                    \"lastModifiedDate\": null\r\n                },\r\n                {\r\n                    \"id\": 1110300,\r\n                    \"parameterId\": 123983,\r\n                    \"profileId\": 814,\r\n                    \"scheduleId\": 30095,\r\n                    \"value\": null,\r\n                    \"name\": \"P_DATE_BEGIN\",\r\n                    \"taskId\": 70103,\r\n                    \"updateId\": \"a485047\",\r\n                    \"lastModifiedDate\": null\r\n                },\r\n                {\r\n                    \"id\": 1110299,\r\n                    \"parameterId\": 123982,\r\n                    \"profileId\": 814,\r\n                    \"scheduleId\": 30095,\r\n                    \"value\": \"P_BUS_DATE\",\r\n                    \"name\": \"P_DATE_RANGE\",\r\n                    \"taskId\": 70103,\r\n                    \"updateId\": \"a485047\",\r\n                    \"lastModifiedDate\": null\r\n                }\r\n            ],\r\n            \"updateId\": \"a485047\"\r\n        }\r\n    ],\r\n    \"deliveries\": [\r\n        {\r\n            \"id\": 1,\r\n            \"deliveryType\": \"ftp\",\r\n            \"ftpServerId\": 1020,\r\n            \"ftpPath\": \"/opt/ei/\",\r\n            \"updateId\": \"a485047\",\r\n            \"tasks\": [\r\n                {\r\n                    \"id\": 70103,\r\n                    \"scheduleId\": 30095,\r\n                    \"profileId\": 814,\r\n                    \"profile\": {\r\n                        \"id\": 814,\r\n                        \"name\": \"HI_403_DM402_FUND_CONFIG_Daily_REPORT\",\r\n                        \"description\": null,\r\n                        \"executableFileName\": \"HI_403_DM402_FUND_CONFIG_Daily_REPORT.xdo\",\r\n                        \"executableAppId\": 4483281,\r\n                        \"executableApp\": {\r\n                            \"id\": 4483281,\r\n                            \"name\": \"OBIEE\",\r\n                            \"description\": \"Oracle Business Intelligence Enterprise Edition\",\r\n                            \"delimeter\": \",\",\r\n                            \"updateId\": \"a582775\",\r\n                            \"lastModifiedDate\": null\r\n                        },\r\n                        \"executableFilePath\": \"/Publisher Reports/Reports - High Income/\",\r\n                        \"advisorGroupId\": 1000202,\r\n                        \"advisorGroup\": {\r\n                            \"id\": 1000202,\r\n                            \"name\": \"HINC\",\r\n                            \"description\": \"FMR High Income Asset Management\",\r\n                            \"updateId\": \"a582775\",\r\n                            \"lastModifiedDate\": null\r\n                        },\r\n                        \"categoryId\": 2123571,\r\n                        \"category\": {\r\n                            \"id\": 2123571,\r\n                            \"name\": \"TRADES\",\r\n                            \"description\": \"Trading Execution, Operations, Orders, etc.\",\r\n                            \"updateId\": \"a582775\",\r\n                            \"lastModifiedDate\": null\r\n                        },\r\n                        \"subcategoryId\": 5591240,\r\n                        \"subcategory\": {\r\n                            \"id\": 5591240,\r\n                            \"name\": \"EXECUTIONS\",\r\n                            \"description\": \"Executions by Desk, Trader, Program, Sector, etc.\",\r\n                            \"categoryId\": 2123571,\r\n                            \"updateId\": \"a582775\",\r\n                            \"lastModifiedDate\": null\r\n                        },\r\n                        \"executableDataSrc\": null,\r\n                        \"comments\": null,\r\n                        \"updateId\": \"a485047\",\r\n                        \"profileParameters\": [\r\n                            {\r\n                                \"id\": 123981,\r\n                                \"reportProfileId\": 814,\r\n                                \"name\": \"P_DATE_END\",\r\n                                \"description\": null,\r\n                                \"label\": \"P_DATE_END\",\r\n                                \"delimiter\": null,\r\n                                \"updateId\": \"a485047\",\r\n                                \"value\": null,\r\n                                \"lastModifiedDate\": 1512514918605\r\n                            },\r\n                            {\r\n                                \"id\": 123982,\r\n                                \"reportProfileId\": 814,\r\n                                \"name\": \"P_DATE_RANGE\",\r\n                                \"description\": null,\r\n                                \"label\": \"P_DATE_RANGE\",\r\n                                \"delimiter\": null,\r\n                                \"updateId\": \"a485047\",\r\n                                \"value\": null,\r\n                                \"lastModifiedDate\": 1512514918653\r\n                            },\r\n                            {\r\n                                \"id\": 123983,\r\n                                \"reportProfileId\": 814,\r\n                                \"name\": \"P_DATE_BEGIN\",\r\n                                \"description\": null,\r\n                                \"label\": \"P_DATE_BEGIN\",\r\n                                \"delimiter\": null,\r\n                                \"updateId\": \"a485047\",\r\n                                \"value\": null,\r\n                                \"lastModifiedDate\": 1512514918718\r\n                            }\r\n                        ]\r\n                    },\r\n                    \"fileName\": \"Test.pdf\",\r\n                    \"deliverFileName\": \"Test.pdf\",\r\n                    \"impersonate\": \"a485047\",\r\n                    \"outputFormat\": \"rtf\",\r\n                    \"cmsFileName\": null,\r\n                    \"templateId\": 111457638,\r\n                    \"templateName\": \"PDF\",\r\n                    \"paramValues\": [\r\n                        {\r\n                            \"id\": 1110298,\r\n                            \"parameterId\": 123981,\r\n                            \"profileId\": 814,\r\n                            \"scheduleId\": 30095,\r\n                            \"value\": null,\r\n                            \"name\": \"P_DATE_END\",\r\n                            \"taskId\": 70103,\r\n                            \"updateId\": \"a485047\",\r\n                            \"lastModifiedDate\": null\r\n                        },\r\n                        {\r\n                            \"id\": 1110300,\r\n                            \"parameterId\": 123983,\r\n                            \"profileId\": 814,\r\n                            \"scheduleId\": 30095,\r\n                            \"value\": null,\r\n                            \"name\": \"P_DATE_BEGIN\",\r\n                            \"taskId\": 70103,\r\n                            \"updateId\": \"a485047\",\r\n                            \"lastModifiedDate\": null\r\n                        },\r\n                        {\r\n                            \"id\": 1110299,\r\n                            \"parameterId\": 123982,\r\n                            \"profileId\": 814,\r\n                            \"scheduleId\": 30095,\r\n                            \"value\": \"P_BUS_DATE\",\r\n                            \"name\": \"P_DATE_RANGE\",\r\n                            \"taskId\": 70103,\r\n                            \"updateId\": \"a485047\",\r\n                            \"lastModifiedDate\": null\r\n                        }\r\n                    ],\r\n                    \"updateId\": \"a485047\"\r\n                }\r\n            ]\r\n        },\r\n        {\r\n            \"id\": 150124,\r\n            \"deliveryType\": \"email\",\r\n            \"emailSubject\": \"FundConfig\",\r\n            \"emailToAddresses\": \"a485047@fmr.com\",\r\n            \"emailBCCAddresses\": \"\",\r\n            \"emailCCAddresses\": \"\",\r\n            \"emailFromAddress\": \"advrptng@fmr.com\",\r\n            \"emailReplyToAddress\": \"advrptng@fmr.com\",\r\n            \"emailBody\": \"   <p><font face=\\\"Calibri\\\" style=\\\"font-size: 9pt\\\" color=\\\"#666666\\\"> This message was generated automatically by Advisor Reporting. If you have any immediate concerns about this or any other Advisor Reporting report please send an email to Advisor Reporting. The attachment(s) contained within this email are intended for use by the addressee(s) only. Any dissemination, distribution, or copying of this e-mail or its attachment(s) is prohibited without prior consent from Advisor Reporting.<br><br> If you would like to be removed from this distribution, please reply to this email specifying the report(s) you no longer wish to receive.</font></p> <hr color=\\\"#5D87A1\\\"> <p><font color=\\\"#5D87A1\\\" face=\\\"Calibri\\\" style=\\\"font-size:8pt;font-weight:500\\\">Data provided by Advisor Reporting<br> Oncall: Monday-Friday, 8:00am-6:00pm<br> E-mail: <a style=\\\"color:#5D87A1\\\" href=\\\"mailto:advrptng@fmr.com?subject=Advisor Reporting User Response\\\">Advisor Reporting</a><br>DEV - Test</font></p>\",\r\n            \"updateId\": \"a485047\",\r\n            \"tasks\": [\r\n                {\r\n                    \"id\": 70103,\r\n                    \"scheduleId\": 30095,\r\n                    \"profileId\": 814,\r\n                    \"profile\": {\r\n                        \"id\": 814,\r\n                        \"name\": \"HI_403_DM402_FUND_CONFIG_Daily_REPORT\",\r\n                        \"description\": null,\r\n                        \"executableFileName\": \"HI_403_DM402_FUND_CONFIG_Daily_REPORT.xdo\",\r\n                        \"executableAppId\": 4483281,\r\n                        \"executableApp\": {\r\n                            \"id\": 4483281,\r\n                            \"name\": \"OBIEE\",\r\n                            \"description\": \"Oracle Business Intelligence Enterprise Edition\",\r\n                            \"delimeter\": \",\",\r\n                            \"updateId\": \"a582775\",\r\n                            \"lastModifiedDate\": null\r\n                        },\r\n                        \"executableFilePath\": \"/Publisher Reports/Reports - High Income/\",\r\n                        \"advisorGroupId\": 1000202,\r\n                        \"advisorGroup\": {\r\n                            \"id\": 1000202,\r\n                            \"name\": \"HINC\",\r\n                            \"description\": \"FMR High Income Asset Management\",\r\n                            \"updateId\": \"a582775\",\r\n                            \"lastModifiedDate\": null\r\n                        },\r\n                        \"categoryId\": 2123571,\r\n                        \"category\": {\r\n                            \"id\": 2123571,\r\n                            \"name\": \"TRADES\",\r\n                            \"description\": \"Trading Execution, Operations, Orders, etc.\",\r\n                            \"updateId\": \"a582775\",\r\n                            \"lastModifiedDate\": null\r\n                        },\r\n                        \"subcategoryId\": 5591240,\r\n                        \"subcategory\": {\r\n                            \"id\": 5591240,\r\n                            \"name\": \"EXECUTIONS\",\r\n                            \"description\": \"Executions by Desk, Trader, Program, Sector, etc.\",\r\n                            \"categoryId\": 2123571,\r\n                            \"updateId\": \"a582775\",\r\n                            \"lastModifiedDate\": null\r\n                        },\r\n                        \"executableDataSrc\": null,\r\n                        \"comments\": null,\r\n                        \"updateId\": \"a485047\",\r\n                        \"profileParameters\": [\r\n                            {\r\n                                \"id\": 123981,\r\n                                \"reportProfileId\": 814,\r\n                                \"name\": \"P_DATE_END\",\r\n                                \"description\": null,\r\n                                \"label\": \"P_DATE_END\",\r\n                                \"delimiter\": null,\r\n                                \"updateId\": \"a485047\",\r\n                                \"value\": null,\r\n                                \"lastModifiedDate\": 1512514918605\r\n                            },\r\n                            {\r\n                                \"id\": 123982,\r\n                                \"reportProfileId\": 814,\r\n                                \"name\": \"P_DATE_RANGE\",\r\n                                \"description\": null,\r\n                                \"label\": \"P_DATE_RANGE\",\r\n                                \"delimiter\": null,\r\n                                \"updateId\": \"a485047\",\r\n                                \"value\": null,\r\n                                \"lastModifiedDate\": 1512514918653\r\n                            },\r\n                            {\r\n                                \"id\": 123983,\r\n                                \"reportProfileId\": 814,\r\n                                \"name\": \"P_DATE_BEGIN\",\r\n                                \"description\": null,\r\n                                \"label\": \"P_DATE_BEGIN\",\r\n                                \"delimiter\": null,\r\n                                \"updateId\": \"a485047\",\r\n                                \"value\": null,\r\n                                \"lastModifiedDate\": 1512514918718\r\n                            }\r\n                        ]\r\n                    },\r\n                    \"fileName\": \"Test.pdf\",\r\n                    \"deliverFileName\": \"TestBus2.pdf\",\r\n                    \"impersonate\": \"a485047\",\r\n                    \"outputFormat\": \"rtf\",\r\n                    \"cmsFileName\": null,\r\n                    \"templateId\": 111457638,\r\n                    \"templateName\": \"PDF\",\r\n                    \"paramValues\": [\r\n                        {\r\n                            \"id\": 1110298,\r\n                            \"parameterId\": 123981,\r\n                            \"profileId\": 814,\r\n                            \"scheduleId\": 30095,\r\n                            \"value\": null,\r\n                            \"name\": \"P_DATE_END\",\r\n                            \"taskId\": 70103,\r\n                            \"updateId\": \"a485047\",\r\n                            \"lastModifiedDate\": null\r\n                        },\r\n                        {\r\n                            \"id\": 1110300,\r\n                            \"parameterId\": 123983,\r\n                            \"profileId\": 814,\r\n                            \"scheduleId\": 30095,\r\n                            \"value\": null,\r\n                            \"name\": \"P_DATE_BEGIN\",\r\n                            \"taskId\": 70103,\r\n                            \"updateId\": \"a485047\",\r\n                            \"lastModifiedDate\": null\r\n                        },\r\n                        {\r\n                            \"id\": 1110299,\r\n                            \"parameterId\": 123982,\r\n                            \"profileId\": 814,\r\n                            \"scheduleId\": 30095,\r\n                            \"value\": \"P_BUS_DATE\",\r\n                            \"name\": \"P_DATE_RANGE\",\r\n                            \"taskId\": 70103,\r\n                            \"updateId\": \"a485047\",\r\n                            \"lastModifiedDate\": null\r\n                        }\r\n                    ],\r\n                    \"updateId\": \"a485047\"\r\n                }\r\n            ]\r\n        },\r\n        {\r\n            \"id\": 150125,\r\n            \"deliveryType\": \"email\",\r\n            \"emailSubject\": \"FundConfig2\",\r\n            \"emailToAddresses\": \"a485047@fmrco.com\",\r\n            \"emailBCCAddresses\": null,\r\n            \"emailCCAddresses\": null,\r\n            \"emailFromAddress\": \"advrptng@fmr.com\",\r\n            \"emailReplyToAddress\": \"advrptng@fmr.com\",\r\n            \"emailBody\": \"   <p><font face=\\\"Calibri\\\" style=\\\"font-size: 9pt\\\" color=\\\"#666666\\\"> This message was generated automatically by Advisor Reporting. If you have any immediate concerns about this or any other Advisor Reporting report please send an email to Advisor Reporting. The attachment(s) contained within this email are intended for use by the addressee(s) only. Any dissemination, distribution, or copying of this e-mail or its attachment(s) is prohibited without prior consent from Advisor Reporting.<br><br> If you would like to be removed from this distribution, please reply to this email specifying the report(s) you no longer wish to receive.</font></p> <hr color=\\\"#5D87A1\\\"> <p><font color=\\\"#5D87A1\\\" face=\\\"Calibri\\\" style=\\\"font-size:8pt;font-weight:500\\\">Data provided by Advisor Reporting<br> Oncall: Monday-Friday, 8:00am-6:00pm<br> E-mail: <a style=\\\"color:#5D87A1\\\" href=\\\"mailto:advrptng@fmr.com?subject=Advisor Reporting User Response\\\">Advisor Reporting</a><br>DEV - Test</font></p>\",\r\n            \"updateId\": \"a485047\",\r\n            \"tasks\": [\r\n                {\r\n                    \"id\": 70103,\r\n                    \"scheduleId\": 30095,\r\n                    \"profileId\": 814,\r\n                    \"profile\": {\r\n                        \"id\": 814,\r\n                        \"name\": \"HI_403_DM402_FUND_CONFIG_Daily_REPORT\",\r\n                        \"description\": null,\r\n                        \"executableFileName\": \"HI_403_DM402_FUND_CONFIG_Daily_REPORT.xdo\",\r\n                        \"executableAppId\": 4483281,\r\n                        \"executableApp\": {\r\n                            \"id\": 4483281,\r\n                            \"name\": \"OBIEE\",\r\n                            \"description\": \"Oracle Business Intelligence Enterprise Edition\",\r\n                            \"delimeter\": \",\",\r\n                            \"updateId\": \"a582775\",\r\n                            \"lastModifiedDate\": null\r\n                        },\r\n                        \"executableFilePath\": \"/Publisher Reports/Reports - High Income/\",\r\n                        \"advisorGroupId\": 1000202,\r\n                        \"advisorGroup\": {\r\n                            \"id\": 1000202,\r\n                            \"name\": \"HINC\",\r\n                            \"description\": \"FMR High Income Asset Management\",\r\n                            \"updateId\": \"a582775\",\r\n                            \"lastModifiedDate\": null\r\n                        },\r\n                        \"categoryId\": 2123571,\r\n                        \"category\": {\r\n                            \"id\": 2123571,\r\n                            \"name\": \"TRADES\",\r\n                            \"description\": \"Trading Execution, Operations, Orders, etc.\",\r\n                            \"updateId\": \"a582775\",\r\n                            \"lastModifiedDate\": null\r\n                        },\r\n                        \"subcategoryId\": 5591240,\r\n                        \"subcategory\": {\r\n                            \"id\": 5591240,\r\n                            \"name\": \"EXECUTIONS\",\r\n                            \"description\": \"Executions by Desk, Trader, Program, Sector, etc.\",\r\n                            \"categoryId\": 2123571,\r\n                            \"updateId\": \"a582775\",\r\n                            \"lastModifiedDate\": null\r\n                        },\r\n                        \"executableDataSrc\": null,\r\n                        \"comments\": null,\r\n                        \"updateId\": \"a485047\",\r\n                        \"profileParameters\": [\r\n                            {\r\n                                \"id\": 123981,\r\n                                \"reportProfileId\": 814,\r\n                                \"name\": \"P_DATE_END\",\r\n                                \"description\": null,\r\n                                \"label\": \"P_DATE_END\",\r\n                                \"delimiter\": null,\r\n                                \"updateId\": \"a485047\",\r\n                                \"value\": null,\r\n                                \"lastModifiedDate\": 1512514918605\r\n                            },\r\n                            {\r\n                                \"id\": 123982,\r\n                                \"reportProfileId\": 814,\r\n                                \"name\": \"P_DATE_RANGE\",\r\n                                \"description\": null,\r\n                                \"label\": \"P_DATE_RANGE\",\r\n                                \"delimiter\": null,\r\n                                \"updateId\": \"a485047\",\r\n                                \"value\": null,\r\n                                \"lastModifiedDate\": 1512514918653\r\n                            },\r\n                            {\r\n                                \"id\": 123983,\r\n                                \"reportProfileId\": 814,\r\n                                \"name\": \"P_DATE_BEGIN\",\r\n                                \"description\": null,\r\n                                \"label\": \"P_DATE_BEGIN\",\r\n                                \"delimiter\": null,\r\n                                \"updateId\": \"a485047\",\r\n                                \"value\": null,\r\n                                \"lastModifiedDate\": 1512514918718\r\n                            }\r\n                        ]\r\n                    },\r\n                    \"fileName\": \"Test.pdf\",\r\n                    \"deliverFileName\": \"TestBUS4.pdf\",\r\n                    \"impersonate\": \"a485047\",\r\n                    \"outputFormat\": \"rtf\",\r\n                    \"cmsFileName\": null,\r\n                    \"templateId\": 111457638,\r\n                    \"templateName\": \"PDF\",\r\n                    \"paramValues\": [\r\n                        {\r\n                            \"id\": 1110298,\r\n                            \"parameterId\": 123981,\r\n                            \"profileId\": 814,\r\n                            \"scheduleId\": 30095,\r\n                            \"value\": null,\r\n                            \"name\": \"P_DATE_END\",\r\n                            \"taskId\": 70103,\r\n                            \"updateId\": \"a485047\",\r\n                            \"lastModifiedDate\": null\r\n                        },\r\n                        {\r\n                            \"id\": 1110300,\r\n                            \"parameterId\": 123983,\r\n                            \"profileId\": 814,\r\n                            \"scheduleId\": 30095,\r\n                            \"value\": null,\r\n                            \"name\": \"P_DATE_BEGIN\",\r\n                            \"taskId\": 70103,\r\n                            \"updateId\": \"a485047\",\r\n                            \"lastModifiedDate\": null\r\n                        },\r\n                        {\r\n                            \"id\": 1110299,\r\n                            \"parameterId\": 123982,\r\n                            \"profileId\": 814,\r\n                            \"scheduleId\": 30095,\r\n                            \"value\": \"P_BUS_DATE\",\r\n                            \"name\": \"P_DATE_RANGE\",\r\n                            \"taskId\": 70103,\r\n                            \"updateId\": \"a485047\",\r\n                            \"lastModifiedDate\": null\r\n                        }\r\n                    ],\r\n                    \"inlineHtmlFlag\": null,\r\n                    \"updateId\": \"a485047\"\r\n                }\r\n            ]\r\n        }\r\n    ],\r\n    \"group\": {\r\n        \"id\": \"30054\",\r\n        \"name\": \"Test\",\r\n        \"updateId\": \"a485047\",\r\n        \"schedules\": null\r\n    }\r\n}"},"url":{"raw":"http://localhost:8080/reportcatalog-services/schedules","protocol":"http","host":["localhost"],"port":"8080","path":["reportcatalog-services","schedules"]}},"response":[]},{"name":"ExecutionApp-SIT","id":"f1c9eb56-931d-d703-f7bf-f2edce340cc5","request":{"method":"GET","header":[],"body":{"mode":"formdata","formdata":[]},"url":{"raw":"https://reportcatalogsvc-sit.fmrco.com/reportcatalogservices/v1/ExecutionApps","protocol":"https","host":["reportcatalogsvc-sit","fmrco","com"],"path":["reportcatalogservices","v1","ExecutionApps"]}},"response":[]},{"name":"GetFolder-SIT","id":"eae44eef-8552-11fa-c1bc-75a95cc7b772","request":{"method":"GET","header":[],"body":{"mode":"formdata","formdata":[]},"url":{"raw":"https://reportcatalogsvc-sit.fmrco.com/reportcatalogservices/v1/node?folder=/Publisher Reports/Reports - Cash","protocol":"https","host":["reportcatalogsvc-sit","fmrco","com"],"path":["reportcatalogservices","v1","node"],"query":[{"key":"folder","value":"/Publisher Reports/Reports - Cash"}]}},"response":[]},{"name":"https://vc2cmmkb255424n.fmrco.com:20013/reportcatalogservices/v1/ReportProfiles?appFilterId=CRA_REPORTING&type=BIP","id":"ba91db36-16c7-4535-91aa-7a40203eb0f1","request":{"method":"GET","header":[{"key":"OAM_REMOTE_USER","value":"a485047"}],"body":{"mode":"formdata","formdata":[]},"url":{"raw":"https://vc2cmmkb255424n.fmrco.com:20013/reportcatalogservices/v1/ReportProfiles?appFilterId=CRA_REPORTING&type=BIP","protocol":"https","host":["vc2cmmkb255424n","fmrco","com"],"port":"20013","path":["reportcatalogservices","v1","ReportProfiles"],"query":[{"key":"appFilterId","value":"CRA_REPORTING"},{"key":"type","value":"BIP"}]}},"response":[]},{"name":"https://vc2cmmkb255617n.fmrco.com:20013/reportcatalogservices/v1/ReportProfiles?app=EQ_Reporting","id":"b78c0cf2-2c2b-429c-918a-2d18df41fc11","request":{"method":"GET","header":[{"key":"Authorization","value":"Bearer kA7BZPLvH4JSONTrEtRR0WpYOE4o5tJV48W1vvawGpr5aPLjvcZpN2","type":"text"},{"key":"Accept","value":"application/json","type":"text"},{"key":"OAM_REMOTE_USER","value":"a485047","type":"text","disabled":true}],"url":{"raw":"https://vc2cmmkb255617n.fmrco.com:20013/reportcatalogservices/v1/ReportProfiles?app=EQ_Reporting","protocol":"https","host":["vc2cmmkb255617n","fmrco","com"],"port":"20013","path":["reportcatalogservices","v1","ReportProfiles"],"query":[{"key":"app","value":"EQ_Reporting"}]}},"response":[]},{"name":"http://localhost:8080/advisorreportingteamdashboard-services-v2/notificationPreference?id=A411176&nodeName=HINCNS","id":"63ab7e2e-01b4-4d6f-8d16-4c90bf6df762","request":{"method":"POST","header":[],"url":{"raw":"http://localhost:8080/advisorreportingteamdashboard-services-v2/notificationPreference?id=A411176&nodeName=HINCNS","protocol":"http","host":["localhost"],"port":"8080","path":["advisorreportingteamdashboard-services-v2","notificationPreference"],"query":[{"key":"id","value":"A411176"},{"key":"nodeName","value":"HINCNS"}]}},"response":[]},{"name":"https://vc2cmmkb255617n.fmrco.com:20013/reportcatalogservices/v1/ReportProfiles?app=EQ_Reporting","id":"516f5eed-b8f1-4a4d-b9cb-dea2ea8e8d6e","request":{"method":"GET","header":[{"key":"Authorization","value":"Bearer sZx0i4FcbLMH37sIhnN7vSWMrjE7kB5ILNBnqD1VVFGzQWYIXY6bPh","type":"text","disabled":true},{"key":"Accept","value":"application/json","type":"text"},{"key":"OAM_REMOTE_USER","value":"a485047","type":"text"}],"url":{"raw":"https://reportcatalogsvc-sit.fmrco.com/reportcatalogservices/v1/advisorGroups?app=EQ_Reporting","protocol":"https","host":["reportcatalogsvc-sit","fmrco","com"],"path":["reportcatalogservices","v1","advisorGroups"],"query":[{"key":"app","value":"EQ_Reporting"}]}},"response":[]},{"name":"https://localhost:8443/reportcatalog-services/oauth2/v1/import?app=EQ_Reporting","id":"6c181c64-8fe0-483c-a84b-cf2d3df1ad7d","protocolProfileBehavior":{"disableBodyPruning":true},"request":{"method":"POST","header":[{"key":"Authorization","value":"Bearer {{OAUTH_TOKEN_USER}}","type":"text"},{"key":"Content-Type","name":"Content-Type","value":"application/json","type":"text"}],"body":{"mode":"raw","raw":"[\r\n  {\r\n    \"dataindex\": 195,\r\n    \"id\": 30177,\r\n    \"available\": true,\r\n    \"name\": \"Daily\",\r\n    \"scheduleGroupName\": \"HI Fund Config Report\",\r\n    \"groupId\": 30108,\r\n    \"tasks\": [\r\n      {\r\n        \"id\": 70252,\r\n        \"name\": \"HI_403_DM402_FUND_CONFIG_Daily_REPORT\",\r\n        \"scheduleId\": 30177,\r\n        \"profileId\": 437,\r\n        \"profile\": {\r\n          \"id\": 437,\r\n          \"name\": \"HI_403_DM402_FUND_CONFIG_Daily_REPORT\",\r\n          \"description\": null,\r\n          \"executableFileName\": \"HI_403_DM402_FUND_CONFIG_Daily_REPORT.xdo\",\r\n          \"executableAppId\": 4483281,\r\n          \"executableApp\": {\r\n            \"id\": 4483281,\r\n            \"name\": \"OBIEE\",\r\n            \"description\": \"Oracle Business Intelligence Enterprise Edition\",\r\n            \"delimeter\": \",\",\r\n            \"updateId\": \"a485047\",\r\n            \"lastModifiedDate\": null\r\n          },\r\n          \"executableFilePath\": \"/Publisher Reports/Reports - High Income/\",\r\n          \"advisorGroupId\": 1000199,\r\n          \"advisorGroup\": {\r\n            \"id\": 1000199,\r\n            \"name\": \"EQ\",\r\n            \"description\": \"FMR Equity Asset Management\",\r\n            \"updateId\": \"a582775\",\r\n            \"lastModifiedDate\": 1537553823160,\r\n            \"authFilterCd\": \"EQ_REPORTING\"\r\n          },\r\n          \"categoryId\": 2123579,\r\n          \"category\": {\r\n            \"id\": 2123579,\r\n            \"name\": \"CASH\",\r\n            \"description\": \"Global Cash Reports\",\r\n            \"updateId\": \"advrptng\",\r\n            \"lastModifiedDate\": 1537553823334,\r\n            \"authFilterCd\": \"EQ_REPORTING\"\r\n          },\r\n          \"subcategoryId\": 5591236,\r\n          \"subcategory\": {\r\n            \"id\": 5591236,\r\n            \"name\": \"PROJECTED\",\r\n            \"description\": \"Projected Cash Reports\",\r\n            \"categoryId\": 2123579,\r\n            \"updateId\": \"advrptng\",\r\n            \"lastModifiedDate\": 1537553823497\r\n          },\r\n          \"executableDataSrc\": null,\r\n          \"comments\": null,\r\n          \"updateId\": \"a485047\",\r\n          \"templates\": [\r\n            {\r\n              \"id\": 111457211,\r\n              \"name\": \"PDF\",\r\n              \"description\": \"FundConfigurationReport_Daily.rtf\",\r\n              \"reportProfileId\": 437,\r\n              \"formatId\": null,\r\n              \"updateId\": \"a485047\",\r\n              \"lastModifiedDate\": 1528120816496,\r\n              \"format\": \"rtf\"\r\n            }\r\n          ],\r\n          \"profileParameters\": [\r\n            {\r\n              \"id\": 123749,\r\n              \"reportProfileId\": 437,\r\n              \"name\": \"P_DATE_RANGE\",\r\n              \"label\": \"P_DATE_RANGE\",\r\n              \"description\": null,\r\n              \"type\": null,\r\n              \"updateId\": \"a485047\",\r\n              \"value\": null,\r\n              \"lastModifiedDate\": 1528120816600\r\n            },\r\n            {\r\n              \"id\": 123750,\r\n              \"reportProfileId\": 437,\r\n              \"name\": \"P_DATE_BEGIN\",\r\n              \"label\": \"P_DATE_BEGIN\",\r\n              \"description\": null,\r\n              \"type\": null,\r\n              \"updateId\": \"a485047\",\r\n              \"value\": null,\r\n              \"lastModifiedDate\": 1528120816650\r\n            },\r\n            {\r\n              \"id\": 123751,\r\n              \"reportProfileId\": 437,\r\n              \"name\": \"P_DATE_END\",\r\n              \"label\": \"P_DATE_END\",\r\n              \"description\": null,\r\n              \"type\": null,\r\n              \"updateId\": \"a485047\",\r\n              \"value\": null,\r\n              \"lastModifiedDate\": 1528120816544\r\n            }\r\n          ],\r\n          \"dataSources\": [\r\n            {\r\n              \"id\": 1101380,\r\n              \"dataSetName\": \"FundConfigSection1\",\r\n              \"dataSource\": \"CDE-ITF\",\r\n              \"reportProfileId\": 437,\r\n              \"associatedProfile\": null,\r\n              \"query\": \"Select MOD(rownum, 2) as rowType,\\n   t.PM_GROUPNAME,\\n   t.PM_GROUP,\\n   t.PORTFOLIO_ID,\\n   t.FUND_LONGNAME,\\n   t.FUND_SHORTNAME,\\n   t.PRIMARY_MGR,\\n   t.PMWS_MGR_FUND_LIST,\\n   t.CO_MANAGER_ROLE,\\n   t.CO_MANAGER,\\n   t.PMWS_SUPPORT_FUND_LIST,\\n   t.OVERRIDE_SCOPE_CD,\\n   (CASE WHEN T.FUND_FLAG = 'Y' THEN TO_CHAR(T.ASSET_AMTFUND_OVERRIDE,'FM99999')\\n   ELSE TO_CHAR(T.ASSET_AMTFUND_OVERRIDE,'FM$999,999,999,999')\\n   END) ASSET_AMTFUND_OVERRIDE,\\n   --t.CHANGE_EVENT,\\n(Case when t.UPDATE_DATE >= (SELECT BEGIN_DT\\n    FROM TABLE (PKG_ADVREPORT_UTILS.FNC_GET_DATES(:P_DATE_RANGE,:P_DATE_BEGIN, :P_DATE_END)))  and t.UPDATE_DATE < (SELECT END_DT\\n    FROM TABLE (PKG_ADVREPORT_UTILS.FNC_GET_DATES(:P_DATE_RANGE,:P_DATE_BEGIN, :P_DATE_END)))\\n      then t.CHANGE_EVENT\\n      else\\n      null\\n  end) CHANGE_EVENT,   \\n(Case when t.UPDATE_DATE >= (SELECT BEGIN_DT\\n    FROM TABLE (PKG_ADVREPORT_UTILS.FNC_GET_DATES(:P_DATE_RANGE,:P_DATE_BEGIN, :P_DATE_END)))  and t.UPDATE_DATE < (SELECT END_DT\\n    FROM TABLE (PKG_ADVREPORT_UTILS.FNC_GET_DATES(:P_DATE_RANGE,:P_DATE_BEGIN, :P_DATE_END)))\\n      then t.UPDATE_DATE\\n      else\\n      null\\nend) LAST_CHANGE_DATE,\\n   t.UPDATE_DATE,\\n   t.FUND_FLAG             \\nfrom HI_WH.HI_ACTIVE_FUND_REPORT t\\nwhere (primary_mgr is not null and pmws_mgr_fund_list is not null) or (pmws_support_fund_list is not null)\",\r\n              \"updateId\": \"a485047\",\r\n              \"lastModifiedDate\": 1528120816337\r\n            },\r\n            {\r\n              \"id\": 1101381,\r\n              \"dataSetName\": \"DateRange\",\r\n              \"dataSource\": \"CDE-ITF\",\r\n              \"reportProfileId\": 437,\r\n              \"associatedProfile\": null,\r\n              \"query\": \"SELECT *\\n    FROM TABLE (PKG_ADVREPORT_UTILS.FNC_GET_DATES(:P_DATE_RANGE,:P_DATE_BEGIN, :P_DATE_END))\",\r\n              \"updateId\": \"a485047\",\r\n              \"lastModifiedDate\": 1528120816396\r\n            },\r\n            {\r\n              \"id\": 1101382,\r\n              \"dataSetName\": \"FundConfigSection2\",\r\n              \"dataSource\": \"CDE-ITF\",\r\n              \"reportProfileId\": 437,\r\n              \"associatedProfile\": null,\r\n              \"query\": \"Select \\n1 AS KEY,\\nMOD(rownum,2) as rowType,\\nPORTFOLIO_LONG_NAME,\\n   PORTFOLIO_SHORT_NAME,\\n   CHANGED_ATTRIBUTE,\\n   PREVIOUS_VALUE,\\n   NEW_VALUE,\\n   CHANGED_DATE,\\n   UPDATE_DT,\\n   FUND_FLAG\\nfrom hi_wh.HI_DAILY_FUND_REPORT\\nwhere (PREVIOUS_VALUE <>  NEW_VALUE or PREVIOUS_VALUE is null)\\nand  CHANGED_DATE >=\\n              (SELECT BEGIN_DT\\n                 FROM TABLE (\\n                         PKG_ADVREPORT_UTILS.FNC_GET_DATES (:P_DATE_RANGE,\\n                                                            :P_DATE_BEGIN,\\n                                                            :P_DATE_END)))\\n       AND CHANGED_DATE <=\\n              (SELECT END_DT\\n                 FROM TABLE (\\n                         PKG_ADVREPORT_UTILS.FNC_GET_DATES ( :P_DATE_RANGE,\\n                                                            :P_DATE_BEGIN,\\n                                                            :P_DATE_END)))\\n                                                            \\n                                                            \\nUNION ALL\\nSelect \\n2 AS KEY,\\nNULL as ROWTYPE,\\nNULL as PORTFOLIO_LONG_NAME,\\nNULL as PORTFOLIO_SHORT_NAME,\\nNULL as CHANGED_ATTRIBUTE,\\nNULL as PREVIOUS_VALUE,\\nNULL as NEW_VALUE,\\nNULL as CHANGED_DATE,\\nNULL as UPDATE_DT,\\nNULL as FUND_FLAG\\nFROM DUAL\",\r\n              \"updateId\": \"a485047\",\r\n              \"lastModifiedDate\": 1528120816447\r\n            }\r\n          ],\r\n          \"lastModifiedDate\": 1528120816257,\r\n          \"reportType\": \"BIP\",\r\n          \"url\": \"http://equitsrtp2.fmr.com:9502/analytics/saw.dll?Go&Path=/Publisher Reports/Reports - High Income/HI_403_DM402_FUND_CONFIG_Daily_REPORT.xdo&Options=dmr\",\r\n          \"authFilterCd\": \"EQ_REPORTING\"\r\n        },\r\n        \"fileName\": \"FundConfigDailyReport.pdf\",\r\n        \"impersonate\": \"a485047\",\r\n        \"outputFormat\": \"rtf\",\r\n        \"cmsFileName\": null,\r\n        \"templateId\": 111457211,\r\n        \"templateName\": \"PDF\",\r\n        \"paramValues\": [\r\n          {\r\n            \"id\": 1110422,\r\n            \"parameterId\": 123749,\r\n            \"profileId\": 437,\r\n            \"scheduleId\": 30177,\r\n            \"value\": \"PRV_BUS_DAY\",\r\n            \"name\": \"P_DATE_RANGE\",\r\n            \"taskId\": 70252,\r\n            \"updateId\": \"a485047\",\r\n            \"lastModifiedDate\": null\r\n          },\r\n          {\r\n            \"id\": 1110423,\r\n            \"parameterId\": 123750,\r\n            \"profileId\": 437,\r\n            \"scheduleId\": 30177,\r\n            \"value\": null,\r\n            \"name\": \"P_DATE_BEGIN\",\r\n            \"taskId\": 70252,\r\n            \"updateId\": \"a485047\",\r\n            \"lastModifiedDate\": null\r\n          },\r\n          {\r\n            \"id\": 1110424,\r\n            \"parameterId\": 123751,\r\n            \"profileId\": 437,\r\n            \"scheduleId\": 30177,\r\n            \"value\": null,\r\n            \"name\": \"P_DATE_END\",\r\n            \"taskId\": 70252,\r\n            \"updateId\": \"a485047\",\r\n            \"lastModifiedDate\": null\r\n          }\r\n        ],\r\n        \"inlineHtmlFlag\": null,\r\n        \"deliverFileName\": \"FundConfigDailyReport.pdf\",\r\n        \"updateId\": \"a485047\",\r\n        \"lastModifiedDate\": 1523221620358\r\n      }\r\n    ],\r\n    \"deliveries\": [\r\n      {\r\n        \"id\": 150713,\r\n        \"deliveryId\": null,\r\n        \"emailSubject\": \"FundConfig Daily\",\r\n        \"emailToAddresses\": \"a485047@fmr.com\",\r\n        \"emailBCCAddresses\": null,\r\n        \"emailCCAddresses\": null,\r\n        \"emailFromAddress\": \"advrptng@fmr.com\",\r\n        \"emailReplyToAddress\": \"advrptng@fmr.com\",\r\n        \"emailBody\": \"   <p><font color=\\\"#666666\\\" face=\\\"Calibri\\\" style=\\\"font-size: 9pt;\\\"> This message was generated automatically by Advisor Reporting. If you have any immediate concerns about this or any other Advisor Reporting report please send an email to Advisor Reporting. The attachment(s) contained within this email are intended for use by the addressee(s) only. Any dissemination, distribution, or copying of this e-mail or its attachment(s) is prohibited without prior consent from Advisor Reporting.<br><br> If you would like to be removed from this distribution, please reply to this email specifying the report(s) you no longer wish to receive.</font></p> <hr color=\\\"#5d87a1\\\"> <p><font color=\\\"#5d87a1\\\" face=\\\"Calibri\\\" style=\\\"font-size: 8pt; font-weight: 500;\\\">Data provided by Advisor Reporting<br> Oncall: Monday-Friday, 8:00am-6:00pm<br> E-mail: <a style=\\\"color: rgb(93, 135, 161);\\\" href=\\\"mailto:advrptng@fmr.com?subject=Advisor Reporting User Response\\\">Advisor Reporting</a><br>SIT - Daily</font></p>\",\r\n        \"emailBodyHTMLFlag\": \"N\",\r\n        \"ftpServerId\": null,\r\n        \"ftpPath\": null,\r\n        \"cmsRootFolder\": null,\r\n        \"cmsSubFolder\": null,\r\n        \"updateId\": \"a485047\",\r\n        \"lastModifiedDate\": 1523221621023,\r\n        \"deliveryType\": \"email\",\r\n        \"spSubsite\": null,\r\n        \"spPath\": null,\r\n        \"spLibrary\": null,\r\n        \"tasks\": [\r\n          {\r\n            \"id\": 70252,\r\n            \"name\": \"HI_403_DM402_FUND_CONFIG_Daily_REPORT\",\r\n            \"scheduleId\": 30177,\r\n            \"profileId\": 437,\r\n            \"profile\": {\r\n              \"id\": 437,\r\n              \"name\": \"HI_403_DM402_FUND_CONFIG_Daily_REPORT\",\r\n              \"description\": null,\r\n              \"executableFileName\": \"HI_403_DM402_FUND_CONFIG_Daily_REPORT.xdo\",\r\n              \"executableAppId\": 4483281,\r\n              \"executableApp\": {\r\n                \"id\": 4483281,\r\n                \"name\": \"OBIEE\",\r\n                \"description\": \"Oracle Business Intelligence Enterprise Edition\",\r\n                \"delimeter\": \",\",\r\n                \"updateId\": \"a485047\",\r\n                \"lastModifiedDate\": null\r\n              },\r\n              \"executableFilePath\": \"/Publisher Reports/Reports - High Income/\",\r\n              \"advisorGroupId\": 1000199,\r\n              \"advisorGroup\": {\r\n                \"id\": 1000199,\r\n                \"name\": \"EQ\",\r\n                \"description\": \"FMR Equity Asset Management\",\r\n                \"updateId\": \"a582775\",\r\n                \"lastModifiedDate\": 1537553823160,\r\n                \"authFilterCd\": \"EQ_REPORTING\"\r\n              },\r\n              \"categoryId\": 2123579,\r\n              \"category\": {\r\n                \"id\": 2123579,\r\n                \"name\": \"CASH\",\r\n                \"description\": \"Global Cash Reports\",\r\n                \"updateId\": \"advrptng\",\r\n                \"lastModifiedDate\": 1537553823334,\r\n                \"authFilterCd\": \"EQ_REPORTING\"\r\n              },\r\n              \"subcategoryId\": 5591236,\r\n              \"subcategory\": {\r\n                \"id\": 5591236,\r\n                \"name\": \"PROJECTED\",\r\n                \"description\": \"Projected Cash Reports\",\r\n                \"categoryId\": 2123579,\r\n                \"updateId\": \"advrptng\",\r\n                \"lastModifiedDate\": 1537553823497\r\n              },\r\n              \"executableDataSrc\": null,\r\n              \"comments\": null,\r\n              \"updateId\": \"a485047\",\r\n              \"templates\": [\r\n                {\r\n                  \"id\": 111457211,\r\n                  \"name\": \"PDF\",\r\n                  \"description\": \"FundConfigurationReport_Daily.rtf\",\r\n                  \"reportProfileId\": 437,\r\n                  \"formatId\": null,\r\n                  \"updateId\": \"a485047\",\r\n                  \"lastModifiedDate\": 1528120816496,\r\n                  \"format\": \"rtf\"\r\n                }\r\n              ],\r\n              \"profileParameters\": [\r\n                {\r\n                  \"id\": 123749,\r\n                  \"reportProfileId\": 437,\r\n                  \"name\": \"P_DATE_RANGE\",\r\n                  \"label\": \"P_DATE_RANGE\",\r\n                  \"description\": null,\r\n                  \"type\": null,\r\n                  \"updateId\": \"a485047\",\r\n                  \"value\": null,\r\n                  \"lastModifiedDate\": 1528120816600\r\n                },\r\n                {\r\n                  \"id\": 123750,\r\n                  \"reportProfileId\": 437,\r\n                  \"name\": \"P_DATE_BEGIN\",\r\n                  \"label\": \"P_DATE_BEGIN\",\r\n                  \"description\": null,\r\n                  \"type\": null,\r\n                  \"updateId\": \"a485047\",\r\n                  \"value\": null,\r\n                  \"lastModifiedDate\": 1528120816650\r\n                },\r\n                {\r\n                  \"id\": 123751,\r\n                  \"reportProfileId\": 437,\r\n                  \"name\": \"P_DATE_END\",\r\n                  \"label\": \"P_DATE_END\",\r\n                  \"description\": null,\r\n                  \"type\": null,\r\n                  \"updateId\": \"a485047\",\r\n                  \"value\": null,\r\n                  \"lastModifiedDate\": 1528120816544\r\n                }\r\n              ],\r\n              \"dataSources\": [\r\n                {\r\n                  \"id\": 1101380,\r\n                  \"dataSetName\": \"FundConfigSection1\",\r\n                  \"dataSource\": \"CDE-ITF\",\r\n                  \"reportProfileId\": 437,\r\n                  \"associatedProfile\": null,\r\n                  \"query\": \"Select MOD(rownum, 2) as rowType,\\n   t.PM_GROUPNAME,\\n   t.PM_GROUP,\\n   t.PORTFOLIO_ID,\\n   t.FUND_LONGNAME,\\n   t.FUND_SHORTNAME,\\n   t.PRIMARY_MGR,\\n   t.PMWS_MGR_FUND_LIST,\\n   t.CO_MANAGER_ROLE,\\n   t.CO_MANAGER,\\n   t.PMWS_SUPPORT_FUND_LIST,\\n   t.OVERRIDE_SCOPE_CD,\\n   (CASE WHEN T.FUND_FLAG = 'Y' THEN TO_CHAR(T.ASSET_AMTFUND_OVERRIDE,'FM99999')\\n   ELSE TO_CHAR(T.ASSET_AMTFUND_OVERRIDE,'FM$999,999,999,999')\\n   END) ASSET_AMTFUND_OVERRIDE,\\n   --t.CHANGE_EVENT,\\n(Case when t.UPDATE_DATE >= (SELECT BEGIN_DT\\n    FROM TABLE (PKG_ADVREPORT_UTILS.FNC_GET_DATES(:P_DATE_RANGE,:P_DATE_BEGIN, :P_DATE_END)))  and t.UPDATE_DATE < (SELECT END_DT\\n    FROM TABLE (PKG_ADVREPORT_UTILS.FNC_GET_DATES(:P_DATE_RANGE,:P_DATE_BEGIN, :P_DATE_END)))\\n      then t.CHANGE_EVENT\\n      else\\n      null\\n  end) CHANGE_EVENT,   \\n(Case when t.UPDATE_DATE >= (SELECT BEGIN_DT\\n    FROM TABLE (PKG_ADVREPORT_UTILS.FNC_GET_DATES(:P_DATE_RANGE,:P_DATE_BEGIN, :P_DATE_END)))  and t.UPDATE_DATE < (SELECT END_DT\\n    FROM TABLE (PKG_ADVREPORT_UTILS.FNC_GET_DATES(:P_DATE_RANGE,:P_DATE_BEGIN, :P_DATE_END)))\\n      then t.UPDATE_DATE\\n      else\\n      null\\nend) LAST_CHANGE_DATE,\\n   t.UPDATE_DATE,\\n   t.FUND_FLAG             \\nfrom HI_WH.HI_ACTIVE_FUND_REPORT t\\nwhere (primary_mgr is not null and pmws_mgr_fund_list is not null) or (pmws_support_fund_list is not null)\",\r\n                  \"updateId\": \"a485047\",\r\n                  \"lastModifiedDate\": 1528120816337\r\n                },\r\n                {\r\n                  \"id\": 1101381,\r\n                  \"dataSetName\": \"DateRange\",\r\n                  \"dataSource\": \"CDE-ITF\",\r\n                  \"reportProfileId\": 437,\r\n                  \"associatedProfile\": null,\r\n                  \"query\": \"SELECT *\\n    FROM TABLE (PKG_ADVREPORT_UTILS.FNC_GET_DATES(:P_DATE_RANGE,:P_DATE_BEGIN, :P_DATE_END))\",\r\n                  \"updateId\": \"a485047\",\r\n                  \"lastModifiedDate\": 1528120816396\r\n                },\r\n                {\r\n                  \"id\": 1101382,\r\n                  \"dataSetName\": \"FundConfigSection2\",\r\n                  \"dataSource\": \"CDE-ITF\",\r\n                  \"reportProfileId\": 437,\r\n                  \"associatedProfile\": null,\r\n                  \"query\": \"Select \\n1 AS KEY,\\nMOD(rownum,2) as rowType,\\nPORTFOLIO_LONG_NAME,\\n   PORTFOLIO_SHORT_NAME,\\n   CHANGED_ATTRIBUTE,\\n   PREVIOUS_VALUE,\\n   NEW_VALUE,\\n   CHANGED_DATE,\\n   UPDATE_DT,\\n   FUND_FLAG\\nfrom hi_wh.HI_DAILY_FUND_REPORT\\nwhere (PREVIOUS_VALUE <>  NEW_VALUE or PREVIOUS_VALUE is null)\\nand  CHANGED_DATE >=\\n              (SELECT BEGIN_DT\\n                 FROM TABLE (\\n                         PKG_ADVREPORT_UTILS.FNC_GET_DATES (:P_DATE_RANGE,\\n                                                            :P_DATE_BEGIN,\\n                                                            :P_DATE_END)))\\n       AND CHANGED_DATE <=\\n              (SELECT END_DT\\n                 FROM TABLE (\\n                         PKG_ADVREPORT_UTILS.FNC_GET_DATES ( :P_DATE_RANGE,\\n                                                            :P_DATE_BEGIN,\\n                                                            :P_DATE_END)))\\n                                                            \\n                                                            \\nUNION ALL\\nSelect \\n2 AS KEY,\\nNULL as ROWTYPE,\\nNULL as PORTFOLIO_LONG_NAME,\\nNULL as PORTFOLIO_SHORT_NAME,\\nNULL as CHANGED_ATTRIBUTE,\\nNULL as PREVIOUS_VALUE,\\nNULL as NEW_VALUE,\\nNULL as CHANGED_DATE,\\nNULL as UPDATE_DT,\\nNULL as FUND_FLAG\\nFROM DUAL\",\r\n                  \"updateId\": \"a485047\",\r\n                  \"lastModifiedDate\": 1528120816447\r\n                }\r\n              ],\r\n              \"lastModifiedDate\": 1528120816257,\r\n              \"reportType\": \"BIP\",\r\n              \"url\": \"http://equitsrtp2.fmr.com:9502/analytics/saw.dll?Go&Path=/Publisher Reports/Reports - High Income/HI_403_DM402_FUND_CONFIG_Daily_REPORT.xdo&Options=dmr\",\r\n              \"authFilterCd\": \"EQ_REPORTING\"\r\n            },\r\n            \"fileName\": \"FundConfigDailyReport.pdf\",\r\n            \"impersonate\": \"a485047\",\r\n            \"outputFormat\": \"rtf\",\r\n            \"cmsFileName\": null,\r\n            \"templateId\": 111457211,\r\n            \"templateName\": \"PDF\",\r\n            \"paramValues\": [\r\n              {\r\n                \"id\": 1110422,\r\n                \"parameterId\": 123749,\r\n                \"profileId\": 437,\r\n                \"scheduleId\": 30177,\r\n                \"value\": \"PRV_BUS_DAY\",\r\n                \"name\": \"P_DATE_RANGE\",\r\n                \"taskId\": 70252,\r\n                \"updateId\": \"a485047\",\r\n                \"lastModifiedDate\": null\r\n              },\r\n              {\r\n                \"id\": 1110423,\r\n                \"parameterId\": 123750,\r\n                \"profileId\": 437,\r\n                \"scheduleId\": 30177,\r\n                \"value\": null,\r\n                \"name\": \"P_DATE_BEGIN\",\r\n                \"taskId\": 70252,\r\n                \"updateId\": \"a485047\",\r\n                \"lastModifiedDate\": null\r\n              },\r\n              {\r\n                \"id\": 1110424,\r\n                \"parameterId\": 123751,\r\n                \"profileId\": 437,\r\n                \"scheduleId\": 30177,\r\n                \"value\": null,\r\n                \"name\": \"P_DATE_END\",\r\n                \"taskId\": 70252,\r\n                \"updateId\": \"a485047\",\r\n                \"lastModifiedDate\": null\r\n              }\r\n            ],\r\n            \"inlineHtmlFlag\": null,\r\n            \"deliverFileName\": \"FundConfigDailyReport.pdf\",\r\n            \"updateId\": \"a485047\",\r\n            \"lastModifiedDate\": 1523221620358\r\n          }\r\n        ],\r\n        \"associatedTasks\": null,\r\n        \"ftpServer\": null,\r\n        \"enableBusinessUtility\": false,\r\n        \"spId\": null,\r\n        \"sharepointSite\": null,\r\n        \"scheduleId\": null,\r\n        \"associatedSchedule\": null\r\n      }\r\n    ],\r\n    \"group\": {\r\n      \"id\": 30108,\r\n      \"name\": \"HI Fund Config Report\",\r\n      \"updateId\": \"a485047\",\r\n      \"schedules\": null,\r\n      \"lastModifiedDate\": 1523221616173,\r\n      \"authFilterCd\": \"EQ_REPORTING\"\r\n    },\r\n    \"updateId\": \"a485047\",\r\n    \"uid\": 195,\r\n    \"boundindex\": 195,\r\n    \"uniqueid\": \"1731-31-16-19-182630\",\r\n    \"visibleindex\": 195\r\n  }\r\n]\r\n"},"url":{"raw":"https://localhost:8443/reportcatalog-services/oauth2/v1/import?app=EQ_Reporting","protocol":"https","host":["localhost"],"port":"8443","path":["reportcatalog-services","oauth2","v1","import"],"query":[{"key":"app","value":"EQ_Reporting"}]}},"response":[]},{"name":"https://data-qa.fmrco.com/commonreference/persons/v1?PERSON_IDENTIFIER=a485047&PERSON_IDENTIFIER_TYPE=TYPEOFID","id":"7a19a871-9d87-405c-b818-0ff187b0b882","protocolProfileBehavior":{"disableBodyPruning":true},"request":{"method":"GET","header":[{"key":"Authorization","value":"Bearer z1WNEAjzjyX2QelH3c2NpALmdJOeAegIeCXjD0d0IVrSB7zb0n5zQ6","type":"text"}],"url":{"raw":"https://data-qa.fmrco.com/commonreference/persons/v1?PERSON_IDENTIFIER=a485047&PERSON_IDENTIFIER_TYPE=TYPEOFID","protocol":"https","host":["data-qa","fmrco","com"],"path":["commonreference","persons","v1"],"query":[{"key":"PERSON_IDENTIFIER","value":"a485047"},{"key":"PERSON_IDENTIFIER_TYPE","value":"TYPEOFID"}]}},"response":[]},{"name":"LocalSchedule-Delete","id":"fb2635ec-56fd-46a3-8743-3e89790be2c8","protocolProfileBehavior":{"disableBodyPruning":true},"request":{"method":"DELETE","header":[{"key":"OAM_REMOTE_USER","value":"a485047","type":"text"}],"body":{"mode":"raw","raw":"\n\n[\n    {\n        \"id\": 30660\n        }\n        ]","options":{"raw":{"language":"json"}}},"url":{"raw":"http://localhost:8080/reportcatalog-services/v1/schedule?app=EQ_REPORTING&type=BIP","protocol":"http","host":["localhost"],"port":"8080","path":["reportcatalog-services","v1","schedule"],"query":[{"key":"app","value":"EQ_REPORTING"},{"key":"type","value":"BIP"}]}},"response":[]}]}