{"info":{"_postman_id":"4cbab7e3-3c65-7922-5682-3ba4fda4813e","name":"ACM-Notification","schema":"https://schema.getpostman.com/json/collection/v2.1.0/collection.json"},"item":[{"name":"GetUserSubscription-UAT","id":"e51ea559-2576-b4d4-4f63-30c1e058f1d0","request":{"method":"GET","header":[],"body":{"mode":"formdata","formdata":[]},"url":{"raw":"https://vc2cmmka115419n.fmrco.com:20013/contentmgmt/v1/subscriptions?location=BOS&schedule=SOD&adhocReportType=INTRADAY_PERF_SF;INTRADAY_PERF_MF","protocol":"https","host":["vc2cmmka115419n","fmrco","com"],"port":"20013","path":["contentmgmt","v1","subscriptions"],"query":[{"key":"location","value":"BOS"},{"key":"schedule","value":"SOD"},{"key":"adhocReportType","value":"INTRADAY_PERF_SF;INTRADAY_PERF_MF"}]}},"response":[]},{"name":"Notify-UAT","id":"4aedebf4-6f83-c936-8b36-1751f4457db9","request":{"method":"POST","header":[{"key":"Content-Type","value":"application/json"},{"key":"x-fimt-generic-hostname","value":"notificationhandler-sit-fmrco.com"},{"key":"x-fimt-generic-ip-address","value":"10.109.160.40"},{"key":"OAM_REMOTE_USER","value":"a265447"},{"key":"Accept","value":"application/json"}],"body":{"mode":"raw","raw":""},"url":{"raw":"https://vc2cmmka115419n.fmrco.com:20013/contentmgmt/v1/notify","protocol":"https","host":["vc2cmmka115419n","fmrco","com"],"port":"20013","path":["contentmgmt","v1","notify"]}},"response":[]},{"name":"Subscription-SIT","id":"542a3415-1946-461d-8ce3-fa81175a7a3c","protocolProfileBehavior":{"disableBodyPruning":true},"request":{"method":"GET","header":[{"key":"Content-Type","value":"application/json"},{"key":"x-fimt-generic-hostname","value":"notificationhandler-sit-fmrco.com"},{"key":"x-fimt-generic-ip-address","value":"10.109.160.40"},{"key":"OAM_REMOTE_USER","value":"a265447"},{"key":"Accept","value":"application/json"},{"key":"Authorization","value":"Bearer {{OAUTH_TOKEN}}","type":"text"}],"url":{"raw":"https://vc2cmmka115419n.fmrco.com:20013/contentmgmt/v2/subscriptions?location=BOS&schedule=SOD&adhocReportType=INTRADAY_PERF_SF;INTRADAY_PERF_MF","protocol":"https","host":["vc2cmmka115419n","fmrco","com"],"port":"20013","path":["contentmgmt","v2","subscriptions"],"query":[{"key":"location","value":"BOS"},{"key":"schedule","value":"SOD"},{"key":"adhocReportType","value":"INTRADAY_PERF_SF;INTRADAY_PERF_MF"}]}},"response":[]},{"name":"Notify-AUS","id":"f3419491-44fd-56c3-f002-10ef98a6abce","request":{"method":"POST","header":[{"key":"Content-Type","value":"application/json"},{"key":"x-fimt-generic-hostname","value":"notificationhandler-sit-fmrco.com"},{"key":"x-fimt-generic-ip-address","value":"10.109.160.40"},{"key":"OAM_REMOTE_USER","value":"a265447"},{"key":"Accept","value":"application/json"}],"body":{"mode":"raw","raw":""},"url":{"raw":"http://localhost:8080/contentmgmt-services/notify","protocol":"http","host":["localhost"],"port":"8080","path":["contentmgmt-services","notify"]}},"response":[]},{"name":"Notify-MF","id":"6bdacba1-0700-2283-280d-b5d0c587987d","request":{"method":"POST","header":[{"key":"Content-Type","value":"application/json"},{"key":"x-fimt-generic-hostname","value":"notificationhandler-sit-fmrco.com"},{"key":"x-fimt-generic-ip-address","value":"10.109.160.40"},{"key":"OAM_REMOTE_USER","value":"a485047","disabled":true},{"key":"Accept","value":"application/json"}],"body":{"mode":"raw","raw":""},"url":{"raw":"http://vc2cmmka082907n.fmrco.com:20010/contentmgmt/v1/notify","protocol":"http","host":["vc2cmmka082907n","fmrco","com"],"port":"20010","path":["contentmgmt","v1","notify"]}},"response":[]},{"name":"Notify-MF Copy","id":"c00e621a-b1ad-4ece-a591-977a5310a7cd","request":{"method":"POST","header":[{"key":"Content-Type","value":"application/json"},{"key":"x-fimt-generic-hostname","value":"notificationhandler-sit-fmrco.com"},{"key":"x-fimt-generic-ip-address","value":"10.109.160.40"},{"key":"OAM_REMOTE_USER","value":"a485047","disabled":true},{"key":"Accept","value":"application/json"}],"body":{"mode":"raw","raw":"{\r\n            \"id\": null,\r\n            \"corpId\": \"a353348\",\r\n            \"location\": {\r\n                \"id\": 1,\r\n                \"name\": \"BOS\"\r\n            },\r\n            \"schedule\": {\r\n                \"id\": 5,\r\n                \"name\": \"HOURLY\"\r\n            },\r\n            \"reportType\": {\r\n                \"id\": 197905,\r\n                \"name\": \"INTRADAY_PERF_MF\"\r\n            },\r\n            \"portfolio\": [\r\n                {\r\n                    \"id\": 1754,\r\n                    \"idType\": \"MULTI_FUND_GROUP\",\r\n                    \"applyFX\": false,\r\n                    \"cashSummary\": false\r\n                },\r\n                {\r\n                    \"id\": 1756,\r\n                    \"idType\": \"MULTI_FUND_GROUP\",\r\n                    \"applyFX\": false,\r\n                    \"cashSummary\": true\r\n                }\r\n            ]\r\n    }"},"url":{"raw":"http://advrptngcontentmgmt-prod.fmrco.com/contentmgmt/v1/notify","protocol":"http","host":["advrptngcontentmgmt-prod","fmrco","com"],"path":["contentmgmt","v1","notify"]}},"response":[]},{"name":"Notify-MF SIT","id":"af16719c-2066-92b9-6f50-9fc3637db6b9","request":{"method":"POST","header":[{"key":"Content-Type","value":"application/json"},{"key":"x-fimt-generic-hostname","value":"notificationhandler-sit-fmrco.com"},{"key":"x-fimt-generic-ip-address","value":"10.109.160.40"},{"key":"OAM_REMOTE_USER","value":"a265447"},{"key":"Accept","value":"application/json"}],"body":{"mode":"raw","raw":"{\r\n            \"id\": null,\r\n            \"corpId\": \"a573415\",\r\n            \"location\": {\r\n                \"id\": 1,\r\n                \"name\": \"BOS\"\r\n            },\r\n            \"schedule\": {\r\n                \"id\": 1,\r\n                \"name\": \"SOD\"\r\n            },\r\n            \"reportType\": {\r\n                \"id\": 371881,\r\n                \"name\": \"INTRADAY_PERF_MF\"\r\n            },\r\n            \"portfolio\": [\r\n               \r\n                {\r\n                    \"id\": 646,\r\n                    \"idType\": \"MULTI_FUND_GROUP\",\r\n                    \"applyFX\": true\r\n                }\r\n            ]\r\n        }"},"url":{"raw":"https://vc2cmmka115419n.fmrco.com:20013/contentmgmt/v1/notify","protocol":"https","host":["vc2cmmka115419n","fmrco","com"],"port":"20013","path":["contentmgmt","v1","notify"]}},"response":[]},{"name":"https://personalization-sit:20013/personalization/v1/report-subscriptions//retrieve-all/?schedule-code=SOD&location-code=BOS&report-types=INTRADAY_PERF_SF;INTRADAY_PERF_MF","id":"58a4424a-1a13-a97c-e230-08689a03e377","request":{"method":"GET","header":[{"key":"Content-Type","value":"application/json"},{"key":"x-fimt-generic","value":"yes"},{"key":"x-fimt-generic-application-id","value":"AP119702"},{"key":"x-fimt-generic-module","value":"MultiPortfolio"},{"key":"x-fimt-generic-action","value":"Load"},{"key":"x-request-identity","value":"wsfmr_cid"},{"key":"x-request-identity-sender-name","value":"EWS3.0"},{"key":"Accept","value":"application/json"},{"key":"Authorization","value":"Bearer Cp4tMg5mKU0PiaUxhb31sJ538IpvgkE0H5efTtuEAfEHJol1KkOtD6"}],"body":{"mode":"raw","raw":""},"url":{"raw":"https://personalization-sit:20013/personalization/v1/report-subscriptions//retrieve-all/?schedule-code=SOD&location-code=BOS&report-types=INTRADAY_PERF_SF;INTRADAY_PERF_MF","protocol":"https","host":["personalization-sit"],"port":"20013","path":["personalization","v1","report-subscriptions","","retrieve-all",""],"query":[{"key":"schedule-code","value":"SOD"},{"key":"location-code","value":"BOS"},{"key":"report-types","value":"INTRADAY_PERF_SF;INTRADAY_PERF_MF"}]}},"response":[]},{"name":"Request-MultiFund","id":"94d478be-1397-f666-b87d-0e1256737397","request":{"method":"GET","header":[],"body":{"mode":"formdata","formdata":[]},"url":{"raw":"http://localhost:8080/contentmgmt-services/subscriptions?location=BOS&schedule=SOD&adhocReportType=INTRADAY_PERF_SF;INTRADAY_PERF_MF","protocol":"http","host":["localhost"],"port":"8080","path":["contentmgmt-services","subscriptions"],"query":[{"key":"location","value":"BOS"},{"key":"schedule","value":"SOD"},{"key":"adhocReportType","value":"INTRADAY_PERF_SF;INTRADAY_PERF_MF"}]}},"response":[]},{"name":"https://advrptngcontentmgmt-prod.fmrco.com/contentmgmt/v1/subscriptions?location=BOS&schedule=SOD&adhocReportType=INTRADAY_PERF_SF","id":"c1fd34dd-a2f2-acca-ecb4-899b4dff8ab4","request":{"method":"GET","header":[],"body":{"mode":"formdata","formdata":[]},"url":{"raw":"https://advrptngcontentmgmt-prod.fmrco.com/contentmgmt/v1/subscriptions?location=BOS&schedule=SOD&adhocReportType=INTRADAY_PERF_SF","protocol":"https","host":["advrptngcontentmgmt-prod","fmrco","com"],"path":["contentmgmt","v1","subscriptions"],"query":[{"key":"location","value":"BOS"},{"key":"schedule","value":"SOD"},{"key":"adhocReportType","value":"INTRADAY_PERF_SF"}]}},"response":[]},{"name":"https://advrptngcontentmgmt-prod.fmrco.com/contentmgmt/v1/subscriptions?location=BOS&schedule=SOD&adhocReportType=INTRADAY_PERF_SF Copy","id":"94433b3d-e335-4079-a831-bc7cf84f362c","protocolProfileBehavior":{"disableBodyPruning":true},"request":{"method":"GET","header":[],"url":{"raw":"https://advrptngcontentmgmt-prod.fmrco.com/contentmgmt/v1/subscriptions?location=BOS&schedule=SOD&adhocReportType=INTRADAY_PERF_SF","protocol":"https","host":["advrptngcontentmgmt-prod","fmrco","com"],"path":["contentmgmt","v1","subscriptions"],"query":[{"key":"location","value":"BOS"},{"key":"schedule","value":"SOD"},{"key":"adhocReportType","value":"INTRADAY_PERF_SF"}]}},"response":[]},{"name":"http://localhost:8080/selectco-services/TradeableEntityId/15629229","id":"4b5798b8-d41d-fcfc-4eee-d5d7344c5acc","request":{"method":"GET","header":[],"body":{"mode":"formdata","formdata":[]},"url":{"raw":"http://localhost:8080/selectco-services/TradeableEntityId/15629229","protocol":"http","host":["localhost"],"port":"8080","path":["selectco-services","TradeableEntityId","15629229"]}},"response":[]},{"name":"https://tradable-entities-sit.fmrco.com:20013/tradable-entities/v1/?teIds=1638703;&field-sets=market-data;reference;identifiers;request-info;prices;&latest-price-currencies=USD&close-price-currencies=USD&best-price-currencies=USD","id":"f3364c9e-43d1-4114-b96b-1fa63d77f7a3","request":{"auth":{"type":"noauth"},"method":"GET","header":[],"body":{"mode":"formdata","formdata":[]},"url":{"raw":"https://tradable-entities-sit.fmrco.com:20013/tradable-entities/v1/?teIds=1638703;&field-sets=market-data;reference;identifiers;request-info;prices;&latest-price-currencies=USD&close-price-currencies=USD&best-price-currencies=USD","protocol":"https","host":["tradable-entities-sit","fmrco","com"],"port":"20013","path":["tradable-entities","v1",""],"query":[{"key":"teIds","value":"1638703;"},{"key":"field-sets","value":"market-data;reference;identifiers;request-info;prices;"},{"key":"latest-price-currencies","value":"USD"},{"key":"close-price-currencies","value":"USD"},{"key":"best-price-currencies","value":"USD"}]}},"response":[]},{"name":"https://vc2cmmka115419n.fmrco.com:20013/contentmgmt/v1/notify","id":"6ecb8423-30fe-dc3c-aba0-a16b6670c50d","request":{"method":"POST","header":[{"key":"Content-Type","value":"application/json"}],"body":{"mode":"raw","raw":""},"url":{"raw":"https://vc2cmmka115419n.fmrco.com:20013/contentmgmt/v1/notify","protocol":"https","host":["vc2cmmka115419n","fmrco","com"],"port":"20013","path":["contentmgmt","v1","notify"]}},"response":[]},{"name":"http://vc2cmmka115419n.fmrco.com:20010/contentmgmt/v1/document/EQTRDEXCPLON_DLY_20171031.pdf.json\n","id":"15a5ac6b-9382-9fd2-361f-7745ee2b3d1f","request":{"method":"GET","header":[],"body":{"mode":"formdata","formdata":[]},"url":{"raw":"http://vc2cmmka115419n.fmrco.com:20010/contentmgmt/v1/document/EQTRDEXCPLON_DLY_20171031.pdf.json\n","protocol":"http","host":["vc2cmmka115419n","fmrco","com"],"port":"20010","path":["contentmgmt","v1","document","EQTRDEXCPLON_DLY_20171031.pdf.json\n"]}},"response":[]},{"name":"https://send-dit.fmrco.com/send/v2/notification?app=HITS","id":"65dcf0f8-8270-4924-4ef2-4ac0b718dbff","request":{"method":"POST","header":[{"key":"Content-Type","value":"multipart/form-data"}],"body":{"mode":"formdata","formdata":[{"key":"notificationSetting","value":"<?xml version=\"1.0\" encoding=\"UTF-8\" standalone=\"yes\"?>\n<notificationSettings>\n    <emailNotification>\n        <reportDatas>\n            <reportId>Report1</reportId>\n            <reportName>TestReportName</reportName>\n        </reportDatas>\n        <subject>Test subject</subject>\n        <body>Test Body</body>\n        <includeAttachments>false</includeAttachments>\n        <toRecipients>\n            <emailAddress>a485047@fmr.com</emailAddress>\n        </toRecipients>\n        <enableSimpleTextBody>true</enableSimpleTextBody>\n    </emailNotification>\n</notificationSettings>\n","type":"text"}]},"url":{"raw":"https://send-dit.fmrco.com/send/v2/notification?app=HITS","protocol":"https","host":["send-dit","fmrco","com"],"path":["send","v2","notification"],"query":[{"key":"app","value":"HITS"}]}},"response":[]},{"name":"https://reportcatalogsvc-sit.fmrco.com/reportcatalogservices/v1/schedules/30175","id":"02a0b995-6e7d-30b3-1703-9e4476d28661","request":{"method":"GET","header":[],"body":{"mode":"formdata","formdata":[]},"url":{"raw":"https://reportcatalogsvc-sit.fmrco.com/reportcatalogservices/v1/schedules/30175","protocol":"https","host":["reportcatalogsvc-sit","fmrco","com"],"path":["reportcatalogservices","v1","schedules","30175"]}},"response":[]},{"name":"https://send-dit.fmrco.com/send/v2/executeMultiple?app=MMW2","id":"4348f69c-f6c2-e65c-cbf8-d68587f712ad","request":{"method":"POST","header":[{"key":"Content-Type","value":"application/xml"}],"body":{"mode":"raw","raw":""},"url":{"raw":"https://send-dit.fmrco.com/send/v2/executeMultiple?app=MMW2","protocol":"https","host":["send-dit","fmrco","com"],"path":["send","v2","executeMultiple"],"query":[{"key":"app","value":"MMW2"}]}},"response":[]},{"name":"http://globalcash-uat.fmrco.com/CCService/resource/projectedcash/EWS?portfolioIds=617&offsetNumber=3&tradesPref=EXEC&futuresPref=Hide&currency=USD&forwardPref=Hide&equivPref=Hide&fxPref=Hide&showLowestProjectedCash=HIDE&cashLogic=RUNNING\n","id":"38437d9e-0ca8-9002-982f-5b3fe4a1e720","request":{"method":"GET","header":[],"body":{"mode":"formdata","formdata":[]},"url":{"raw":"http://globalcash-uat.fmrco.com/CCService/resource/projectedcash/EWS?portfolioIds=617&offsetNumber=3&tradesPref=EXEC&futuresPref=Hide&currency=USD&forwardPref=Hide&equivPref=Hide&fxPref=Hide&showLowestProjectedCash=HIDE&cashLogic=RUNNING\n","protocol":"http","host":["globalcash-uat","fmrco","com"],"path":["CCService","resource","projectedcash","EWS"],"query":[{"key":"portfolioIds","value":"617"},{"key":"offsetNumber","value":"3"},{"key":"tradesPref","value":"EXEC"},{"key":"futuresPref","value":"Hide"},{"key":"currency","value":"USD"},{"key":"forwardPref","value":"Hide"},{"key":"equivPref","value":"Hide"},{"key":"fxPref","value":"Hide"},{"key":"showLowestProjectedCash","value":"HIDE"},{"key":"cashLogic","value":"RUNNING\n"}]}},"response":[]},{"name":"http://vc2cmmkb269021n.fmrco.com:20010/send/v2/executeMultiple?app=ADVRPTNG","id":"a364a56d-a4eb-2b3c-c1e9-29aff52bf947","request":{"method":"POST","header":[{"key":"Content-Type","value":"application/json"}],"body":{"mode":"raw","raw":""},"url":{"raw":"http://vc2cmmkb269021n.fmrco.com:20010/send/v2/executeMultiple?app=ADVRPTNG","protocol":"http","host":["vc2cmmkb269021n","fmrco","com"],"port":"20010","path":["send","v2","executeMultiple"],"query":[{"key":"app","value":"ADVRPTNG"}]}},"response":[]},{"name":"http://vc2cmmka115419n.fmrco.com:20010/contentmgmt/v1/notify","id":"0136acad-01a6-5d45-f91f-0722c7c1fc35","request":{"method":"POST","header":[{"key":"Content-Type","value":"application/json"},{"key":"x-fimt-generic-hostname","value":"notificationhandler-sit-fmrco.com"},{"key":"x-fimt-generic-ip-address","value":"10.109.160.40"},{"key":"OAM_REMOTE_USER","value":"a265447"},{"key":"Accept","value":"application/json"}],"body":{"mode":"raw","raw":""},"url":{"raw":"http://vc2cmmka115419n.fmrco.com:20010/contentmgmt/v1/notify","protocol":"http","host":["vc2cmmka115419n","fmrco","com"],"port":"20010","path":["contentmgmt","v1","notify"]}},"response":[]},{"name":"http://10.108.72.46:8080/contentmgmt-services/getreport?reportFileName=&reportName=BUYSSELLSFUND&criteria=&appname=Pmweb&corpid=A238792&effdate=&rptInsid=","id":"cbee3e25-4dd4-b9b9-4f6a-bc16cf025092","request":{"method":"GET","header":[{"key":"OAM_REMOTE_USER","value":"a485047"}],"body":{"mode":"formdata","formdata":[]},"url":{"raw":"http://10.108.72.46:8080/contentmgmt-services/getreport?reportFileName=&reportName=BUYSSELLSFUND&criteria=&appname=Pmweb&corpid=A238792&effdate=&rptInsid=","protocol":"http","host":["10","108","72","46"],"port":"8080","path":["contentmgmt-services","getreport"],"query":[{"key":"reportFileName","value":""},{"key":"reportName","value":"BUYSSELLSFUND"},{"key":"criteria","value":""},{"key":"appname","value":"Pmweb"},{"key":"corpid","value":"A238792"},{"key":"effdate","value":""},{"key":"rptInsid","value":""}]}},"response":[]},{"name":"Localnotifyv1","id":"a35c3c05-a26e-c971-aacf-75cd1b5f3ed1","request":{"auth":{"type":"ntlm","ntlm":[{"key":"password","value":"Ramsai@09","type":"string"},{"key":"username","value":"a485047","type":"string"}]},"method":"POST","header":[{"key":"Content-Type","value":"application/json"}],"body":{"mode":"raw","raw":""},"url":{"raw":"http://localhost:8080/contentmgmt-services/notify","protocol":"http","host":["localhost"],"port":"8080","path":["contentmgmt-services","notify"]}},"response":[]}]}