{"info":{"_postman_id":"5a971f2d-eece-4a7a-a0c3-bc56d025851b","name":"AnalyticReport","schema":"https://schema.getpostman.com/json/collection/v2.1.0/collection.json"},"item":[{"name":"GetFolderContent","id":"7f46271b-3746-4806-bea7-24d9f7ad810c","request":{"auth":{"type":"ntlm","ntlm":[{"key":"password","value":"SaiQ2@018","type":"string"},{"key":"username","value":"a485047","type":"string"}]},"method":"GET","header":[],"body":{"mode":"formdata","formdata":[]},"url":{"raw":"http://localhost:8080/reportcatalog-services/node?folder=/shared/Equity Shared Reports&reportType=ALL","protocol":"http","host":["localhost"],"port":"8080","path":["reportcatalog-services","node"],"query":[{"key":"folder","value":"/shared/Equity Shared Reports"},{"key":"reportType","value":"ALL"}]}},"response":[]},{"name":"Sync-AnalysisReport","id":"539b80d6-0707-4862-a834-c36f97a96c6b","request":{"auth":{"type":"ntlm","ntlm":[{"key":"password","value":"SaiQ2@018","type":"string"},{"key":"username","value":"a485047","type":"string"}]},"method":"POST","header":[{"key":"Content-Type","value":"application/json"}],"body":{"mode":"raw","raw":"{\n\t\"executableAppId\":\"4483281\",\n\t\"advisorGroupId\":\"1000199\",\n\t\"categoryId\":\"2123579\",\n\t\"subcategoryId\":\"5591233\",\n\t\"updateId\":\"a485047\",\n\t\"reportType\":\"ANALYSIS\",\n\t\"updateOnlyReportInfo\": true,\n\t\"paths\":\n\t[\n\t\t\"/shared/Equity Shared Reports/Fund 325 Time Series.analysis\"\n\t\t]\n}"},"url":{"raw":"http://localhost:8080/reportcatalog-services/syncReports","protocol":"http","host":["localhost"],"port":"8080","path":["reportcatalog-services","syncReports"]}},"response":[]},{"name":"Sync-BIPReport","id":"15d86209-2dd9-4f01-8fdc-76aad28632b6","request":{"auth":{"type":"ntlm","ntlm":[{"key":"password","value":"SaiQ2@018","type":"string"},{"key":"username","value":"a485047","type":"string"}]},"method":"POST","header":[{"key":"Content-Type","value":"application/json"}],"body":{"mode":"raw","raw":"{\n\t\"executableAppId\":\"4483281\",\n\t\"advisorGroupId\":\"1000199\",\n\t\"categoryId\":\"2123579\",\n\t\"subcategoryId\":\"5591233\",\n\t\"updateId\":\"a485047\",\n\t\"reportType\":\"BIP\",\n\t\"updateOnlyReportInfo\": true,\n\t\"paths\":\n\t[\n\t\t\"/shared/Equity Shared Reports/Test.xdo\"\n\t\t]\n}"},"url":{"raw":"http://localhost:8080/reportcatalog-services/syncReports","protocol":"http","host":["localhost"],"port":"8080","path":["reportcatalog-services","syncReports"]}},"response":[]},{"name":"Sync-BIPAndAnalysisReport","id":"6787d3f8-6937-42d4-b7ae-843d6bd5d45f","request":{"auth":{"type":"ntlm","ntlm":[{"key":"password","value":"SaiQ2@018","type":"string"},{"key":"username","value":"a485047","type":"string"}]},"method":"POST","header":[{"key":"Content-Type","value":"application/json"}],"body":{"mode":"raw","raw":"{\n\t\"executableAppId\":\"4483281\",\n\t\"advisorGroupId\":\"1000199\",\n\t\"categoryId\":\"2123579\",\n\t\"subcategoryId\":\"5591233\",\n\t\"updateId\":\"a485047\",\n\t\"reportType\":\"ALL\",\n\t\"updateOnlyReportInfo\": true,\n\t\"paths\":\n\t[\n\t\t\"/shared/Equity Shared Reports/Test.xdo\",\n\t\t\"/shared/Equity Shared Reports/Fund 325 Time Series.analysis\"\n\t\t\n\t\t]\n}"},"url":{"raw":"http://localhost:8080/reportcatalog-services/syncReports","protocol":"http","host":["localhost"],"port":"8080","path":["reportcatalog-services","syncReports"]}},"response":[]}]}