{"info":{"_postman_id":"5f0cbfc0-a7a4-4d41-9a4a-0ac1984adb5e","name":"Report Subscription Service Copy","schema":"https://schema.getpostman.com/json/collection/v2.1.0/collection.json"},"item":[{"name":"Get Preferences","id":"0f6705ee-f709-4ecd-92f4-17c253571452","protocolProfileBehavior":{"disableBodyPruning":true},"request":{"auth":{"type":"bearer","bearer":[{"key":"token","value":"{{OAUTH_TOKEN}}","type":"string"}]},"method":"GET","header":[],"url":{"raw":"https://rsub-dit-us-east-1.fmrco.com/rss/api/v1/preferences","protocol":"https","host":["rsub-dit-us-east-1","fmrco","com"],"path":["rss","api","v1","preferences"]}},"response":[]},{"name":"Health","id":"f68de0b1-ef7e-49f0-a480-502caba25ed6","protocolProfileBehavior":{"disableBodyPruning":true},"request":{"method":"GET","header":[],"url":{"raw":"https://rsub-dit-us-east-1.fmrco.com/rss/actuator/health","protocol":"https","host":["rsub-dit-us-east-1","fmrco","com"],"path":["rss","actuator","health"]}},"response":[]},{"name":"Create Preference","id":"94dabbfe-5f52-46ca-b92f-00a2c2991bef","protocolProfileBehavior":{"disableBodyPruning":true},"request":{"auth":{"type":"bearer","bearer":[{"key":"token","value":"{{OAUTH_TOKEN}}","type":"string"}]},"method":"POST","header":[],"body":{"mode":"raw","raw":"{\r\n  \"name\": \"Pooja's Test preference \",\r\n  \"id\": \"\",\r\n  \"corpId\": \"a621380\",\r\n  \"dataSource\": \"TPS\",\r\n  \"keywords\": null,\r\n  \"reports\": [\r\n    {\r\n      \"nodeId\": \"10\",\r\n      \"nodeRelationshipIds\": [\r\n        \"5\",\r\n        \"6\",\r\n        \"7\",\r\n        \"8\"\r\n      ],\r\n      \"metadata\": [\r\n        {\r\n          \"name\": \"Fund\",\r\n          \"value\": \"CONTRA\",\r\n          \"displayName\": null,\r\n          \"dataType\": null\r\n        }\r\n      ]\r\n    }\r\n  ],\r\n  \"createdUser\": \"a654946\",\r\n  \"createdTimeUTC\": \"2021-09-23 17:43:05\",\r\n  \"lastModifiedUser\": \"a654946\",\r\n  \"lastModifiedTimeUTC\": \"2021-09-23 17:43:05\"\r\n}","options":{"raw":{"language":"json"}}},"url":{"raw":"https://rsub-dit-us-east-1.fmrco.com/rss/api/v1/preference","protocol":"https","host":["rsub-dit-us-east-1","fmrco","com"],"path":["rss","api","v1","preference"]}},"response":[]}]}