{"info":{"_postman_id":"6be988a8-5362-1edf-53bc-5b1f25ac0fdf","name":"RemoteConfig","schema":"https://schema.getpostman.com/json/collection/v2.1.0/collection.json"},"item":[{"name":"Report/Schedule","id":"576f319a-2a6d-ada4-a34a-0cda4d20ca13","request":{"method":"POST","header":[],"body":{"mode":"raw","raw":"<request><badgeid>CONFIG</badgeid><appname>REPORTSERVICE</appname><location>ALL</location><machineType>ALL</machineType></request>"},"url":{"raw":"http://remoteconfig-prod.fmrco.com/RemoteConfig/get","protocol":"http","host":["remoteconfig-prod","fmrco","com"],"path":["RemoteConfig","get"]}},"response":[]},{"name":"SubscriptionByBucket","id":"c3de75f7-6a6d-dff0-d374-5d3aa47a6cde","request":{"method":"POST","header":[{"key":"Accept","value":"application/json"}],"body":{"mode":"raw","raw":"<request><badgeid>BUCKET1</badgeid><appname>REPORTSERVICE</appname><location>ALL</location><machineType>ALL</machineType></request>"},"url":{"raw":"http://remoteconfig-prod.fmrco.com/RemoteConfig/get","protocol":"http","host":["remoteconfig-prod","fmrco","com"],"path":["RemoteConfig","get"]}},"response":[]},{"name":"Benchmark-SP500","id":"692f1512-31b9-ff14-a156-bcbfa769a6c5","request":{"method":"POST","header":[],"body":{"mode":"raw","raw":"<?xml version=\"1.0\" encoding=\"UTF-8\"?>\r\n<REQUEST>\r\n\t<Aggregation Type=\"BATCH\">\r\n\t\t<Fund Name=\"SP100\" Benchmark=\"SP100\" /><Fund Name=\"IXIC\" Benchmark=\"IXIC\" /><Fund Name=\"RS2000\" Benchmark=\"RS2000\" /><Fund Name=\"SPMIDCAP\" Benchmark=\"SPMIDCAP\" /><Fund Name=\"SP500\" Benchmark=\"SP500\" />\r\n\t\t<Sort Order=\"DESCENDING\" Flag=\"\">RELIMPACT</Sort>\r\n\t\t<Filter>\r\n\t\t\t<TopN>1</TopN>\r\n\t\t\t<BottomN>1</BottomN>\r\n\t\t</Filter>\r\n       <Item Type=\"SECURITY\">\r\n\t\t\t\t\t<Property Name=\"DNE_FMR_TICKER\" />\r\n\t\t\t\t\t<Property Name=\"IMPACT\" />\r\n\t\t\t\t\t<Property Name=\"RELIMPACT\" />\r\n\t\t\t\t\t<Property Name=\"BENCHIMPACT\" />\r\n\t\t\t\t  \t<Property Name=\"DNE_CURRENCY\" />\r\n\t\t\t\t\t<Property Name=\"DNE_PCT_CHG\" />\r\n\t\t\t\t\t</Item>\r\n\t\t<GrpSum>\r\n\t\t\t<Name>IMPACT</Name>\r\n\t\t\t<Name>RELIMPACT</Name>\r\n\t\t</GrpSum>\r\n  \t<PriceOption>PrimaryExchange</PriceOption>\r\n  \t<FXRateOption>no</FXRateOption>\r\n\t</Aggregation>\r\n</REQUEST>\r\n"},"url":{"raw":"https://mdcalcfeed-qa.fmrco.com/mdcalc/mdcalc?AppId=feed","protocol":"https","host":["mdcalcfeed-qa","fmrco","com"],"path":["mdcalc","mdcalc"],"query":[{"key":"AppId","value":"feed"}]}},"response":[]},{"name":"GlobalCash request","id":"c484c706-d173-3154-8165-ebe3475cf399","request":{"method":"GET","header":[{"key":"Authorization","value":"Basic Rk1SQ09ccG9ydF9wcmQ6cG9yPTU1OTk="}],"body":{"mode":"formdata","formdata":[]},"url":{"raw":"http://globalcash.fmrco.com/CCService/resource/projectedcash/EWS?portfolioIds=25480&offsetNumber=3tradesPref=EXEC&futuresPref=Hide&currency=USD","protocol":"http","host":["globalcash","fmrco","com"],"path":["CCService","resource","projectedcash","EWS"],"query":[{"key":"portfolioIds","value":"25480"},{"key":"offsetNumber","value":"3tradesPref=EXEC"},{"key":"futuresPref","value":"Hide"},{"key":"currency","value":"USD"}]}},"response":[]},{"name":"https://reportsvc-prod.fmrco.com/reportSvc/GetReport?RPT_INST_ID=109016254","id":"174510da-77a6-427d-a1d2-af63e5316dcb","request":{"auth":{"type":"ntlm","ntlm":[{"key":"password","value":"SaiQ2@018","type":"string"},{"key":"username","value":"a485047","type":"string"}]},"method":"GET","header":[],"body":{"mode":"formdata","formdata":[]},"url":{"raw":"https://reportsvc-prod.fmrco.com/reportSvc/GetReport?RPT_INST_ID=109016254","protocol":"https","host":["reportsvc-prod","fmrco","com"],"path":["reportSvc","GetReport"],"query":[{"key":"RPT_INST_ID","value":"109016254"}]}},"response":[]}]}