{"info":{"_postman_id":"7fc84c93-f1b0-f394-7360-5ebb46b0abf3","name":"SendLatest","schema":"https://schema.getpostman.com/json/collection/v2.1.0/collection.json"},"item":[{"name":"Email","id":"7f41607a-b4a5-1235-345a-eb05fbda8224","request":{"method":"POST","header":[{"key":"Content-Type","value":"application/json"}],"body":{"mode":"raw","raw":"{\"execution\":{\"reports\":[{\"name\":\"SEL0008_DM006SEL_Active_ETF_Reporting.xdo\",\"path\":\"/Publisher Reports/Reports - SelectCo/\",\"format\":\"pdf\",\"userName\":null,\"executionMode\":\"ASYNC\",\"requestMethod\":null,\"startDate\":null,\"impersonate\":\"a419150\",\"outputFileName\":\"daily suitability report.pdf\",\"templateName\":\"Daily TB Suitability Report\"}]},\"notificationConfig\":{\"emailNotification\":[{\"reportIds\":[null],\"subject\":\"Daily Suitability Report\",\"body\":\"<div>test SEND v2</div>\",\"fromRecipient\":{\"emailAddress\":[\"advrptng@fmr.com\"]},\"toRecipients\":{\"emailAddress\":[\"a419150@fmr.com\"]}}]}}"},"url":{"raw":"http://vc2cmmkb256399n.fmrco.com:20010/send/v2/send?app=ADVRPTNG","protocol":"http","host":["vc2cmmkb256399n","fmrco","com"],"port":"20010","path":["send","v2","send"],"query":[{"key":"app","value":"ADVRPTNG"}]}},"response":[]}]}