{"info":{"_postman_id":"851d2fb7-e7dc-43b3-9991-d4c356121f9e","name":"Universe-DIT","schema":"https://schema.getpostman.com/json/collection/v2.1.0/collection.json"},"item":[{"name":"Get-UniverseDefinition","event":[{"listen":"prerequest","script":{"id":"8c36ef7e-51d3-4950-bff0-47a0cc3dc574","exec":[""],"type":"text/javascript"}}],"id":"733363d1-ecf4-4578-8b58-7e8a9c34d135","request":{"method":"GET","header":[{"key":"Authorization","value":"Bearer {{OAUTH_TOKEN_USER}}","type":"text"},{"key":"Accept","value":"application/json","type":"text"},{"key":"Content-Type","name":"Content-Type","value":"application/json","type":"text"}],"body":{"mode":"raw","raw":"\r\n  {\r\n    \"id\": \"123345\",\r\n    \"corpId\": \"a485047\",\r\n    \"name\": \"TestUniverse1\",\r\n    \"isDefault\": true,\r\n    \"isShared\": true,\r\n    \"criteria\": {\r\n      \"funds\": {\r\n        \"includeBenchmark\": true,\r\n        \"fund\": [{ \"id\": 22, \"label\": \"CONT\" }]\r\n      },\r\n      \"analystAssignments\": null,\r\n      \"indices\": null,\r\n      \"businessEntities\": null,\r\n      \"tradableEntities\": null\r\n    },\r\n    \"filters\": null\r\n  }\r\n\r\n"},"url":{"raw":"https://vc2cmmka317391n.fmrco.com:20013/universeService/v1/universeDefinition/a485047/id/dc1c3e52-7404-428d-9926-ea9686566408","protocol":"https","host":["vc2cmmka317391n","fmrco","com"],"port":"20013","path":["universeService","v1","universeDefinition","a485047","id","dc1c3e52-7404-428d-9926-ea9686566408"]}},"response":[]},{"name":"Delete-UniverseDefinition","id":"d0fa9b13-0bb5-4789-a0f9-0d6996ac938f","request":{"method":"DELETE","header":[{"key":"Authorization","type":"text","value":"Bearer {{OAUTH_TOKEN_USER}}"},{"key":"Accept","type":"text","value":"application/json"}],"body":{"mode":"raw","raw":""},"url":{"raw":"https://vc2cmmka317391n.fmrco.com:20013/universeService/v1/universeDefinition/a485047/id/dc1c3e52-7404-428d-9926-ea9686566408","protocol":"https","host":["vc2cmmka317391n","fmrco","com"],"port":"20013","path":["universeService","v1","universeDefinition","a485047","id","dc1c3e52-7404-428d-9926-ea9686566408"]}},"response":[]},{"name":"Add UniverseDefinition","id":"db6b4c5b-26e8-46f7-b53a-79914514174a","request":{"method":"POST","header":[{"key":"Authorization","type":"text","value":"Bearer {{OAUTH_TOKEN_USER}}"},{"key":"Accept","type":"text","value":"application/json"},{"key":"Content-Type","name":"Content-Type","type":"text","value":"application/json"}],"body":{"mode":"raw","raw":"\r\n  {\r\n    \"id\": \"\",\r\n    \"corpId\": \"a485047\",\r\n    \"name\": \"TestUniverse1\",\r\n    \"isDefault\": true,\r\n    \"isShared\": true,\r\n    \"criteria\": {\r\n      \"funds\": {\r\n        \"includeBenchmark\": true,\r\n        \"fund\": [{ \"id\": 22, \"label\": \"CONT\" }]\r\n      }\r\n     \r\n    },\r\n    \"filters\": null\r\n  }\r\n\r\n"},"url":{"raw":"https://vc2cmmka317391n.fmrco.com:20013/universeService/v1/universeDefinition/","protocol":"https","host":["vc2cmmka317391n","fmrco","com"],"port":"20013","path":["universeService","v1","universeDefinition",""]}},"response":[]},{"name":"Update UniverseDefinition","id":"a359ec93-ceab-4bd9-88c8-5549a6230d2e","request":{"method":"PUT","header":[{"key":"Authorization","type":"text","value":"Bearer {{OAUTH_TOKEN_USER}}"},{"key":"Accept","type":"text","value":"application/json"},{"key":"Content-Type","name":"Content-Type","type":"text","value":"application/json"}],"body":{"mode":"raw","raw":"{\n    \"id\": \"8e498228-67c5-465a-a5c2-2e2dc15d6d31\",\n    \"corpId\": \"a485047\",\n    \"name\": \"TestUniverse\",\n    \"isDefault\": true,\n    \"isShared\": true,\n    \"criteria\": {\n        \"funds\": {\n            \"includeBenchmark\": true,\n            \"fund\": [\n                {\n                    \"id\": 21,\n                    \"label\": \"MAG\"\n                },\n                {\n                    \"id\": 22,\n                    \"label\": \"CONT\"\n                }\n            ]\n        },\n        \"analystAssignments\": null,\n        \"indices\": null,\n        \"businessEntities\": null,\n        \"tradableEntities\": null\n    },\n    \"filters\": null\n}"},"url":{"raw":"https://vc2cmmka317391n.fmrco.com:20013/universeService/v1/universeDefinition","protocol":"https","host":["vc2cmmka317391n","fmrco","com"],"port":"20013","path":["universeService","v1","universeDefinition"]}},"response":[]}]}