{"info":{"_postman_id":"8667fd04-aad3-4cd6-92a3-277234d5072c","name":"Cloud-AdvisorContentManagement","schema":"https://schema.getpostman.com/json/collection/v2.1.0/collection.json"},"item":[{"name":"Cloud-DevSetup","item":[{"name":"GetList-Dev","id":"85acb806-4381-4672-9c5e-3b7385ada1d9","protocolProfileBehavior":{"disableBodyPruning":true},"request":{"method":"GET","header":[{"key":"X-Vault-Token","value":"5d6745bd-6340-ccd9-5d22-92e4f1ed15fe","type":"text"}],"url":{"raw":"https://ent-vault.fmr.com:8200/v1/concourse/ap116558-dev?list=true","protocol":"https","host":["ent-vault","fmr","com"],"port":"8200","path":["v1","concourse","ap116558-dev"],"query":[{"key":"list","value":"true"}]}},"response":[]},{"name":"Add-vault-concourse-user","id":"ae2233c9-cfc4-4c59-95d6-0b1ae5b86c4c","protocolProfileBehavior":{"disableBodyPruning":true},"request":{"method":"POST","header":[{"key":"Content-Type","value":" application/json","type":"text"},{"key":"X-Vault-Token","value":"13160c76-18e1-e999-4a41-a3fa0c2c357b","type":"text"}],"body":{"mode":"raw","raw":"{ \"value\":\"srvAPPR105224Deploy\" }","options":{"raw":{"language":"json"}}},"url":{"raw":"https://ent-vault.fmr.com:8200/v1/concourse/ap116558-dev/vault-artifact-repo-username","protocol":"https","host":["ent-vault","fmr","com"],"port":"8200","path":["v1","concourse","ap116558-dev","vault-artifact-repo-username"]}},"response":[]}],"id":"4a523766-1bba-478d-825e-e7a6632928a1"},{"name":"Document","id":"c0d74db3-ea3e-4b94-8e2b-59c89958f7f4","protocolProfileBehavior":{"disableBodyPruning":true},"request":{"method":"GET","header":[{"key":"Authorization","value":"Bearer nZddOW3sxPoMEm6fHdXBBN1hVuJr891UBHBW2Cs4w7FFdEsjBc25zG","type":"text"}],"url":{"raw":"https:/contentmanagement-service-sit-us-east-1.fmrco.com/contentManagement/api/v3/document/1234.text","host":["https"],"port":"","path":["contentmanagement-service-sit-us-east-1.fmrco.com","contentManagement","api","v3","document","1234.text"]}},"response":[]},{"name":"http://localhost:8080/contentmgmt-service/api/v3/subscriptions?location=BOS&schedule=HOURLY&adhocReportType=INTRADAY_PERF_SF;INTRADAY_PERF_MF","id":"8c5a109e-de99-451d-a449-cb94f814475d","protocolProfileBehavior":{"disableBodyPruning":true},"request":{"method":"GET","header":[{"key":"Authorization","value":"Bearer gQL67q9UJ0O1J4RAjfSnWlOxBgt1w2ABPrV1Co98yoy2I0HEn4VtTg","type":"text"}],"url":{"raw":"https://contentmanagement-service-sit-us-east-1.fmrco.com/contentManagement/api/v3/subscriptions?location=BOS&schedule=HOURLY&adhocReportType=INTRADAY_PERF_SF;INTRADAY_PERF_MF","protocol":"https","host":["contentmanagement-service-sit-us-east-1","fmrco","com"],"path":["contentManagement","api","v3","subscriptions"],"query":[{"key":"location","value":"BOS"},{"key":"schedule","value":"HOURLY"},{"key":"adhocReportType","value":"INTRADAY_PERF_SF;INTRADAY_PERF_MF"}]}},"response":[]},{"name":"https://localhost:8443/contentmgmt-service/api/v1/notify","id":"d511a9b6-5a17-4faf-a7f2-b01ed5b053e7","protocolProfileBehavior":{"disableBodyPruning":true},"request":{"method":"POST","header":[{"key":"Authorization","value":"Bearer xNeZe1R6bqd5mAzerUUq2qe0zUeD72Iish8Tlnjf5QARi457WjUd0r","type":"text"}],"body":{"mode":"raw","raw":"{\r\n            \"id\": null,\r\n            \"corpId\": \"a655071\",\r\n            \"location\": {\r\n                \"id\": 1,\r\n                \"name\": \"BOS\"\r\n            },\r\n            \"schedule\": {\r\n                \"id\": 5,\r\n                \"name\": \"HOURLY\"\r\n            },\r\n            \"reportType\": {\r\n                \"id\": 197904,\r\n                \"name\": \"INTRADAY_PERF_SF\"\r\n            },\r\n            \"portfolio\": [\r\n                {\r\n                    \"id\": 21,\r\n                    \"idType\": \"PORTFOLIO\",\r\n                    \"applyFX\": false,\r\n                    \"cashSummary\": false\r\n                },\r\n                {\r\n                    \"id\": 22,\r\n                    \"idType\": \"PORTFOLIO\",\r\n                    \"applyFX\": false,\r\n                    \"cashSummary\": false\r\n                }\r\n            ]\r\n        }","options":{"raw":{"language":"json"}}},"url":{"raw":"https://localhost:8443/contentmgmt-service/api/v3/notify","protocol":"https","host":["localhost"],"port":"8443","path":["contentmgmt-service","api","v3","notify"]}},"response":[]}]}