{"info":{"_postman_id":"8b3da2d3-d22d-468c-8457-b77159fcd41e","name":"Report Catalog v2","description":"Data Model Change","schema":"https://schema.getpostman.com/json/collection/v2.1.0/collection.json"},"item":[{"name":"GET Report Profiles","id":"a334b62a-fabb-408e-a572-e99ccf6160da","request":{"auth":{"type":"noauth"},"method":"GET","header":[{"key":"Authorization","value":"Bearer F8MIWlJ47Znom452J77e5UwWAjp2gsDb8Y7kXXAsfHsybP1XsOBC2p","disabled":true},{"key":"OAM_REMOTE_USER","value":"a485047","type":"text"}],"url":{"raw":"https://vc2cmmkb255617n.fmrco.com:20013/reportcatalogservices/v1/ReportProfiles?app=EQ_REPORTING","protocol":"https","host":["vc2cmmkb255617n","fmrco","com"],"port":"20013","path":["reportcatalogservices","v1","ReportProfiles"],"query":[{"key":"app","value":"EQ_REPORTING"}]}},"response":[]},{"name":"ADD Report Profile","id":"bdc68d84-4e9a-41e7-ae31-eab0c272ce90","request":{"method":"POST","header":[{"key":"Content-Type","value":"application/json"}],"body":{"mode":"raw","raw":"{\n\t\"advisorGroupId\":1000249,\n\t\"subcategoryId\":5591271,\n\t\"executableAppId\":4483319,\n\t\"name\":\"FX0014_DM004A-2_FX_MANUAL_TRANSACTIONS_REPORT\",\n\t\"description\":\"FX0014_DM004A-2_FX_MANUAL_TRANSACTIONS_REPORT\",\n\t\"executableFileName\":\"FX0014_DM004A-2_FX_MANUAL_TRANSACTIONS_REPORT.xdo\",\n\t\"executableFilePath\":\"/Publisher Reports/Reports - FX/FX0014_DM004A-2_FX_MANUAL_TRANSACTIONS_REPORT.xdo\",\n\t\"comments\": \"\",\n\t\"reportType\": \"BIP\",\n\t\"appFilterIdFilterCd\": \"EQ_REPORTING\",\n\t\"updateId\" : \"a582775\"\n}"},"url":{"raw":"http://localhost:8080/reportcatalog-services/ReportProfile","protocol":"http","host":["localhost"],"port":"8080","path":["reportcatalog-services","ReportProfile"]}},"response":[]},{"name":"EDIT Report Profile","id":"dcea0869-79ae-4b37-946a-bcb77a014a41","request":{"method":"PUT","header":[{"key":"Content-Type","value":"application/json"}],"body":{"mode":"raw","raw":"{\n\t\"id\": 4154,\n\t\"advisorGroupId\":1000249,\n\t\"subcategoryId\":5591271,\n\t\"executableAppId\":4483319,\n\t\"name\":\"TEST_REPORT\",\n\t\"description\":\"Test Report Profile\",\n\t\"executableFileName\":\"TEST_REPORT.xdo\",\n\t\"executableFilePath\":\"/Publisher Reports/Reports - Test/TEST_REPORT.xdo\",\n\t\"comments\": \"Test Service Change\",\n\t\"reportType\": \"BIP\",\n\t\"appFilterIdFilterCd\": \"EQ_REPORTING\",\n\t\"updateId\" : \"a582775\"\n}"},"url":{"raw":"http://localhost:8080/reportcatalog-services/ReportProfile","protocol":"http","host":["localhost"],"port":"8080","path":["reportcatalog-services","ReportProfile"]}},"response":[]},{"name":"DELETE Report Profile","id":"eb719dcc-6d3b-43f4-97d7-439fd07cc8a4","request":{"method":"DELETE","header":[{"key":"Content-Type","value":"application/json"}],"body":{"mode":"raw","raw":"[{\n\t\"id\": 4155,\n\t\"advisorGroupId\":1000249,\n\t\"subcategoryId\":5591271,\n\t\"executableAppId\":4483319,\n\t\"name\":\"TEST_REPORT\",\n\t\"description\":\"Test Report Profile\",\n\t\"executableFileName\":\"TEST_REPORT.xdo\",\n\t\"executableFilePath\":\"/Publisher Reports/Reports - Test/TEST_REPORT.xdo\",\n\t\"comments\": \"Test Service Change\",\n\t\"reportType\": \"BIP\",\n\t\"appFilterIdFilterCd\": \"EQ_REPORTING\",\n\t\"updateId\" : \"a582775\"\n}]"},"url":{"raw":"http://localhost:8080/reportcatalog-services/ReportProfile","protocol":"http","host":["localhost"],"port":"8080","path":["reportcatalog-services","ReportProfile"]}},"response":[]},{"name":"GET Report Templates","id":"1430205e-2dc1-4386-b222-b1c652050f92","request":{"method":"GET","header":[],"body":{"mode":"raw","raw":""},"url":{"raw":"http://localhost:8080/reportcatalog-services/ReportProfileTemplates","protocol":"http","host":["localhost"],"port":"8080","path":["reportcatalog-services","ReportProfileTemplates"]}},"response":[]},{"name":"GET Report Template by Profile ID","id":"1a8eda86-e2a0-4319-afe8-6cc75bfa27f8","request":{"method":"GET","header":[],"body":{"mode":"raw","raw":""},"url":{"raw":"http://localhost:8080/reportcatalog-services/ReportProfileTemplate/913","protocol":"http","host":["localhost"],"port":"8080","path":["reportcatalog-services","ReportProfileTemplate","913"]}},"response":[]},{"name":"ADD Report Template","id":"446d7ddb-ddb5-4b90-a73b-74e73316decf","request":{"method":"POST","header":[{"key":"Content-Type","value":"application/json"}],"body":{"mode":"raw","raw":"{ \n    \"reportProfileId\": 4155,\n    \"format\" : \"excel\",\n    \"name\" : \"Layout 1\",\n    \"description\" : \"test template\",\n\t\"updateId\" : \"a582775:\"\n}\n"},"url":{"raw":"http://localhost:8080/reportcatalog-services/ReportProfileTemplate","protocol":"http","host":["localhost"],"port":"8080","path":["reportcatalog-services","ReportProfileTemplate"]}},"response":[]},{"name":"EDIT Report Template","id":"cb750cc6-0340-45ce-ab96-20b347911c07","request":{"method":"PUT","header":[{"key":"Content-Type","value":"application/json"}],"body":{"mode":"raw","raw":"{ \n\t\"id\": 111459141,\n    \"reportProfileId\": 4155,\n    \"format\" : \"excel\",\n    \"name\" : \"Layout 1\",\n    \"description\" : \"test template\",\n\t\"updateId\" : \"a582775\"\n}\n"},"url":{"raw":"http://localhost:8080/reportcatalog-services/ReportProfileTemplate","protocol":"http","host":["localhost"],"port":"8080","path":["reportcatalog-services","ReportProfileTemplate"]}},"response":[]},{"name":"DELETE Report Template","id":"5c470e01-f890-4a8e-a661-e97c02b090ad","request":{"method":"DELETE","header":[{"key":"Content-Type","value":"application/json"}],"body":{"mode":"raw","raw":"{ \n\t\"id\": 111459141,\n    \"reportProfileId\": 4155,\n    \"format\" : \"excel\",\n    \"name\" : \"Layout 1\",\n    \"description\" : \"test template\",\n\t\"updateId\" : \"a582775\"\n}\n"},"url":{"raw":"http://localhost:8080/reportcatalog-services/ReportProfileTemplate","protocol":"http","host":["localhost"],"port":"8080","path":["reportcatalog-services","ReportProfileTemplate"]}},"response":[]},{"name":"GET Report Data Sources by Profile ID","id":"d02a55ab-a224-489f-bb70-29a33f72f470","request":{"method":"GET","header":[],"body":{"mode":"raw","raw":""},"url":{"raw":"http://localhost:8080/reportcatalog-services/ReportProfileTemplate/913","protocol":"http","host":["localhost"],"port":"8080","path":["reportcatalog-services","ReportProfileTemplate","913"]}},"response":[]},{"name":"ADD Report Data Source","id":"a71cc42c-620f-4eb2-bea4-e5b7540dcae5","request":{"method":"POST","header":[{"key":"Content-Type","value":"application/json"},{"key":"Accept","value":"application/json"}],"body":{"mode":"raw","raw":"{ \n    \"reportProfileId\": 4156,\n    \"dataSetName\" : \"test data set name\",\n    \"dataSource\" : \"test connection\",\n    \"query\" : \"test query\",\n    \"updateId\" : \"a582775\"\n}"},"url":{"raw":"http://localhost:8080/reportcatalog-services/ReportProfileDataSource","protocol":"http","host":["localhost"],"port":"8080","path":["reportcatalog-services","ReportProfileDataSource"]}},"response":[]},{"name":"EDIT Report Data Source","id":"76a7893b-e8b5-4dd3-980a-fff92cd61d65","request":{"method":"PUT","header":[{"key":"Content-Type","value":"application/json"},{"key":"Accept","value":"application/json"}],"body":{"mode":"raw","raw":"{ \n\t\"id\":1105933,\n    \"reportProfileId\": 4156,\n    \"dataSetName\" : \"test data set name\",\n    \"dataSource\" : \"test connection\",\n    \"query\" : \"test query\",\n    \"updateId\" : \"a582775\"\n}"},"url":{"raw":"http://localhost:8080/reportcatalog-services/ReportProfileDataSource","protocol":"http","host":["localhost"],"port":"8080","path":["reportcatalog-services","ReportProfileDataSource"]}},"response":[]},{"name":"DELETE Report Data Source","id":"fd2d8af2-d454-480f-8030-16dc5844a624","request":{"method":"DELETE","header":[{"key":"Content-Type","value":"application/json"},{"key":"Accept","value":"application/json"}],"body":{"mode":"raw","raw":"{ \n\t\"id\":1105933,\n    \"reportProfileId\": 4156,\n    \"dataSetName\" : \"test data set name\",\n    \"dataSource\" : \"test connection\",\n    \"query\" : \"test query\",\n    \"updateId\" : \"a582775\"\n}"},"url":{"raw":"http://localhost:8080/reportcatalog-services/ReportProfileDataSource","protocol":"http","host":["localhost"],"port":"8080","path":["reportcatalog-services","ReportProfileDataSource"]}},"response":[]},{"name":"GET Report Parameter By Profile ID","id":"5ea22ae1-a696-4f36-9fa8-52ebaa55a234","request":{"method":"GET","header":[],"body":{"mode":"raw","raw":""},"url":{"raw":"http://localhost:8080/reportcatalog-services/ReportProfileParameter/1948","protocol":"http","host":["localhost"],"port":"8080","path":["reportcatalog-services","ReportProfileParameter","1948"]}},"response":[]},{"name":"ADD Report Parameter","id":"beec4db0-db83-41f5-89a0-d34e9dcfa2fb","request":{"method":"POST","header":[{"key":"Content-Type","value":"application/json"}],"body":{"mode":"raw","raw":"{ \n    \"reportProfileId\": 4156,\n    \"name\" : \"P_TEST_PARAM\",\n    \"type\" : \"test\",\n    \"description\": \"Test Parameter\",\n    \"updateId\" : \"a582775\"\n\n}"},"url":{"raw":"http://localhost:8080/reportcatalog-services/ReportProfileParameter","protocol":"http","host":["localhost"],"port":"8080","path":["reportcatalog-services","ReportProfileParameter"]}},"response":[]},{"name":"EDIT Report Parameter","id":"01ddd7d5-81a8-4126-9a1b-507a44e6eae6","request":{"method":"PUT","header":[{"key":"Content-Type","value":"application/json"}],"body":{"mode":"raw","raw":"{ \n\t\"id\":125016,\n    \"reportProfileId\": 4156,\n    \"name\" : \"P_TEST_PARAM\",\n    \"type\" : \"test\",\n    \"description\": \"Test Parameter\",\n    \"updateId\" : \"a582775\"\n\n}"},"url":{"raw":"http://localhost:8080/reportcatalog-services/ReportProfileParameter","protocol":"http","host":["localhost"],"port":"8080","path":["reportcatalog-services","ReportProfileParameter"]}},"response":[]},{"name":"DELETE Report Parameter","id":"5e2e76b8-ecb2-48ea-b9d4-e4486c015bb2","request":{"method":"DELETE","header":[{"key":"Content-Type","value":"application/json"}],"body":{"mode":"raw","raw":"{ \n    \"reportProfileId\": 62,\n    \"label\" : \"Fund Universe\",\n    \"name\" : \"Fund_Univ\",\n    \"delimiter\" : \",\",\n    \"updateId\" : \"a582775\"\n\n}"},"url":{"raw":"localhost:8080/advisorreportingteamdashboard-services/reportcatalog/ReportProfileParameter","host":["localhost"],"port":"8080","path":["advisorreportingteamdashboard-services","reportcatalog","ReportProfileParameter"]}},"response":[]},{"name":"GET Advisor Groups","id":"b6d4b7d3-d9d9-448b-a08e-61949e0f3c06","request":{"method":"GET","header":[],"body":{"mode":"raw","raw":""},"url":{"raw":"http://localhost:8080/reportcatalog-services/advisorGroups?appFilterId=EQ_REPORTING","protocol":"http","host":["localhost"],"port":"8080","path":["reportcatalog-services","advisorGroups"],"query":[{"key":"appFilterId","value":"EQ_REPORTING"}]}},"response":[]},{"name":"ADD Advisor Group","id":"cde37f9c-ed2a-4d28-a64c-6dc22ede657c","request":{"method":"POST","header":[{"key":"Accept","value":"application/json"},{"key":"Content-Type","value":"application/json"}],"body":{"mode":"raw","raw":"{\n    \"name\": \"K_TEST\",\n    \"description\": \"Test Advisor Group\",\n    \"appFilterIdFilterCd\": \"EQ_REPORTING\",\n    \"updateId\" : \"a582775\"\n}"},"url":{"raw":"http://localhost:8080/reportcatalog-services/advisorGroup","protocol":"http","host":["localhost"],"port":"8080","path":["reportcatalog-services","advisorGroup"]}},"response":[]},{"name":"EDIT Advisor Group","id":"cefcfea4-6ead-4056-9165-531290c4ddff","request":{"method":"PUT","header":[{"key":"Accept","value":"application/json"},{"key":"Content-Type","value":"application/json"}],"body":{"mode":"raw","raw":"{\n\t\"id\" : 1000215,\n    \"name\": \"TEST\",\n    \"description\": \"Test Advisor Group\",\n    \"appFilterIdFilterCd\": \"EQ_REPORTING\",\n    \"updateId\" : \"a582775\"\n}"},"url":{"raw":"http://localhost:8080/reportcatalog-services/advisorGroup","protocol":"http","host":["localhost"],"port":"8080","path":["reportcatalog-services","advisorGroup"]}},"response":[]},{"name":"DELETE Advisor Group","id":"9c0f35f8-b0b1-4f6d-84fc-3d636d78eae9","request":{"method":"DELETE","header":[{"key":"Content-Type","value":"application/json"}],"body":{"mode":"raw","raw":"{\n\t\"id\" : 1000215,\n    \"name\": \"TEST\",\n    \"description\": \"Test Advisor Group\",\n    \"appFilterIdFilterCd\": \"EQ_REPORTING\",\n    \"updateId\" : \"a582775\"\n}"},"url":{"raw":"http://localhost:8080/reportcatalog-services/advisorGroup","protocol":"http","host":["localhost"],"port":"8080","path":["reportcatalog-services","advisorGroup"]}},"response":[]},{"name":"GET categories","id":"1f2f2c90-0762-44b8-86f7-6b86ef57f368","request":{"method":"GET","header":[],"body":{"mode":"raw","raw":""},"url":{"raw":"http://localhost:8080/reportcatalog-services/categories?appFilterId=EQ_REPORTING","protocol":"http","host":["localhost"],"port":"8080","path":["reportcatalog-services","categories"],"query":[{"key":"appFilterId","value":"EQ_REPORTING"}]}},"response":[]},{"name":"ADD Category","id":"61e19029-bfa9-485e-9184-9d48211baf7f","request":{"method":"POST","header":[{"key":"Content-Type","value":"application/json"}],"body":{"mode":"raw","raw":"{\n\t\"name\": \"TEST_CAT\",\n\t\"description\" : \"Test Category\",\n\t\"updateId\": \"a582775\",\n\t\"appFilterIdFilterCd\" : \"EQ_REPORTING\"\n}"},"url":{"raw":"http://localhost:8080/reportcatalog-services/category","protocol":"http","host":["localhost"],"port":"8080","path":["reportcatalog-services","category"]}},"response":[]},{"name":"EDIT Category","id":"73b1c1c3-d16f-4071-b263-e587569882e3","request":{"method":"PUT","header":[{"key":"Content-Type","value":"application/json"}],"body":{"mode":"raw","raw":"{\n\t\"id\" : 2123585,\n\t\"name\": \"TEST_UPD\",\n\t\"description\" : \"Test Category\",\n\t\"updateId\": \"a582775\",\n\t\"appFilterIdFilterCd\" : \"EQ_REPORTING\"\n}"},"url":{"raw":"http://localhost:8080/reportcatalog-services/category","protocol":"http","host":["localhost"],"port":"8080","path":["reportcatalog-services","category"]}},"response":[]},{"name":"DELETE Category","id":"89c00da6-122a-43f4-9c99-cb4da2dcdc86","request":{"method":"DELETE","header":[{"key":"Content-Type","value":"application/json"}],"body":{"mode":"raw","raw":"{\n\t\"id\" : 2123585,\n\t\"name\": \"TEST_UPD\",\n\t\"description\" : \"Test Category\",\n\t\"updateId\": \"a582775\",\n\t\"appFilterIdFilterCd\" : \"EQ_REPORTING\"\n}"},"url":{"raw":"http://localhost:8080/reportcatalog-services/category","protocol":"http","host":["localhost"],"port":"8080","path":["reportcatalog-services","category"]}},"response":[]},{"name":"GET subcategories","id":"ce7c9bb5-2c00-4f0e-9ba0-dcf6513771ff","request":{"method":"GET","header":[],"body":{"mode":"raw","raw":""},"url":{"raw":"http://localhost:8080/reportcatalog-services/subcategories","protocol":"http","host":["localhost"],"port":"8080","path":["reportcatalog-services","subcategories"]}},"response":[]},{"name":"GET Subcategories by Category ID","id":"36bdee54-a127-4ef8-834f-76f1e4767c68","request":{"method":"GET","header":[],"body":{"mode":"raw","raw":""},"url":{"raw":"http://localhost:8080/reportcatalog-services/subcategories/2123571","protocol":"http","host":["localhost"],"port":"8080","path":["reportcatalog-services","subcategories","2123571"]}},"response":[]},{"name":"ADD Subcategory","id":"24c1ca43-c34a-466d-96dc-5ae32d2dfa00","request":{"method":"POST","header":[{"key":"Content-Type","value":"application/json"}],"body":{"mode":"raw","raw":"{\n    \"name\": \"TEST_SUBCAT\",\n    \"description\": \"Test Subcategory\",\n    \"categoryId\": 2123585,\n    \"updateId\" : \"a582775\"\n}"},"url":{"raw":"http://localhost:8080/reportcatalog-services/subcategory","protocol":"http","host":["localhost"],"port":"8080","path":["reportcatalog-services","subcategory"]}},"response":[]},{"name":"EDIT Subcategory","id":"e2025d38-b494-47e5-b329-9b10cdfb2fa7","request":{"method":"PUT","header":[{"key":"Content-Type","value":"application/json"}],"body":{"mode":"raw","raw":"{\n\t\"id\": 5591249,\n    \"name\": \"TEST_SUBCAT\",\n    \"description\": \"Test Subcategory 2\",\n    \"categoryId\": 2123585,\n    \"updateId\" : \"a582775\"\n}"},"url":{"raw":"http://localhost:8080/reportcatalog-services/subcategory","protocol":"http","host":["localhost"],"port":"8080","path":["reportcatalog-services","subcategory"]}},"response":[]},{"name":"DELETE Subcategory","id":"62ab3541-9c59-476f-9223-b37151a27683","request":{"method":"DELETE","header":[{"key":"Content-Type","value":"application/json"}],"body":{"mode":"raw","raw":"{\n\t\"id\" : 5591249,\n    \"name\": \"TEST_SUBCAT\",\n    \"description\": \"Test Subcategory\",\n    \"categoryId\": 2123585,\n    \"updateId\" : \"a582775\"\n}"},"url":{"raw":"http://localhost:8080/reportcatalog-services/subcategory","protocol":"http","host":["localhost"],"port":"8080","path":["reportcatalog-services","subcategory"]}},"response":[]},{"name":"GET Sharepoint Sites","id":"ee863b86-6788-4b23-b004-29c1df606794","request":{"method":"GET","header":[],"body":{"mode":"raw","raw":""},"url":{"raw":"http://localhost:8080/reportcatalog-services/sharepoint?appFilterId=EQ_REPORTING","protocol":"http","host":["localhost"],"port":"8080","path":["reportcatalog-services","sharepoint"],"query":[{"key":"appFilterId","value":"EQ_REPORTING"}]}},"response":[]},{"name":"ADD Sharepoint Site","id":"a32e4144-16f5-4d24-8e69-d9878f0265b4","request":{"method":"POST","header":[{"key":"Content-Type","value":"application/json"}],"body":{"mode":"raw","raw":"{\n    \"name\": \"TEST_SP\",\n    \"host\": \"Test Sharepoint Site\",\n    \"user\": \"eraadmin\",\n    \"appFilterIdFilterCd\" : \"EQ_REPORTING\",\n    \"updateId\" : \"a582775\"\n}"},"url":{"raw":"http://localhost:8080/reportcatalog-services/sharepoint","protocol":"http","host":["localhost"],"port":"8080","path":["reportcatalog-services","sharepoint"]}},"response":[]},{"name":"EDIT Sharepoint Site","id":"33ba9b0f-4db8-4e1d-a56d-18091f5fe820","request":{"method":"PUT","header":[{"key":"Content-Type","value":"application/json"}],"body":{"mode":"raw","raw":"{\n\t\"id\" : 1300010,\n    \"name\": \"TEST_SP\",\n    \"host\": \"Test Sharepoint Site\",\n    \"user\": \"eraadmin\",\n    \"appFilterIdFilterCd\" : \"EQ_REPORTING\",\n    \"updateId\" : \"a582775\"\n}"},"url":{"raw":"http://localhost:8080/reportcatalog-services/sharepoint","protocol":"http","host":["localhost"],"port":"8080","path":["reportcatalog-services","sharepoint"]}},"response":[]},{"name":"DELETE Sharepoint Site","id":"1e86f7f1-79e8-4fd8-9e9a-6bd702d3f9c1","request":{"method":"DELETE","header":[{"key":"Content-Type","value":"application/json"}],"body":{"mode":"raw","raw":"{\n\t\"id\" : 1300010,\n    \"name\": \"TEST_SP\",\n    \"host\": \"Test Sharepoint Site\",\n    \"user\": \"eraadmin\",\n    \"appFilterIdFilterCd\" : \"EQ_REPORTING\",\n    \"updateId\" : \"a582775\"\n}"},"url":{"raw":"http://localhost:8080/reportcatalog-services/sharepoint","protocol":"http","host":["localhost"],"port":"8080","path":["reportcatalog-services","sharepoint"]}},"response":[]},{"name":"GET FTP Servers","id":"427d6a04-5f39-468b-9bbe-914d081e1edf","request":{"method":"GET","header":[],"body":{"mode":"raw","raw":""},"url":{"raw":"http://localhost:8080/reportcatalog-services/ftpServers?appFilterId=EQ_REPORTING","protocol":"http","host":["localhost"],"port":"8080","path":["reportcatalog-services","ftpServers"],"query":[{"key":"appFilterId","value":"EQ_REPORTING"}]}},"response":[]},{"name":"ADD FTP Server","id":"e37669fd-5194-4f8f-9f62-a659be50cf64","request":{"method":"POST","header":[{"key":"Content-Type","value":"application/json"}],"body":{"mode":"raw","raw":"{\n  \"name\" :\"TEST_FTP\",\n  \"description\" : \"Test FTP Server\",\n  \"host\" : \"ftperep.fmrco.com\",\n  \"sftp\" : true,\n  \"userName\" : \"eraftp\",\n  \"appFilterIdFilterCd\" : \"EQ_REPORTING\",\n  \"updateId\" : \"a582775\"\n}"},"url":{"raw":"http://localhost:8080/reportcatalog-services/ftpServer","protocol":"http","host":["localhost"],"port":"8080","path":["reportcatalog-services","ftpServer"]}},"response":[]},{"name":"UPDATE FTP Server","id":"2ced888d-0f33-403b-bf9b-651401c79172","request":{"method":"PUT","header":[{"key":"Content-Type","value":"application/json"}],"body":{"mode":"raw","raw":"{\n\t\"id\" : 1021,\n\t\"name\" :\"TEST_FTP\",\n\t\"description\" : \"Test FTP Server\",\n\t\"host\" : \"ftperep.fmrco.com\",\n\t\"sftp\" : true,\n\t\"userName\" : \"eraftp\",\n\t\"appFilterIdFilterCd\" : \"EQ_REPORTING\",\n\t\"updateId\" : \"a582775\"\n}"},"url":{"raw":"http://localhost:8080/reportcatalog-services/ftpServer","protocol":"http","host":["localhost"],"port":"8080","path":["reportcatalog-services","ftpServer"]}},"response":[]},{"name":"DELETE FTP Server","id":"bc868bfa-5222-469e-a2bc-b24a020077fc","request":{"method":"DELETE","header":[{"key":"Content-Type","value":"application/json"}],"body":{"mode":"raw","raw":"{\n\t\"id\" : 1021,\n\t\"name\" :\"TEST_FTP\",\n\t\"description\" : \"Test FTP Server\",\n\t\"host\" : \"ftperep.fmrco.com\",\n\t\"sftp\" : true,\n\t\"userName\" : \"eraftp\",\n\t\"appFilterIdFilterCd\" : \"EQ_REPORTING\",\n\t\"updateId\" : \"a582775\"\n}"},"url":{"raw":"http://localhost:8080/reportcatalog-services/ftpServer","protocol":"http","host":["localhost"],"port":"8080","path":["reportcatalog-services","ftpServer"]}},"response":[]},{"name":"GET Schedules","id":"8a3ca66c-4475-4825-9d87-5132b4482c2e","request":{"method":"GET","header":[],"body":{"mode":"raw","raw":""},"url":{"raw":"http://localhost:8080/reportcatalog-services/ftpServers?appFilterId=EQ_REPORTING","protocol":"http","host":["localhost"],"port":"8080","path":["reportcatalog-services","ftpServers"],"query":[{"key":"appFilterId","value":"EQ_REPORTING"}]}},"response":[]},{"name":"GET Tasks","id":"1b3236d9-17ec-4d92-9488-9d4a3a5eb9d3","request":{"method":"GET","header":[],"body":{"mode":"raw","raw":""},"url":{"raw":"http://localhost:8080/reportcatalog-services/tasks","protocol":"http","host":["localhost"],"port":"8080","path":["reportcatalog-services","tasks"]}},"response":[]},{"name":"ADD Task","id":"7322087f-ed06-43bf-8cdf-6081b95c2e68","request":{"method":"POST","header":[{"key":"Content-Type","value":"application/json"}],"body":{"mode":"raw","raw":"[{\n  \"scheduleId\": 30098,\n  \"name\" : \"test_task\",\n  \"profileId\" : 898,\n  \"templateId\": 111457761,\n  \"fileName\" : \"test.pdf\",\n  \"impersonate\" : \"a582775\",\n  \"outputFormat\" : \"rtf\",\n  \"updateId\" : \"a582775\"\n}]"},"url":{"raw":"http://localhost:8080/reportcatalog-services/task","protocol":"http","host":["localhost"],"port":"8080","path":["reportcatalog-services","task"]}},"response":[]},{"name":"EDIT Task","id":"1817c58d-7395-4081-9427-347486a41f90","request":{"method":"PUT","header":[{"key":"Content-Type","value":"application/json"}],"body":{"mode":"raw","raw":"{\n  \"id\" : 70108,\n  \"scheduleId\": 30098,\n  \"name\" : \"test_task\",\n  \"profileId\" : 898,\n  \"templateId\": 111457761,\n  \"fileName\" : \"test.pdf\",\n  \"impersonate\" : \"a582775\",\n  \"outputFormat\" : \"rtf\",\n  \"updateId\" : \"a582775\"\n}"},"url":{"raw":"http://localhost:8080/reportcatalog-services/task","protocol":"http","host":["localhost"],"port":"8080","path":["reportcatalog-services","task"]}},"response":[]},{"name":"DELETE Task","id":"72172619-4658-433d-82e0-fd585ccf02f5","request":{"method":"DELETE","header":[{"key":"Content-Type","value":"application/json"}],"body":{"mode":"raw","raw":"[{\n  \"id\" : 70108,\n  \"scheduleId\": 30098,\n  \"name\" : \"test_task\",\n  \"profileId\" : 898,\n  \"templateId\": 111457761,\n  \"fileName\" : \"test.pdf\",\n  \"impersonate\" : \"a582775\",\n  \"outputFormat\" : \"rtf\",\n  \"updateId\" : \"a582775\"\n}]"},"url":{"raw":"http://localhost:8080/reportcatalog-services/task","protocol":"http","host":["localhost"],"port":"8080","path":["reportcatalog-services","task"]}},"response":[]},{"name":"GET Deliveries","id":"83589fc4-b613-49a8-976e-f3c5f395d516","request":{"method":"GET","header":[],"body":{"mode":"raw","raw":""},"url":{"raw":"http://localhost:8080/reportcatalog-services/deliveries","protocol":"http","host":["localhost"],"port":"8080","path":["reportcatalog-services","deliveries"]}},"response":[]},{"name":"ADD Delivery","id":"e6d3c360-9f09-480b-bc4d-4021e08a8e28","request":{"method":"POST","header":[{"key":"Content-Type","value":"application/json"}],"body":{"mode":"raw","raw":"[\n\t{\n        \"deliveryId\": null,\n        \"emailSubject\": \"Test Delivery Email\",\n        \"emailToAddresses\": \"a582775@fmr.com\",\n        \"emailBCCAddresses\": \"\",\n        \"emailCCAddresses\": \"\",\n        \"emailFromAddress\": \"advrptng@fmr.com\",\n        \"emailReplyToAddress\": \"advrptng@fmr.com\",\n        \"emailBody\": \"   <p><font color=\\\"#666666\\\" face=\\\"Calibri\\\" style=\\\"font-size: 9pt;\\\"> This message was generated automatically by Advisor Reporting. If you have any immediate concerns about this or any other Advisor Reporting report please send an email to Advisor Reporting. The attachment(s) contained within this email are intended for use by the addressee(s) only. Any dissemination, distribution, or copying of this e-mail or its attachment(s) is prohibited without prior consent from Advisor Reporting.<br><br> If you would like to be removed from this distribution, please reply to this email specifying the report(s) you no longer wish to receive.</font></p> <hr color=\\\"#5d87a1\\\"> <p><font color=\\\"#5d87a1\\\" face=\\\"Calibri\\\" style=\\\"font-size: 8pt; font-weight: 500;\\\">Data provided by Advisor Reporting<br> Oncall: Monday-Friday, 8:00am-6:00pm<br> E-mail: <a style=\\\"color: rgb(93, 135, 161);\\\" href=\\\"mailto:advrptng@fmr.com?subject=Advisor Reporting User Response\\\">Advisor Reporting</a><br>DEV -Test Schedule</font></p>\",\n        \"emailBodyHTMLFlag\": \"N\",\n        \"ftpServerId\": null,\n        \"ftpPath\": null,\n        \"cmsRootFolder\": null,\n        \"cmsSubFolder\": null,\n        \"updateId\": \"a582775\",\n        \"deliveryType\": \"email\",\n        \"spSubsite\": null,\n        \"spPath\": null,\n        \"spLibrary\": null,\n        \"enableBusinessUtility\": false,\n        \"spId\": null,\n        \"fileName\": \"Test.xls\"\n\t}\n]"},"url":{"raw":"http://localhost:8080/reportcatalog-services/delivery","protocol":"http","host":["localhost"],"port":"8080","path":["reportcatalog-services","delivery"]}},"response":[]},{"name":"ADD Delivery copy","id":"aef38607-0136-4111-be35-c40bab690142","request":{"method":"PUT","header":[{"key":"Content-Type","value":"application/json"}],"body":{"mode":"raw","raw":"{\n\t\t\"id\" : 150130,\n        \"deliveryId\": null,\n        \"emailSubject\": \"Test Delivery Email\",\n        \"emailToAddresses\": \"a582775@fmr.com\",\n        \"emailBCCAddresses\": \"\",\n        \"emailCCAddresses\": \"\",\n        \"emailFromAddress\": \"advrptng@fmr.com\",\n        \"emailReplyToAddress\": \"advrptng@fmr.com\",\n        \"emailBody\": \"   <p><font color=\\\"#666666\\\" face=\\\"Calibri\\\" style=\\\"font-size: 9pt;\\\"> This message was generated automatically by Advisor Reporting. If you have any immediate concerns about this or any other Advisor Reporting report please send an email to Advisor Reporting. The attachment(s) contained within this email are intended for use by the addressee(s) only. Any dissemination, distribution, or copying of this e-mail or its attachment(s) is prohibited without prior consent from Advisor Reporting.<br><br> If you would like to be removed from this distribution, please reply to this email specifying the report(s) you no longer wish to receive.</font></p> <hr color=\\\"#5d87a1\\\"> <p><font color=\\\"#5d87a1\\\" face=\\\"Calibri\\\" style=\\\"font-size: 8pt; font-weight: 500;\\\">Data provided by Advisor Reporting<br> Oncall: Monday-Friday, 8:00am-6:00pm<br> E-mail: <a style=\\\"color: rgb(93, 135, 161);\\\" href=\\\"mailto:advrptng@fmr.com?subject=Advisor Reporting User Response\\\">Advisor Reporting</a><br>DEV -Test Schedule</font></p>\",\n        \"emailBodyHTMLFlag\": \"N\",\n        \"ftpServerId\": null,\n        \"ftpPath\": \"/test\",\n        \"cmsRootFolder\": null,\n        \"cmsSubFolder\": null,\n        \"updateId\": \"a582775\",\n        \"deliveryType\": \"email\",\n        \"spSubsite\": null,\n        \"spPath\": null,\n        \"spLibrary\": null,\n        \"enableBusinessUtility\": false,\n        \"spId\": null,\n        \"fileName\": \"Test.xls\"\n\t}"},"url":{"raw":"http://localhost:8080/reportcatalog-services/delivery","protocol":"http","host":["localhost"],"port":"8080","path":["reportcatalog-services","delivery"]}},"response":[]},{"name":"DELETE Delivery","id":"171ee87e-dc74-4a70-a335-b2f4b4c7ff09","request":{"method":"DELETE","header":[{"key":"Content-Type","value":"application/json"}],"body":{"mode":"raw","raw":"{\n\t\t\"id\" : 150130,\n        \"deliveryId\": null,\n        \"emailSubject\": \"Test Delivery Email\",\n        \"emailToAddresses\": \"a582775@fmr.com\",\n        \"emailBCCAddresses\": \"\",\n        \"emailCCAddresses\": \"\",\n        \"emailFromAddress\": \"advrptng@fmr.com\",\n        \"emailReplyToAddress\": \"advrptng@fmr.com\",\n        \"emailBody\": \"   <p><font color=\\\"#666666\\\" face=\\\"Calibri\\\" style=\\\"font-size: 9pt;\\\"> This message was generated automatically by Advisor Reporting. If you have any immediate concerns about this or any other Advisor Reporting report please send an email to Advisor Reporting. The attachment(s) contained within this email are intended for use by the addressee(s) only. Any dissemination, distribution, or copying of this e-mail or its attachment(s) is prohibited without prior consent from Advisor Reporting.<br><br> If you would like to be removed from this distribution, please reply to this email specifying the report(s) you no longer wish to receive.</font></p> <hr color=\\\"#5d87a1\\\"> <p><font color=\\\"#5d87a1\\\" face=\\\"Calibri\\\" style=\\\"font-size: 8pt; font-weight: 500;\\\">Data provided by Advisor Reporting<br> Oncall: Monday-Friday, 8:00am-6:00pm<br> E-mail: <a style=\\\"color: rgb(93, 135, 161);\\\" href=\\\"mailto:advrptng@fmr.com?subject=Advisor Reporting User Response\\\">Advisor Reporting</a><br>DEV -Test Schedule</font></p>\",\n        \"emailBodyHTMLFlag\": \"N\",\n        \"ftpServerId\": null,\n        \"ftpPath\": \"/test\",\n        \"cmsRootFolder\": null,\n        \"cmsSubFolder\": null,\n        \"updateId\": \"a582775\",\n        \"deliveryType\": \"email\",\n        \"spSubsite\": null,\n        \"spPath\": null,\n        \"spLibrary\": null,\n        \"enableBusinessUtility\": false,\n        \"spId\": null,\n        \"fileName\": \"Test.xls\"\n\t}"},"url":{"raw":"http://localhost:8080/reportcatalog-services/delivery","protocol":"http","host":["localhost"],"port":"8080","path":["reportcatalog-services","delivery"]}},"response":[]},{"name":"GET Delivery Tasks","id":"c10666c4-7766-49fd-a383-ae1e64896c87","request":{"method":"GET","header":[],"body":{"mode":"raw","raw":""},"url":{"raw":"http://localhost:8080/reportcatalog-services/deliveries","protocol":"http","host":["localhost"],"port":"8080","path":["reportcatalog-services","deliveries"]}},"response":[]},{"name":"ADD Delivery Tasks","id":"15be78c0-491a-408c-acf8-970b923d3012","request":{"method":"POST","header":[{"key":"Content-Type","value":"application/json"}],"body":{"mode":"raw","raw":"[{\n  \"deliveryId\" : 150131,\n  \"scheduleId\": 30098,\n  \"taskId\": 70109,\n  \"inlineHtmlFlag\": \"N\",\n  \"fileName\": \"test.xls\",\n  \"updateId\" : \"a582775\"\n  \n}]"},"url":{"raw":"http://localhost:8080/reportcatalog-services/deliveryTask","protocol":"http","host":["localhost"],"port":"8080","path":["reportcatalog-services","deliveryTask"]}},"response":[]},{"name":"DELETE Delivery Tasks","id":"ae71e918-5e22-40c4-a646-49f4f5ecc99c","request":{"method":"DELETE","header":[{"key":"Content-Type","value":"application/json"}],"body":{"mode":"raw","raw":"[{\n  \"id\" : 21738,\n  \"deliveryId\" : 150131,\n  \"scheduleId\": 30098,\n  \"taskId\": 70109,\n  \"inlineHtmlFlag\": \"N\",\n  \"fileName\": \"test.xls\",\n  \"updateId\" : \"a582775\"\n  \n}]"},"url":{"raw":"http://localhost:8080/reportcatalog-services/deliveryTask","protocol":"http","host":["localhost"],"port":"8080","path":["reportcatalog-services","deliveryTask"]}},"response":[]},{"name":"GET Param Values","id":"953e5209-f47f-40f3-b30c-8bdeb594249e","request":{"method":"GET","header":[],"body":{"mode":"raw","raw":""},"url":{"raw":"http://localhost:8080/reportcatalog-services/paramValues","protocol":"http","host":["localhost"],"port":"8080","path":["reportcatalog-services","paramValues"]}},"response":[]},{"name":"ADD Param Value","id":"fcaa4697-c7cf-4bcf-95a8-324c3857221e","request":{"method":"POST","header":[{"key":"Content-Type","value":"application/json"}],"body":{"mode":"raw","raw":"{\n  \"taskId\": 70109,\n  \"scheduleId\" : 30098, \n  \"parameterId\" : 124237,\n  \"profileId\" : 1085,\n  \"value\" : \"FMR\",\n  \"updateId\" : \"a582775\"\n}\n"},"url":{"raw":"localhost:8080/reportcatalog-services/paramValue","host":["localhost"],"port":"8080","path":["reportcatalog-services","paramValue"]}},"response":[]},{"name":"EDIT Param Value","id":"47b1816a-98ff-4637-a5c4-781d2b9eb4d4","request":{"method":"PUT","header":[{"key":"Content-Type","value":"application/json"}],"body":{"mode":"raw","raw":"{\n  \"id\" : 1110305,\n  \"taskId\": 70109,\n  \"scheduleId\" : 30098, \n  \"parameterId\" : 124237,\n  \"profileId\" : 1085,\n  \"value\" : \"FMR\",\n  \"updateId\" : \"a582775\"\n}\n"},"url":{"raw":"localhost:8080/reportcatalog-services/paramValue","host":["localhost"],"port":"8080","path":["reportcatalog-services","paramValue"]}},"response":[]},{"name":"DELETE Param Value","id":"f0d90c67-47df-4127-befd-345259343b3c","request":{"method":"DELETE","header":[{"key":"Content-Type","value":"application/json"}],"body":{"mode":"raw","raw":"{\n  \"id\" : 1110305,\n  \"taskId\": 70109,\n  \"scheduleId\" : 30098, \n  \"parameterId\" : 124237,\n  \"profileId\" : 1085,\n  \"value\" : \"FMR\",\n  \"updateId\" : \"a582775\"\n}\n"},"url":{"raw":"localhost:8080/reportcatalog-services/paramValue","host":["localhost"],"port":"8080","path":["reportcatalog-services","paramValue"]}},"response":[]},{"name":"GET Schedule Groups","id":"ef9a54c9-5c94-4a7f-a7bf-6c9d214d91f5","request":{"method":"GET","header":[],"body":{"mode":"raw","raw":""},"url":{"raw":"http://localhost:8080/reportcatalog-services/scheduleGroups?appFilterId=EQ_REPORTING","protocol":"http","host":["localhost"],"port":"8080","path":["reportcatalog-services","scheduleGroups"],"query":[{"key":"appFilterId","value":"EQ_REPORTING"}]}},"response":[]},{"name":"ADD Schedule Group","id":"0b29e024-dc29-4dbb-ba84-baf62f3a99f6","request":{"method":"POST","header":[{"key":"Content-Type","value":"application/json"}],"body":{"mode":"raw","raw":"{\n    \"name\": \"Test_GROUP\",\n    \"updateId\": \"a582775\",\n    \"appFilterIdFilterCd\": \"EQ_REPORTING\"\n}"},"url":{"raw":"http://localhost:8080/reportcatalog-services/scheduleGroup","protocol":"http","host":["localhost"],"port":"8080","path":["reportcatalog-services","scheduleGroup"]}},"response":[]},{"name":"EDIT Schedule Group","id":"4ac93b60-5398-4203-b2cf-85667a3ce4b7","request":{"method":"PUT","header":[{"key":"Content-Type","value":"application/json"}],"body":{"mode":"raw","raw":"{\n\t\"id\": 30058,\n    \"name\": \"Test_GROUP\",\n    \"updateId\": \"a582775\",\n    \"appFilterIdFilterCd\": \"EQ_REPORTING\"\n}"},"url":{"raw":"http://localhost:8080/reportcatalog-services/scheduleGroup","protocol":"http","host":["localhost"],"port":"8080","path":["reportcatalog-services","scheduleGroup"]}},"response":[]},{"name":"DELETE Schedule Group","id":"e8b5c71e-b2c8-412a-914e-4dffc74dcdff","request":{"method":"DELETE","header":[{"key":"Content-Type","value":"application/json"}],"body":{"mode":"raw","raw":"{\n\t\"id\": 30058,\n    \"name\": \"Test_GROUP\",\n    \"updateId\": \"a582775\",\n    \"appFilterIdFilterCd\": \"EQ_REPORTING\"\n}"},"url":{"raw":"http://localhost:8080/reportcatalog-services/scheduleGroup","protocol":"http","host":["localhost"],"port":"8080","path":["reportcatalog-services","scheduleGroup"]}},"response":[]},{"name":"GET Report Tags","id":"e971edfc-a0e8-4ee7-ade6-42a65e1e500d","request":{"method":"GET","header":[],"body":{"mode":"raw","raw":""},"url":{"raw":"http://localhost:8080/reportcatalog-services/ReportTag?appFilterId=EQ_REPORTING","protocol":"http","host":["localhost"],"port":"8080","path":["reportcatalog-services","ReportTag"],"query":[{"key":"appFilterId","value":"EQ_REPORTING"}]}},"response":[]},{"name":"ADD Report Tag","id":"ebef8ad4-84d4-4327-9d93-81c4597d7ca9","request":{"method":"POST","header":[{"key":"Content-Type","value":"application/json"}],"body":{"mode":"raw","raw":"{\n\t\"tag\": \"TEST_EQ\",\n\t\"updateId\": \"a582775\"\n}"},"url":{"raw":"http://localhost:8080/reportcatalog-services/ReportTag?appFilterId=EQ_REPORTING","protocol":"http","host":["localhost"],"port":"8080","path":["reportcatalog-services","ReportTag"],"query":[{"key":"appFilterId","value":"EQ_REPORTING"}]}},"response":[]},{"name":"UPDATE Report Tag","id":"deee89c3-e48c-4fc8-9b5a-ca97d6c9f10c","request":{"method":"PUT","header":[{"key":"Content-Type","value":"application/json"}],"body":{"mode":"raw","raw":"{\n\t\"id\": 111002,\n\t\"tag\": \"TEST_EQ\",\n\t\"updateId\": \"a582775\"\n}"},"url":{"raw":"http://localhost:8080/reportcatalog-services/ReportTag?appFilterId=EQ_REPORTING","protocol":"http","host":["localhost"],"port":"8080","path":["reportcatalog-services","ReportTag"],"query":[{"key":"appFilterId","value":"EQ_REPORTING"}]}},"response":[]},{"name":"DELETE Report Tag","id":"be3493bf-645b-4df3-ae01-7969275504b6","request":{"method":"DELETE","header":[{"key":"Content-Type","value":"application/json"}],"body":{"mode":"raw","raw":"{\n\t\"id\": 111002,\n\t\"tag\": \"TEST_EQ\",\n\t\"updateId\": \"a582775\"\n}"},"url":{"raw":"http://localhost:8080/reportcatalog-services/ReportTag?appFilterId=EQ_REPORTING","protocol":"http","host":["localhost"],"port":"8080","path":["reportcatalog-services","ReportTag"],"query":[{"key":"appFilterId","value":"EQ_REPORTING"}]}},"response":[]},{"name":"GET Report Profile Tags","id":"c9f80715-9e5a-4770-af0e-cce67c843d05","request":{"method":"GET","header":[],"url":{"raw":"http://localhost:8080/reportcatalog-services/ReportProfileTag?appFilterId=EQ_REPORTING","protocol":"http","host":["localhost"],"port":"8080","path":["reportcatalog-services","ReportProfileTag"],"query":[{"key":"appFilterId","value":"EQ_REPORTING"}]}},"response":[]},{"name":"ADD Report Profile Tag","id":"f5811402-17f9-4662-a1e2-543aceea6efa","request":{"method":"POST","header":[{"key":"Content-Type","value":"application/json"}],"body":{"mode":"raw","raw":"{\n\t\"id\":111000,\n\t\"reportProfileId\":1146,\n\t\"updateId\": \"a582775\"\n}"},"url":{"raw":"http://localhost:8080/reportcatalog-services/ReportProfileTag?appFilterId=EQ_REPORTING","protocol":"http","host":["localhost"],"port":"8080","path":["reportcatalog-services","ReportProfileTag"],"query":[{"key":"appFilterId","value":"EQ_REPORTING"}]}},"response":[]},{"name":"UPDATE Report Profile Tag","id":"b4c8a20a-99d1-4da4-a01a-a888b9691ba4","request":{"method":"PUT","header":[{"key":"Content-Type","value":"application/json"}],"body":{"mode":"raw","raw":"{\n\t\"id\":111000,\n\t\"reportProfileId\":1146,\n\t\"updateId\": \"a582775\"\n}"},"url":{"raw":"http://localhost:8080/reportcatalog-services/ReportProfileTag?appFilterId=EQ_REPORTING","protocol":"http","host":["localhost"],"port":"8080","path":["reportcatalog-services","ReportProfileTag"],"query":[{"key":"appFilterId","value":"EQ_REPORTING"}]}},"response":[]},{"name":"DELETE Report Profile Tag","id":"5fd48f7a-18d8-465d-a921-d799603b69eb","request":{"method":"DELETE","header":[{"key":"Content-Type","value":"application/json"}],"body":{"mode":"raw","raw":"{\n\t\"id\": 111002,\n\t\"tag\": \"TEST_EQ\",\n\t\"updateId\": \"a582775\"\n}"},"url":{"raw":"http://localhost:8080/reportcatalog-services/ReportTag?appFilterId=EQ_REPORTING","protocol":"http","host":["localhost"],"port":"8080","path":["reportcatalog-services","ReportTag"],"query":[{"key":"appFilterId","value":"EQ_REPORTING"}]}},"response":[]},{"name":"GET Report Profile Operation Attr","id":"8be1b94a-6cc3-497b-a6e8-b37856275df1","request":{"method":"GET","header":[],"url":{"raw":"http://localhost:8080/reportcatalog-services/ReportProfileOperationAttr?appFilterId=EQ_REPORTING","protocol":"http","host":["localhost"],"port":"8080","path":["reportcatalog-services","ReportProfileOperationAttr"],"query":[{"key":"appFilterId","value":"EQ_REPORTING"}]}},"response":[]},{"name":"ADD Report Profile Operation Attr","id":"5340f504-88ba-4e61-9ac0-5f8bccccb5af","request":{"method":"POST","header":[{"key":"Content-Type","value":"application/json"}],"body":{"mode":"raw","raw":"{\n\t\"reportProfileId\":1146,\n\t\"attributeName\":\"TEST_ATTR\",\n\t\"attributeVal\":\"TEST_ATTR_VAL\",\n\t\"updateId\":\"a582775\"\n}"},"url":{"raw":"http://localhost:8080/reportcatalog-services/ReportProfileOperationAttr?appFilterId=EQ_REPORTING","protocol":"http","host":["localhost"],"port":"8080","path":["reportcatalog-services","ReportProfileOperationAttr"],"query":[{"key":"appFilterId","value":"EQ_REPORTING"}]}},"response":[]},{"name":"EDIT Report Profile Operation Attr","id":"2ad344b8-54e8-4afb-8d03-473b2f1ba4a2","request":{"method":"PUT","header":[{"key":"Content-Type","value":"application/json"}],"body":{"mode":"raw","raw":"{\n\t\"reportProfileId\":1146,\n\t\"attributeName\":\"TEST_ATTR\",\n\t\"attributeVal\":\"TEST_ATTR_VAL\",\n\t\"updateId\":\"a582775\"\n}"},"url":{"raw":"http://localhost:8080/reportcatalog-services/ReportProfileOperationAttr?appFilterId=EQ_REPORTING","protocol":"http","host":["localhost"],"port":"8080","path":["reportcatalog-services","ReportProfileOperationAttr"],"query":[{"key":"appFilterId","value":"EQ_REPORTING"}]}},"response":[]},{"name":"DELETE Report Profile Operation Attr","id":"837a3dd3-2ca1-43ba-9269-a7e5df290278","request":{"method":"DELETE","header":[{"key":"Content-Type","value":"application/json"}],"body":{"mode":"raw","raw":"{\n\t\"reportProfileId\":1146,\n\t\"attributeName\":\"TEST_ATTR\",\n\t\"attributeVal\":\"TEST_ATTR_VAL\",\n\t\"updateId\":\"a582775\"\n}"},"url":{"raw":"http://localhost:8080/reportcatalog-services/ReportProfileOperationAttr?appFilterId=EQ_REPORTING","protocol":"http","host":["localhost"],"port":"8080","path":["reportcatalog-services","ReportProfileOperationAttr"],"query":[{"key":"appFilterId","value":"EQ_REPORTING"}]}},"response":[]},{"name":"https://vc2cmmkb255617n.fmrco.com:20013/reportcatalogservices/v1/ReportProfiles?app=EQ_Reporting","id":"916b2046-3b24-45fe-9811-cca40a42c166","request":{"auth":{"type":"noauth"},"method":"GET","header":[{"warning":"This is a duplicate header and will be overridden by the Authorization header generated by Postman.","key":"Authorization","value":"Bearer {{OAUTH_TOKEN_USER}}","type":"text","disabled":true},{"key":"Accept","value":"application/json","type":"text"},{"key":"OAM_REMOTE_USER","value":"a485047","type":"text"}],"url":{"raw":"https://vc2cmmkb255617n.fmrco.com:20013/reportcatalogservices/v1/ReportProfiles?app=EQ_Reporting","protocol":"https","host":["vc2cmmkb255617n","fmrco","com"],"port":"20013","path":["reportcatalogservices","v1","ReportProfiles"],"query":[{"key":"app","value":"EQ_Reporting"}]}},"response":[]},{"name":"https://vc2cmmka317391n.fmrco.com:20013/universeService/v1/universeDefinition/a485047/id/3e897660-ae75-43f6-8f4c-42b04c3e92d2","id":"961e4443-94a6-45da-9ea3-c743d01fd347","request":{"method":"DELETE","header":[{"key":"Authorization","value":"Bearer {{OAUTH_TOKEN_USER}}","type":"text"},{"key":"Accept","value":"text/plain","type":"text"}],"url":{"raw":"https://vc2cmmka317391n.fmrco.com:20013/universeService/v1/universeDefinition/a485047/id/3e897660-ae75-43f6-8f4c-42b04c3e92d2","protocol":"https","host":["vc2cmmka317391n","fmrco","com"],"port":"20013","path":["universeService","v1","universeDefinition","a485047","id","3e897660-ae75-43f6-8f4c-42b04c3e92d2"]}},"response":[]}]}