{"info":{"_postman_id":"8fb2bde7-73bf-491a-761e-020480d0fe5e","name":"ReportCatalog-Keroles","schema":"https://schema.getpostman.com/json/collection/v2.1.0/collection.json"},"item":[{"name":"Dev","id":"5d842482-ac19-9bde-c99e-dc83d237e1a4","request":{"method":"GET","header":[],"body":{"mode":"formdata","formdata":[]},"url":{"raw":"http://vc2cmmkb255617n.fmrco.com:20010/reportcatalogservices/v1/schedules/30072","protocol":"http","host":["vc2cmmkb255617n","fmrco","com"],"port":"20010","path":["reportcatalogservices","v1","schedules","30072"]}},"response":[]},{"name":"ReportProfile","id":"cf2e8aba-ddfa-3b32-6f10-a56d6615a831","request":{"method":"GET","header":[{"key":"OAM_REMOTE_USER","value":"a623642","type":"text"}],"body":{"mode":"formdata","formdata":[]},"url":{"raw":"https://reportcatalogsvc-sit.fmrco.com/reportcatalogservices/v1/ReportProfiles?app=EQ_REPORTING","protocol":"https","host":["reportcatalogsvc-sit","fmrco","com"],"path":["reportcatalogservices","v1","ReportProfiles"],"query":[{"key":"app","value":"EQ_REPORTING"}]}},"response":[]}]}