{"info":{"_postman_id":"90f4d8d8-08d1-464a-9e8a-e4617fdd2947","name":"CommonUniverse-OnPerm","schema":"https://schema.getpostman.com/json/collection/v2.1.0/collection.json"},"item":[{"name":"V2","item":[{"name":"GetDefintions","id":"08b11299-fc9e-4504-9ee3-d81631f08caa","protocolProfileBehavior":{"disableBodyPruning":true},"request":{"method":"GET","header":[{"key":"Authorization","value":"Bearer {{OAUTH_TOKEN}}","type":"text"}],"url":{"raw":"http://localhost:8080/common-universe-service/api/v1/universedefinitions","protocol":"http","host":["localhost"],"port":"8080","path":["common-universe-service","api","v1","universedefinitions"]}},"response":[]},{"name":"CreateDefiition","id":"5939720f-69ba-4602-b5f9-df087b9cf937","protocolProfileBehavior":{"disableBodyPruning":true},"request":{"method":"POST","header":[{"key":"Authorization","type":"text","value":"Bearer {{OAUTH_TOKEN}}"}],"body":{"mode":"raw","raw":"{\n \"name\": \"Test1\",\n \"ownerCorpId\": \"a485047\",\n \"dataVersion\": 1,\n \"universeCriteria\": {\n \"portfolios\": [],\n \"indexes\": [\n {\n \"id\": \"11963177\"\n }\n ],\n \"analystAssignments\": [],\n \"sectors\": [],\n \"countries\": [],\n \"watchedEntities\": {\n \"businessEntities\": [],\n \"tradableEntities\": []\n },\n \"excludedEntities\": {\n \"businessEntities\": [],\n \"tradableEntities\": []\n },\n \"marketCap\": null\n }\n}","options":{"raw":{"language":"json"}}},"url":{"raw":"https://aswsfl26uat.fmrco.com:16833/universeService/api/v1/universedefinitions","protocol":"https","host":["aswsfl26uat","fmrco","com"],"port":"16833","path":["universeService","api","v1","universedefinitions"]}},"response":[]},{"name":"GetResolvedUniverse","id":"1bb512a7-2fbb-4a33-9d77-129afa98ca87","protocolProfileBehavior":{"disableBodyPruning":true},"request":{"method":"GET","header":[{"key":"Authorization","value":"Bearer {{OAUTH_TOKEN}}","type":"text"}],"url":{"raw":"http://localhost:8080/common-universe-service/api/v2/resolved-universes/571","protocol":"http","host":["localhost"],"port":"8080","path":["common-universe-service","api","v2","resolved-universes","571"]}},"response":[]},{"name":"GetResolvedEnrichUniverse","id":"c1a0e6f6-9bb1-42a6-94ee-eb271778daf5","protocolProfileBehavior":{"disableBodyPruning":true},"request":{"method":"GET","header":[{"key":"Authorization","type":"text","value":"Bearer {{OAUTH_TOKEN}}"}],"url":{"raw":"http://localhost:8080/common-universe-service/api/v2/resolved-universes/571?resolutionType=123","protocol":"http","host":["localhost"],"port":"8080","path":["common-universe-service","api","v2","resolved-universes","571"],"query":[{"key":"resolutionType","value":"123"}]}},"response":[]}],"id":"03740adf-31a5-4574-a483-36ca5458675b"},{"name":"V1","item":[{"name":"GetResolvedUniverse","id":"2e64177c-6fdd-4b22-8c6c-6d1a38341e6d","protocolProfileBehavior":{"disableBodyPruning":true},"request":{"method":"GET","header":[{"key":"Authorization","value":"Bearer {{OAUTH_TOKEN}}","type":"text"}],"url":{"raw":"http://localhost:8080/common-universe-service/api/v2/resolved-universes/571","protocol":"http","host":["localhost"],"port":"8080","path":["common-universe-service","api","v2","resolved-universes","571"]}},"response":[]}],"id":"6f68a2ea-929a-4fd6-8e82-5dea9b96009b"},{"name":"GetUniverseDefinition","id":"b007b76d-c718-4690-a7af-6f78ca5ae97a","protocolProfileBehavior":{"disableBodyPruning":true},"request":{"method":"GET","header":[{"key":"Authorization","value":"Bearer YjEh75h0gNauZVpKXB1ULDANbRtH8ilfK9SQkcCtVhWlFZhf2wCLP3","type":"text"},{"key":"Accept","value":"application/json","type":"text"}],"url":{"raw":"https://vc2cmmka406136n.fmrco.com:20013/universeService/api/v1/universedefinitions","protocol":"https","host":["vc2cmmka406136n","fmrco","com"],"port":"20013","path":["universeService","api","v1","universedefinitions"]}},"response":[]},{"name":"Prod-Onperm","id":"f520990d-ae0e-410c-89aa-0e65c4ecc526","protocolProfileBehavior":{"disableBodyPruning":true},"request":{"method":"GET","header":[{"key":"Authorization","value":"Bearer vXV714j7QpP4azBPqSleC8gedsVwUtxSN513WMwoRAt8rPWoN2DpCp","type":"text"}],"url":{"raw":"https://aswsfl53prd.fmrco.com:16833/universeService/api/v1/universedefinitions","protocol":"https","host":["aswsfl53prd","fmrco","com"],"port":"16833","path":["universeService","api","v1","universedefinitions"]}},"response":[]}]}