{"info":{"_postman_id":"94960f76-584f-4d03-ba45-ba5185bf7282","name":"Reportal-doc-api","schema":"https://schema.getpostman.com/json/collection/v2.1.0/collection.json"},"item":[{"name":"http://localhost:8080/amt-reportal-doc-api-service/api/v1/report-tree","id":"750046fa-9fb5-4a03-8e15-79b2c2356abf","protocolProfileBehavior":{"disableBodyPruning":true},"request":{"method":"GET","header":[],"url":{"raw":"http://localhost:8080/amt-reportal-doc-api-service/api/v1/report-tree","protocol":"http","host":["localhost"],"port":"8080","path":["amt-reportal-doc-api-service","api","v1","report-tree"]}},"response":[]}]}