{"info":{"_postman_id":"9973bb0a-a34a-48d5-97fc-d88b95e3a12e","name":"MobileProxy","schema":"https://schema.getpostman.com/json/collection/v2.1.0/collection.json"},"item":[{"name":"https://mobileproxygateway-dit-us-east-1.fmrco.com/mproxy/healthcheck","id":"2a90afff-8234-49bb-9754-86bfb52bcfaa","protocolProfileBehavior":{"disableBodyPruning":true},"request":{"method":"GET","header":[],"url":{"raw":"https://mobileproxygateway-dit-us-east-1.fmrco.com/mproxy/healthcheck","protocol":"https","host":["mobileproxygateway-dit-us-east-1","fmrco","com"],"path":["mproxy","healthcheck"]}},"response":[]}]}