{"info":{"_postman_id":"a483cf45-a61f-4df4-9015-ff14934b21ae","name":"SEND-V2- AdvisorReporting","schema":"https://schema.getpostman.com/json/collection/v2.1.0/collection.json"},"item":[{"name":"https://vc2cmmka269029n.fmrco.com:20013/send/v2/executeMultiple?app=ADVRPTNG","id":"e37f3ee6-656e-4b77-b57d-4acf9a15ec20","protocolProfileBehavior":{"disableBodyPruning":true},"request":{"auth":{"type":"noauth"},"method":"POST","header":[{"key":"Accept","value":" application/json, text/javascript, */*; q=0.01","type":"text"},{"key":"Authorization","value":" Bearer 5PSZ9AlDrsK7yhbVbCHgXrnO3X3PoW8AoOhks5JNeN98Dyka8nDngH","type":"text"},{"key":"Content-Type","name":"Content-Type","value":"application/json","type":"text"}],"body":{"mode":"raw","raw":"{\"execution\":{\"reports\":[{\"id\":70519,\"name\":\"H0507_DM0507_PGA_Fund_Detail_Package\",\"executionFileName\":\"H0507_DM0507_PGA_Fund_Detail_Package.xdo\",\"path\":\"/Publisher Reports/Reports - Holdings/Pyramis/\",\"format\":\"excel\",\"userName\":null,\"executionMode\":\"ASYNC\",\"requestMethod\":null,\"startDate\":null,\"impersonate\":\"a462881\",\"outputFileName\":\"GHCLSPLT Fund Detail.xls\",\"templateName\":\"Layout1\",\"parameters\":[{\"name\":\"FUND_SNAME\",\"value\":\"GHCLSPLT\"}]}]},\"notificationConfig\":{\"emailNotification\":[{\"reportDatas\":[{\"reportId\":70519,\"reportName\":\"GHCLSPLT Fund Detail.xls\",\"outputFilename\":\"GHCLSPLT Fund Detail.xls\"}],\"subject\":\"GHCLSPLT Fund Detail Report\",\"body\":\"   <p><font face='Calibri' style='font-size: 9pt' color='#666666'> This message was generated automatically by Advisor Reporting. If you have any immediate concerns about this or any other Advisor Reporting report please send an email to Advisor Reporting. The attachment(s) contained within this email are intended for use by the addressee(s) only. Any dissemination, distribution, or copying of this e-mail or its attachment(s) is prohibited without prior consent from Advisor Reporting.<br><br> If you would like to be removed from this distribution, please reply to this email specifying the report(s) you no longer wish to receive.</font></p> <hr color='#5D87A1'> <p><font color='#5D87A1' face='Calibri' style='font-size:8pt;font-weight:500'>Data provided by Advisor Reporting<br> Oncall: Monday-Friday, 8:00am-6:00pm<br> E-mail: <a style='color:#5D87A1' href='mailto:advrptng@fmr.com?subject=Advisor Reporting User Response'>Advisor Reporting</a><br>DEV - Fund Detail Report - GHCLSPLT</font></p>\",\"fromRecipient\":\"advrptng@fmr.com\",\"includeAttachments\":true,\"enableSimpleTextBody\":true,\"toRecipients\":{\"emailAddress\":[\"a485047@fmr.com\"]}}]},\"deliveryConfig\":{}}"},"url":{"raw":"https://vc2cmmka269029n.fmrco.com:20013/send/v2/executeMultiple?app=ADVRPTNG","protocol":"https","host":["vc2cmmka269029n","fmrco","com"],"port":"20013","path":["send","v2","executeMultiple"],"query":[{"key":"app","value":"ADVRPTNG"}]}},"response":[]}]}