{"info":{"_postman_id":"a6c26b91-3e9f-4086-a79d-66b55185fd53","name":"SSearch","schema":"https://schema.getpostman.com/json/collection/v2.1.0/collection.json"},"item":[{"name":"Portfoilo-IB","id":"7952d80a-bfdd-43cf-ad05-299e334cb913","protocolProfileBehavior":{"disableBodyPruning":true},"request":{"method":"POST","header":[{"key":"Accept","value":"application/json","type":"text"},{"key":"Authorization","value":"Bearer VzCOaQxLOGClC9K48QKq1xnx3nwxX6UGxheSAQ9vaOhV3P2Yh8SXni","type":"text","disabled":true}],"body":{"mode":"raw","raw":"{\r\n    \"identifier\": \"Cont\",\r\n    \"maxResultCount\": 10,\r\n    \"startCount\": 0,\r\n    \"applicationCode\": \"EquityWorkSpace\",\r\n    \"searchColumnList\": [\r\n        \"ShortName\",\r\n        \"LongName\",\r\n        \"PmFullName\",\r\n        \"PmFirstName\",\r\n        \"PmLastName\",\r\n        \"FundNumber\",\r\n        \"FundCusip\",\r\n        \"LegalName\"\r\n    ],\r\n    \"restrictionsList\": [\r\n        {\r\n            \"restrictedColumn\": \"ActiveIndicator\",\r\n            \"restrictedValues\": [\r\n                \"Y\"\r\n            ]\r\n        }\r\n    ],\r\n    \"ibDetail\": {\r\n        \"userCorpId\": \"a485047\",\r\n        \"advisor\": [\r\n            \"HI\"\r\n        ]\r\n    },\r\n    \"suggestRequestIdentifierList\": null\r\n}","options":{"raw":{"language":"json"}}},"url":{"raw":"http://ssearch.fmrco.com/ssearch-rest/suggest/portfolio/suggestWithIB","protocol":"http","host":["ssearch","fmrco","com"],"path":["ssearch-rest","suggest","portfolio","suggestWithIB"]}},"response":[]},{"name":"Indices","id":"57378ef7-86e6-404f-8375-621ec28c57f4","protocolProfileBehavior":{"disableBodyPruning":true},"request":{"method":"POST","header":[],"body":{"mode":"raw","raw":"{\r\n    \"identifier\": \"Con\",\r\n    \"maxResultCount\": 8,\r\n    \"startCount\": 0,\r\n    \"applicationCode\": \"Equity_Work_Space\",\r\n    \"searchColumnList\": [\r\n        \"LongName\",\r\n        \"IndexCode\"\r\n    ],\r\n    \"restrictionsList\": [\r\n        {\r\n            \"restrictedColumn\": \"ActiveIndicator\",\r\n            \"restrictedValues\": [\r\n                \"Y\"\r\n            ]\r\n        }\r\n    ]\r\n}","options":{"raw":{"language":"json"}}},"url":{"raw":"https://ssearch-uat.fmrco.com/ssearch-rest/suggest/indices/","protocol":"https","host":["ssearch-uat","fmrco","com"],"path":["ssearch-rest","suggest","indices",""]}},"response":[]},{"name":"Security","id":"0b4c82db-8ade-4069-9bf9-55425dbc3cc4","protocolProfileBehavior":{"disableBodyPruning":true},"request":{"method":"POST","header":[],"body":{"mode":"raw","raw":"{\r\n    \"searchColumnList\": [\r\n        \"Ticker\",\r\n        \"LongName\",\r\n        \"BloombergId2\",\r\n        \"SEDOL\",\r\n        \"RICCode\",\r\n        \"IssueCUSIP\",\r\n        \"TokyoStockExchangeId\",\r\n        \"BloombergId\",\r\n        \"LiveCusip\",\r\n        \"CnsId\",\r\n        \"HkStockExchnageId\",\r\n        \"IsinId\"\r\n    ],\r\n    \"restrictionsList\": [\r\n        {\r\n            \"restrictedColumn\": \"ActiveIndicator\",\r\n            \"restrictedValues\": [\r\n                \"A\"\r\n            ]\r\n        }\r\n    ],\r\n    \"identifier\": \"A\",\r\n    \"maxResultCount\": 8,\r\n    \"startCount\": 0,\r\n    \"applicationCode\": \"AlphaSearch\"\r\n}","options":{"raw":{"language":"json"}}},"url":{"raw":"https://ssearch-uat.fmrco.com/ssearch-rest/suggest/security/","protocol":"https","host":["ssearch-uat","fmrco","com"],"path":["ssearch-rest","suggest","security",""]}},"response":[]},{"name":"BusinessEntity","id":"e99dbbd2-fb5e-4a45-9b9f-9ad23cde575e","protocolProfileBehavior":{"disableBodyPruning":true},"request":{"method":"POST","header":[{"key":"Accept","value":"application/json","type":"text"}],"body":{"mode":"raw","raw":"{\r\n    \"identifier\": \"A\",\r\n    \"maxResultCount\": 8,\r\n    \"startCount\": 0,\r\n    \"applicationCode\": \"Equity_Work_Space\",\r\n    \"searchColumnList\": [\r\n        \"BusinessEntityId\",\r\n        \"IssuerCusip6\",\r\n        \"LegalName\",\r\n        \"MasterIssuerCusip\",\r\n        \"Name\",\r\n        \"NameBeginsWith\"\r\n    ],\r\n    \"restrictionsList\": [\r\n        {\r\n            \"restrictedColumn\": \"ActiveIndicator\",\r\n            \"restrictedValues\": [\r\n                \"Y\"\r\n            ]\r\n        }\r\n    ]\r\n}","options":{"raw":{"language":"json"}}},"url":{"raw":"https://ssearch-uat.fmrco.com/ssearch-rest/suggest/businessEntity/","protocol":"https","host":["ssearch-uat","fmrco","com"],"path":["ssearch-rest","suggest","businessEntity",""]}},"response":[]}]}