{"info":{"_postman_id":"a803d3d5-8792-4a60-8d3d-aff54bbe92a5","name":"CP-OBIEE12c","schema":"https://schema.getpostman.com/json/collection/v2.1.0/collection.json"},"item":[{"name":"https://send-uat.fmrco.com/send/v2/executeMultiple?app=CP_CANNED_REPORT","id":"06fbc59d-614f-4840-a05a-749c25ee52e5","protocolProfileBehavior":{"disableBodyPruning":true},"request":{"auth":{"type":"ntlm","ntlm":[{"key":"password","value":"Jaisai@09","type":"string"},{"key":"username","value":"a485047","type":"string"}]},"method":"POST","header":[{"key":"Content-Type","name":"Content-Type","value":"application/json","type":"text"}],"body":{"mode":"raw","raw":"{\r\n  \"execution\": {\r\n    \"reports\": [\r\n      {\r\n        \"id\": \"1\",\r\n        \"name\": \"Boston FX Exposure\",\r\n        \"executionFileName\": \"Boston FX Exposure.xdo\",\r\n        \"executionApplication\": null,\r\n        \"path\": \"/CRA Publisher Reports/Catalog Reports/\",\r\n        \"format\": \"excel\",\r\n        \"userName\": null,\r\n        \"executionMode\": \"ASYNC\",\r\n        \"requestMethod\": null,\r\n        \"startDate\": null,\r\n        \"impersonate\": \"A214463\",\r\n        \"outputFileName\": \"Boston FX Exposure_11_14_2018_04_37_28.xls\",\r\n        \"templateName\": \"Layout1\",\r\n        \"saveDataOption\": true,\r\n        \"publicOption\": true,\r\n        \"parameters\": null\r\n      }\r\n    ]\r\n  },\r\n  \"notificationConfig\": {\r\n    \"emailNotification\": [\r\n      {\r\n        \"reportDatas\": [\r\n          {\r\n            \"reportId\": \"1\",\r\n            \"reportName\": \"Boston FX Exposure\",\r\n            \"outputFilename\": null\r\n          }\r\n        ],\r\n        \"subject\": \"Report Boston FX Exposure environment completed(ITF environment)\",\r\n        \"body\": \"Test Report\",\r\n        \"includeAttachments\": true,\r\n        \"toRecipients\": {\r\n          \"emailAddress\": [\r\n            \"a485047@fmr.com\"\r\n            \r\n          ]\r\n        },\r\n        \"ccRecipients\": null,\r\n        \"bccRecipients\": null,\r\n        \"fromRecipient\": \"CRA_Monitoring@fmr.com\",\r\n        \"enableSimpleTextBody\": true\r\n      }\r\n    ]\r\n  },\r\n  \r\n  \"failureEmailNotificationConfig\": {\r\n    \"emailNotification\": [\r\n      {\r\n        \"reportDatas\": [\r\n          {\r\n            \"reportId\": \"1\",\r\n            \"reportName\": \"Boston FX Exposure\",\r\n            \"outputFilename\": \"Boston FX Exposure_11_14_2018_04_37_28.xls\"\r\n          }\r\n        ],\r\n        \"subject\": \"Report Boston FX Exposure execution failed(ITF environment)\",\r\n        \"body\": null,\r\n        \"templateName\": \"SEND-failure-RC2\",\r\n        \"toRecipients\": {\r\n          \"emailAddress\": [\"CPAPPSDEVINDTEAM@fmr.com\", \"CPQA_INDIA@fmr.com\"]\r\n        },\r\n        \"ccRecipients\": null,\r\n        \"bccRecipients\": null,\r\n        \"fromRecipient\": \"CRA_Monitoring@fmr.com\",\r\n        \"enableSimpleTextBody\": false,\r\n        \"templateFormat\": \"HTML\"\r\n      }\r\n    ]\r\n  }\r\n}\r\n"},"url":{"raw":"https://send-uat.fmrco.com/send/v2/executeMultiple?app=CP_CANNED_REPORT","protocol":"https","host":["send-uat","fmrco","com"],"path":["send","v2","executeMultiple"],"query":[{"key":"app","value":"CP_CANNED_REPORT"}]}},"response":[]}]}