{"info":{"_postman_id":"a894cc7b-ba5e-47c4-ab83-6f11aeab2159","name":"Cloud","schema":"https://schema.getpostman.com/json/collection/v2.1.0/collection.json"},"item":[{"name":"CommonUniverse","item":[{"name":"GetList-Dev","id":"3639241f-d678-4b8e-9645-0d2f88382803","protocolProfileBehavior":{"disableBodyPruning":true},"request":{"method":"GET","header":[{"key":"X-Vault-Token","value":"7a619b8f-2ea4-abc5-d01e-843fdb6df9c7","type":"text"}],"url":{"raw":"https://ent-vault.fmr.com:8200/v1/concourse/ap129492-dev?list=true","protocol":"https","host":["ent-vault","fmr","com"],"port":"8200","path":["v1","concourse","ap129492-dev"],"query":[{"key":"list","value":"true"}]}},"response":[]},{"name":"Add-vault-artifact-repo-username","id":"067e83a4-143e-4e9d-91f1-0f6ed9aa4847","protocolProfileBehavior":{"disableBodyPruning":true},"request":{"method":"POST","header":[{"key":"Content-Type","value":"application/json","type":"text"},{"key":"X-Vault-Token","value":"1e0170cc-e437-53c7-188f-f05381a850d8","type":"text"}],"body":{"mode":"raw","raw":"{\"value\":\"srvAP129492PROD\"}","options":{"raw":{"language":"json"}}},"url":{"raw":"https://ent-vault.fmr.com:8200/v1/concourse/ap129492-rel/vault-concourse-user","protocol":"https","host":["ent-vault","fmr","com"],"port":"8200","path":["v1","concourse","ap129492-rel","vault-concourse-user"]}},"response":[]},{"name":"Add-vault-ven-username","id":"ec63021b-50e8-4dbb-a586-7f2795920b93","protocolProfileBehavior":{"disableBodyPruning":true},"request":{"method":"POST","header":[{"key":"Content-Type","type":"text","value":"application/json"},{"key":"X-Vault-Token","type":"text","value":"7a619b8f-2ea4-abc5-d01e-843fdb6df9c7"}],"body":{"mode":"raw","raw":"{\"value\":\"srvAP129492DEV\"}","options":{"raw":{"language":"json"}}},"url":{"raw":"https://ent-vault.fmr.com:8200/v1/concourse/ap129492-dev/vault-artifact-repo-username","protocol":"https","host":["ent-vault","fmr","com"],"port":"8200","path":["v1","concourse","ap129492-dev","vault-artifact-repo-username"]}},"response":[]},{"name":"Add-vault-artifact-repo-password","id":"d55ca9ab-a39f-4b9d-aebd-2be63e1888ce","protocolProfileBehavior":{"disableBodyPruning":true},"request":{"method":"POST","header":[{"key":"Content-Type","value":"application/json","type":"text"},{"key":"X-Vault-Token","value":"1e0170cc-e437-53c7-188f-f05381a850d8","type":"text"}],"body":{"mode":"raw","raw":"{\"value\":\"V4WcT0S#fAqB1C\"}","options":{"raw":{"language":"json"}}},"url":{"raw":"https://ent-vault.fmr.com:8200/v1/concourse/ap129492-rel/vault-concourse-pass","protocol":"https","host":["ent-vault","fmr","com"],"port":"8200","path":["v1","concourse","ap129492-rel","vault-concourse-pass"]}},"response":[]},{"name":"Add-vault-ven-password","id":"ae82638a-6771-4e55-99a5-03e0ba98de15","protocolProfileBehavior":{"disableBodyPruning":true},"request":{"method":"POST","header":[{"key":"Content-Type","type":"text","value":"application/json"},{"key":"X-Vault-Token","type":"text","value":"7a619b8f-2ea4-abc5-d01e-843fdb6df9c7"}],"body":{"mode":"raw","raw":"{\"value\":\"yK3dm9V1j2$5G*\"}","options":{"raw":{"language":"json"}}},"url":{"raw":"https://ent-vault.fmr.com:8200/v1/concourse/ap129492-dev/vault-artifact-repo-password","protocol":"https","host":["ent-vault","fmr","com"],"port":"8200","path":["v1","concourse","ap129492-dev","vault-artifact-repo-password"]}},"response":[]},{"name":"GetList-Rel","id":"4fb1ddac-0e7b-456c-82f6-c0bcbd265360","protocolProfileBehavior":{"disableBodyPruning":true},"request":{"method":"GET","header":[{"key":"X-Vault-Token","value":"1e0170cc-e437-53c7-188f-f05381a850d8","type":"text"},{"key":"","value":"","type":"text"}],"url":{"raw":"https://ent-vault.fmr.com:8200/v1/concourse/ap129492-rel?list=true","protocol":"https","host":["ent-vault","fmr","com"],"port":"8200","path":["v1","concourse","ap129492-rel"],"query":[{"key":"list","value":"true"}]}},"response":[]}],"id":"ff289abf-2b75-41d3-ba49-076501aec9e8"},{"name":"Collab","item":[{"name":"vault-ven-password","id":"65f8cc90-6bc4-4e85-9cdb-2ef94d386810","protocolProfileBehavior":{"disableBodyPruning":true},"request":{"method":"POST","header":[{"key":"Content-Type","value":"application/json","type":"text"},{"key":"X-Vault-Token","value":"af10622b-aed9-82a8-fdbf-3417d20f6059","type":"text"}],"body":{"mode":"raw","raw":"{\"value\":\"$0T11tUBANw#HT\"}","options":{"raw":{"language":"json"}}},"url":{"raw":"https://ent-vault.fmr.com:8200/v1/concourse/ap131446-dev/vault-ven-password","protocol":"https","host":["ent-vault","fmr","com"],"port":"8200","path":["v1","concourse","ap131446-dev","vault-ven-password"]}},"response":[]}],"id":"8ecb6ebb-8123-4d07-8fc7-92684f1198da"},{"name":"SEND","item":[{"name":"FTP-Test","id":"1a3a3760-9571-4bba-a7d4-7117e6006516","protocolProfileBehavior":{"disableBodyPruning":true},"request":{"method":"POST","header":[{"key":"Authorization","value":"Bearer Tji9ByIrFpC1kvjVN2kFf0j7IlaB2t4WPytmAGH2zLZFXwi9n8Bldf","type":"text"},{"key":"Content-Type","value":"application/json","type":"text"}],"body":{"mode":"raw","raw":"{\r\n    \"execution\": {\r\n        \"reports\": [\r\n            {\r\n                \"id\": 70056,\r\n                \"name\": \"HI_403_DM402_FUND_CONFIG_Daily_REPORT\",\r\n                \"executionFileName\": \"HI_403_DM402_FUND_CONFIG_Daily_REPORT.xdo\",\r\n                \"path\": \"/Publisher Reports/Reports - High Income/\",\r\n                \"format\": \"pdf\",\r\n                \"impersonate\": \"a312101\",\r\n                \"executionMode\": \"ASYNC\",\r\n                \"outputFileName\": \"test.pdf\"\r\n            }\r\n        ]\r\n    },\r\n    \"notificationConfig\": {},\r\n    \"deliveryConfig\": {\r\n        \"ftpDeliveries\": [\r\n            {\r\n                \"reportData\": [\r\n                    {\r\n                        \"reportId\": 70056,\r\n                        \"reportName\": \"test.pdf\",\r\n                        \"outputFilename\": \"test.pdf\"\r\n                    }\r\n                ],\r\n                \"serverName\": \"eqappl61devv.fmrco.com\",\r\n                \"host\": \"eqappl61devv.fmrco.com\",\r\n                \"serverPath\": \"/opt/AdvRepCatlg/DEV/\",\r\n                \"sftp\": true,\r\n                \"userName\": \"advrptadm_nonprod\"\r\n            }\r\n        ]\r\n    }\r\n}"},"url":{"raw":"http://localhost:8080/send-services/api/v3/executeMultiple?app=ADVRPTNG","protocol":"http","host":["localhost"],"port":"8080","path":["send-services","api","v3","executeMultiple"],"query":[{"key":"app","value":"ADVRPTNG"}]}},"response":[]}],"id":"a0f6dfea-a573-49d9-bb4b-36f7170b8a9e"},{"name":"vault-ven-username","id":"0b48a832-da21-44a4-9cc2-8ee47b98ff5d","protocolProfileBehavior":{"disableBodyPruning":true},"request":{"method":"POST","header":[{"key":"Content-Type","value":"application/json","type":"text"},{"key":"X-Vault-Token","value":"af10622b-aed9-82a8-fdbf-3417d20f6059","type":"text"}],"body":{"mode":"raw","raw":"{\"value\":\"srvAP131446DEV\"}","options":{"raw":{"language":"json"}}},"url":{"raw":"https://ent-vault.fmr.com:8200/v1/concourse/ap131446-dev/vault-ven-username","protocol":"https","host":["ent-vault","fmr","com"],"port":"8200","path":["v1","concourse","ap131446-dev","vault-ven-username"]}},"response":[]}]}