{"info":{"_postman_id":"aab69224-7009-48cf-b20b-4e5c78ddf0d9","name":"Counterparty- Send V2","schema":"https://schema.getpostman.com/json/collection/v2.1.0/collection.json"},"item":[{"name":"https://vc2cmmkb258985n.fmrco.com:20013/send/v2/executeMultiple?app=CP-SEND2-ADOPTION-CRAWORKSPACE-12C","id":"3aec416e-f596-47e6-a7d4-8ee2dcc9f0e1","protocolProfileBehavior":{"disableBodyPruning":true},"request":{"auth":{"type":"noauth"},"method":"POST","header":[{"key":"Content-Type","value":"application/json","type":"text"},{"key":"Authorization","value":" Bearer 5PSZ9AlDrsK7yhbVbCHgXrnO3X3PoW8AoOhks5JNeN98Dyka8nDngH","type":"text"}],"body":{"mode":"raw","raw":"{\r\n  \"execution\": {\r\n    \"reports\": [\r\n      {\r\n        \"id\": \"1\",\r\n        \"name\": \"Close Out Report\",\r\n        \"executionFileName\": \"Close Out Report.xdo\",\r\n        \"executionApplication\": null,\r\n        \"path\": \"/CRA Publisher Reports/Catalog Reports/\",\r\n        \"format\": \"excel\",\r\n        \"userName\": null,\r\n        \"executionMode\": \"ASYNC\",\r\n        \"requestMethod\": null,\r\n        \"startDate\": null,\r\n        \"impersonate\": \"A214463\",\r\n        \"outputFileName\": \"Close Out Report_10_25_2018_07_44_58.xls\",\r\n        \"templateName\": null,\r\n        \"saveDataOption\": null,\r\n        \"publicOption\": null,\r\n        \"parameters\": null\r\n      },\r\n      {\r\n        \"id\": \"2\",\r\n        \"name\": \"Collateral Report\",\r\n        \"executionFileName\": \"Collateral Report.xdo\",\r\n        \"executionApplication\": null,\r\n        \"path\": \"/CRA Publisher Reports/Catalog Reports/\",\r\n        \"format\": \"excel\",\r\n        \"userName\": null,\r\n        \"executionMode\": \"ASYNC\",\r\n        \"requestMethod\": null,\r\n        \"startDate\": null,\r\n        \"impersonate\": \"A214463\",\r\n        \"outputFileName\": \"Collateral Report_10_25_2018_07_44_58.xls\",\r\n        \"templateName\": null,\r\n        \"saveDataOption\": null,\r\n        \"publicOption\": null,\r\n        \"parameters\": null\r\n      },\r\n       {\r\n        \"id\": \"3\",\r\n        \"name\": \"Collateral ODS Error Report\",\r\n        \"executionFileName\": \"Collateral ODS Error Report.xdo\",\r\n        \"executionApplication\": null,\r\n        \"path\": \"/CRA Publisher Reports/Catalog Reports/\",\r\n        \"format\": \"excel\",\r\n        \"userName\": null,\r\n        \"executionMode\": \"ASYNC\",\r\n        \"requestMethod\": null,\r\n        \"startDate\": null,\r\n        \"impersonate\": \"A214463\",\r\n        \"outputFileName\": \"Collateral ODS Error Report_10_25_2018_07_44_58.xls\",\r\n        \"templateName\": null,\r\n        \"saveDataOption\": null,\r\n        \"publicOption\": null,\r\n        \"parameters\": null\r\n      }\r\n    ]\r\n  },\r\n\"notificationConfig\": {\r\n    \"emailNotification\": [\r\n      {\r\n        \"reportDatas\": [\r\n          {\r\n            \"reportId\": \"1\",\r\n            \"reportName\": \"Close Out Report\",\r\n            \"outputFilename\": null\r\n          },\r\n           {\r\n            \"reportId\": \"2\",\r\n            \"reportName\": \"Collateral Report\",\r\n            \"outputFilename\": null\r\n          },\r\n           {\r\n            \"reportId\": \"3\",\r\n            \"reportName\": \"Collateral ODS Error Report\",\r\n            \"outputFilename\": null\r\n          }\r\n          \r\n        ],\r\n        \"subject\": \"Report Collateral ODS Error Report completed (SIT environment)\",\r\n        \"body\": \"Testing OBIEE ISSUE\",\r\n        \"includeAttachments\": true,\r\n        \"toRecipients\": { \"emailAddress\": [\"a485047@fmr.com\"] },\r\n        \"ccRecipients\": null,\r\n        \"bccRecipients\": null,\r\n        \"fromRecipient\": \"CRA_Monitoring@fmr.com\",\r\n        \"enableSimpleTextBody\": true\r\n      }\r\n    ]\r\n  },\r\n  \"failureEmailNotificationConfig\": {\r\n    \"emailNotification\": [\r\n      {\r\n        \"reportDatas\": [\r\n          {\r\n            \"reportId\": \"1\",\r\n            \"reportName\": \"Collateral Report\",\r\n            \"outputFilename\": \"Collateral Report_10_25_2018_07_44_58.xls\"\r\n          }\r\n        ],\r\n        \"subject\": \"Report Collateral Report execution failed(SIT environment)\",\r\n        \"body\": null,\r\n        \"templateName\": \"SEND-failure-RC2\",\r\n        \"toRecipients\": {\r\n          \"emailAddress\": [\"a485047@fmr.com\"]\r\n        },\r\n        \"ccRecipients\": null,\r\n        \"bccRecipients\": null,\r\n        \"fromRecipient\": \"CRA_Monitoring@fmr.com\",\r\n        \"enableSimpleTextBody\": false,\r\n        \"templateFormat\": \"HTML\"\r\n      }\r\n    ]\r\n  }\r\n}\r\n"},"url":{"raw":"https://vc2cmmkb258985n.fmrco.com:20013/send/v2/executeMultiple?app=CP-SEND2-ADOPTION-CRAWORKSPACE-12C","protocol":"https","host":["vc2cmmkb258985n","fmrco","com"],"port":"20013","path":["send","v2","executeMultiple"],"query":[{"key":"app","value":"CP-SEND2-ADOPTION-CRAWORKSPACE-12C"}]}},"response":[]},{"name":"https://vc2cmmkb258985n.fmrco.com:20013/send/v2/executeMultiple?app=CP-SEND2-ADOPTION-CRAWORKSPACE-12C","id":"ed3427a3-651e-4cb2-938d-83784e9e981c","protocolProfileBehavior":{"disableBodyPruning":true},"request":{"auth":{"type":"ntlm","ntlm":[{"key":"password","value":"Jaisai@Q418","type":"string"},{"key":"username","value":"a485047","type":"string"}]},"method":"POST","header":[{"key":"Content-Type","name":"Content-Type","value":"application/json","type":"text"}],"body":{"mode":"raw","raw":"{\r\n  \"execution\": {\r\n    \"reports\": [\r\n     \r\n      {\r\n        \"id\": \"2\",\r\n        \"name\": \"Collateral Report\",\r\n        \"executionFileName\": \"Collateral Report.xdo\",\r\n        \"executionApplication\": null,\r\n        \"path\": \"/CRA Publisher Reports/Catalog Reports/\",\r\n        \"format\": \"excel\",\r\n        \"userName\": null,\r\n        \"executionMode\": \"ASYNC\",\r\n        \"requestMethod\": null,\r\n        \"startDate\": null,\r\n        \"impersonate\": \"A214463\",\r\n        \"outputFileName\": \"Collateral Report_10_25_2018_07_44_58.xls\",\r\n        \"templateName\": null,\r\n        \"saveDataOption\": null,\r\n        \"publicOption\": null,\r\n        \"parameters\": null\r\n      },\r\n       {\r\n        \"id\": \"3\",\r\n        \"name\": \"Collateral ODS Error Report\",\r\n        \"executionFileName\": \"Collateral ODS Error Report.xdo\",\r\n        \"executionApplication\": null,\r\n        \"path\": \"/CRA Publisher Reports/Catalog Reports/\",\r\n        \"format\": \"excel\",\r\n        \"userName\": null,\r\n        \"executionMode\": \"ASYNC\",\r\n        \"requestMethod\": null,\r\n        \"startDate\": null,\r\n        \"impersonate\": \"A214463\",\r\n        \"outputFileName\": \"Collateral ODS Error Report_10_25_2018_07_44_58.xls\",\r\n        \"templateName\": null,\r\n        \"saveDataOption\": null,\r\n        \"publicOption\": null,\r\n        \"parameters\": null\r\n      }\r\n    ]\r\n  },\r\n\"notificationConfig\": {\r\n    \"emailNotification\": [\r\n      {\r\n        \"reportDatas\": [\r\n         \r\n           {\r\n            \"reportId\": \"2\",\r\n            \"reportName\": \"Collateral Report\",\r\n            \"outputFilename\": null\r\n          },\r\n           {\r\n            \"reportId\": \"3\",\r\n            \"reportName\": \"Collateral ODS Error Report\",\r\n            \"outputFilename\": null\r\n          }\r\n          \r\n        ],\r\n        \"subject\": \"Report Collateral ODS Error Report completed (SIT environment)\",\r\n        \"body\": \"Testing OBIEE ISSUE\",\r\n        \"includeAttachments\": true,\r\n        \"toRecipients\": { \"emailAddress\": [\"a485047@fmr.com\"] },\r\n        \"ccRecipients\": null,\r\n        \"bccRecipients\": null,\r\n        \"fromRecipient\": \"CRA_Monitoring@fmr.com\",\r\n        \"enableSimpleTextBody\": true\r\n      }\r\n    ]\r\n  }\r\n  \r\n}\r\n"},"url":{"raw":"https://vc2cmmkb258985n.fmrco.com:20013/send/v2/executeMultiple?app=CP-SEND2-ADOPTION-CRAWORKSPACE-12C","protocol":"https","host":["vc2cmmkb258985n","fmrco","com"],"port":"20013","path":["send","v2","executeMultiple"],"query":[{"key":"app","value":"CP-SEND2-ADOPTION-CRAWORKSPACE-12C"}]}},"response":[]},{"name":"https://vc2cmmkb258985n.fmrco.com:20013/send/v2/executeMultiple?app=CP-SEND2-ADOPTION-CRAWORKSPACE-12C","id":"b4c84c24-93cd-4b0c-8d98-4e0e04373454","protocolProfileBehavior":{"disableBodyPruning":true},"request":{"auth":{"type":"ntlm","ntlm":[{"key":"password","value":"Jaisai@Q418","type":"string"},{"key":"username","value":"a485047","type":"string"}]},"method":"POST","header":[{"key":"Content-Type","name":"Content-Type","value":"application/json","type":"text"}],"body":{"mode":"raw","raw":"{\r\n  \"execution\": {\r\n    \"reports\": [\r\n     \r\n      {\r\n        \"id\": \"2\",\r\n        \"name\": \"Collateral Report\",\r\n        \"executionFileName\": \"Collateral Report.xdo\",\r\n        \"executionApplication\": null,\r\n        \"path\": \"/CRA Publisher Reports/Catalog Reports/\",\r\n        \"format\": \"excel\",\r\n        \"userName\": null,\r\n        \"executionMode\": \"ASYNC\",\r\n        \"requestMethod\": null,\r\n        \"startDate\": null,\r\n        \"impersonate\": \"A214463\",\r\n        \"outputFileName\": \"Collateral Report_10_25_2018_07_44_58.xls\",\r\n        \"templateName\": null,\r\n        \"saveDataOption\": null,\r\n        \"publicOption\": null,\r\n        \"parameters\": null\r\n      },\r\n       {\r\n        \"id\": \"3\",\r\n        \"name\": \"Collateral ODS Error Report\",\r\n        \"executionFileName\": \"Collateral ODS Error Report.xdo\",\r\n        \"executionApplication\": null,\r\n        \"path\": \"/CRA Publisher Reports/Catalog Reports/\",\r\n        \"format\": \"excel\",\r\n        \"userName\": null,\r\n        \"executionMode\": \"ASYNC\",\r\n        \"requestMethod\": null,\r\n        \"startDate\": null,\r\n        \"impersonate\": \"A214463\",\r\n        \"outputFileName\": \"Collateral ODS Error Report_10_25_2018_07_44_58.xls\",\r\n        \"templateName\": null,\r\n        \"saveDataOption\": null,\r\n        \"publicOption\": null,\r\n        \"parameters\": null\r\n      }\r\n    ]\r\n  },\r\n\"notificationConfig\": {\r\n    \"emailNotification\": [\r\n      {\r\n        \"reportDatas\": [\r\n         \r\n           {\r\n            \"reportId\": \"2\",\r\n            \"reportName\": \"Collateral Report\",\r\n            \"outputFilename\": null\r\n          },\r\n           {\r\n            \"reportId\": \"3\",\r\n            \"reportName\": \"Collateral ODS Error Report\",\r\n            \"outputFilename\": null\r\n          }\r\n          \r\n        ],\r\n        \"subject\": \"Report Collateral ODS Error Report completed (SIT environment)\",\r\n        \"body\": \"Testing OBIEE ISSUE\",\r\n        \"includeAttachments\": true,\r\n        \"toRecipients\": { \"emailAddress\": [\"a485047@fmr.com\"] },\r\n        \"ccRecipients\": null,\r\n        \"bccRecipients\": null,\r\n        \"fromRecipient\": \"CRA_Monitoring@fmr.com\",\r\n        \"enableSimpleTextBody\": true\r\n      }\r\n    ]\r\n  }\r\n  \r\n}\r\n"},"url":{"raw":"https://vc2cmmkb258985n.fmrco.com:20013/send/v2/executeMultiple?app=CP-SEND2-ADOPTION-CRAWORKSPACE-12C","protocol":"https","host":["vc2cmmkb258985n","fmrco","com"],"port":"20013","path":["send","v2","executeMultiple"],"query":[{"key":"app","value":"CP-SEND2-ADOPTION-CRAWORKSPACE-12C"}]}},"response":[]},{"name":"https://vc2cmmkb258985n.fmrco.com:20013/send/v2/executeMultiple?app=CP-SEND2-ADOPTION-CRAWORKSPACE-12C","id":"3c1cf955-4642-4b76-9ce3-514333cb69a1","protocolProfileBehavior":{"disableBodyPruning":true},"request":{"auth":{"type":"ntlm","ntlm":[{"key":"password","value":"Jaisai@Q418","type":"string"},{"key":"username","value":"a485047","type":"string"}]},"method":"POST","header":[{"key":"Content-Type","name":"Content-Type","value":"application/json","type":"text"}],"body":{"mode":"raw","raw":"{\r\n  \"execution\": {\r\n    \"reports\": [\r\n      {\r\n        \"id\": \"1\",\r\n        \"name\": \"Close Out Report\",\r\n        \"executionFileName\": \"Close Out Report.xdo\",\r\n        \"executionApplication\": null,\r\n        \"path\": \"/CRA Publisher Reports/Catalog Reports/\",\r\n        \"format\": \"XML\",\r\n        \"userName\": null,\r\n        \"executionMode\": \"ASYNC\",\r\n        \"requestMethod\": null,\r\n        \"startDate\": null,\r\n        \"impersonate\": \"A214463\",\r\n        \"outputFileName\": \"Close Out Report_10_25_2018_07_44_58.xls\",\r\n        \"templateName\": null,\r\n        \"saveDataOption\": null,\r\n        \"publicOption\": null,\r\n        \"parameters\": null\r\n      },\r\n      {\r\n        \"id\": \"2\",\r\n        \"name\": \"Collateral Report\",\r\n        \"executionFileName\": \"Collateral Report.xdo\",\r\n        \"executionApplication\": null,\r\n        \"path\": \"/CRA Publisher Reports/Catalog Reports/\",\r\n        \"format\": \"excel\",\r\n        \"userName\": null,\r\n        \"executionMode\": \"ASYNC\",\r\n        \"requestMethod\": null,\r\n        \"startDate\": null,\r\n        \"impersonate\": \"A214463\",\r\n        \"outputFileName\": \"Collateral Report_10_25_2018_07_44_58.xls\",\r\n        \"templateName\": null,\r\n        \"saveDataOption\": null,\r\n        \"publicOption\": null,\r\n        \"parameters\": null\r\n      },\r\n       {\r\n        \"id\": \"3\",\r\n        \"name\": \"Collateral ODS Error Report\",\r\n        \"executionFileName\": \"Collateral ODS Error Report.xdo\",\r\n        \"executionApplication\": null,\r\n        \"path\": \"/CRA Publisher Reports/Catalog Reports/\",\r\n        \"format\": \"excel\",\r\n        \"userName\": null,\r\n        \"executionMode\": \"ASYNC\",\r\n        \"requestMethod\": null,\r\n        \"startDate\": null,\r\n        \"impersonate\": \"A214463\",\r\n        \"outputFileName\": \"Collateral ODS Error Report_10_25_2018_07_44_58.xls\",\r\n        \"templateName\": null,\r\n        \"saveDataOption\": null,\r\n        \"publicOption\": null,\r\n        \"parameters\": null\r\n      }\r\n    ]\r\n  },\r\n\"notificationConfig\": {\r\n    \"emailNotification\": [\r\n      {\r\n        \"reportDatas\": [\r\n          {\r\n            \"reportId\": \"1\",\r\n            \"reportName\": \"Close Out Report\",\r\n            \"outputFilename\": null\r\n          },\r\n           {\r\n            \"reportId\": \"2\",\r\n            \"reportName\": \"Collateral Report\",\r\n            \"outputFilename\": null\r\n          },\r\n           {\r\n            \"reportId\": \"3\",\r\n            \"reportName\": \"Collateral ODS Error Report\",\r\n            \"outputFilename\": null\r\n          }\r\n          \r\n        ],\r\n        \"subject\": \"Report Collateral ODS Error Report completed (SIT environment)\",\r\n        \"body\": \"Testing OBIEE ISSUE\",\r\n        \"includeAttachments\": true,\r\n        \"toRecipients\": { \"emailAddress\": [\"a485047@fmr.com\"] },\r\n        \"ccRecipients\": null,\r\n        \"bccRecipients\": null,\r\n        \"fromRecipient\": \"CRA_Monitoring@fmr.com\",\r\n        \"enableSimpleTextBody\": true\r\n      }\r\n    ]\r\n  },\r\n  \"failureEmailNotificationConfig\": {\r\n    \"emailNotification\": [\r\n      {\r\n        \"reportDatas\": [\r\n          {\r\n            \"reportId\": \"1\",\r\n            \"reportName\": \"Collateral Report\",\r\n            \"outputFilename\": \"Collateral Report_10_25_2018_07_44_58.xls\"\r\n          }\r\n        ],\r\n        \"subject\": \"Report Collateral Report execution failed(SIT environment)\",\r\n        \"body\": null,\r\n        \"templateName\": \"SEND-failure-RC2\",\r\n        \"toRecipients\": {\r\n          \"emailAddress\": [\"a485047@fmr.com\"]\r\n        },\r\n        \"ccRecipients\": null,\r\n        \"bccRecipients\": null,\r\n        \"fromRecipient\": \"CRA_Monitoring@fmr.com\",\r\n        \"enableSimpleTextBody\": false,\r\n        \"templateFormat\": \"HTML\"\r\n      }\r\n    ]\r\n  }\r\n}\r\n"},"url":{"raw":"https://vc2cmmkb258985n.fmrco.com:20013/send/v2/executeMultiple?app=CP-SEND2-ADOPTION-CRAWORKSPACE-12C","protocol":"https","host":["vc2cmmkb258985n","fmrco","com"],"port":"20013","path":["send","v2","executeMultiple"],"query":[{"key":"app","value":"CP-SEND2-ADOPTION-CRAWORKSPACE-12C"}]}},"response":[]}]}