{"info":{"_postman_id":"ad3e4ba8-94ce-4484-a70b-b030f1e9a898","name":"FundUniverse","schema":"https://schema.getpostman.com/json/collection/v2.1.0/collection.json"},"item":[{"name":"Get-Universe","id":"5fd4e867-1e02-4620-b3d4-7478d8fc80ea","request":{"method":"POST","header":[{"key":"Accept","value":"application/json"},{"key":"Content-Type","value":"application/json"}],"body":{"mode":"raw","raw":"{\"id\":\"123345\",\"corpId\":\"a485047\",\"name\":\"TestUniverse1\",\"isDefault\":true,\"isShared\":true,\"criteria\":{\"funds\": [\r\n\t\t\t{\r\n\t\t\t\t\"id\": \"22\",\r\n\t\t\t\t\"label\": \"CONT\",\r\n\t\t\t\t\"includeBenchmark\": true\r\n\t\t\t}]},\"filters\":null}"},"url":{"raw":"http://localhost:8080/funduniverse-services/universeDefinition","protocol":"http","host":["localhost"],"port":"8080","path":["funduniverse-services","universeDefinition"]}},"response":[]},{"name":"https://portfolio-stocks-uat.fmrco.com/stocks/portfolios/22 ","id":"709e3c9b-a8b9-4e6c-b5c6-c3c52a44085c","request":{"method":"GET","header":[],"body":{"mode":"formdata","formdata":[]},"url":{"raw":"https://portfolio-stocks-uat.fmrco.com/stocks/portfolios/22 ","protocol":"https","host":["portfolio-stocks-uat","fmrco","com"],"path":["stocks","portfolios","22 "]}},"response":[]}]}