{"info":{"_postman_id":"ae19eb5e-4f88-4466-be90-934b9cbe1e29","name":"OrangeBlow","schema":"https://schema.getpostman.com/json/collection/v2.1.0/collection.json"},"item":[{"name":"Test-oauth","id":"24ad3882-a815-4eeb-aac2-999fe4127677","protocolProfileBehavior":{"disableBodyPruning":true},"request":{"method":"POST","header":[{"key":"Authorization","value":"Basic UEdXN0Z6RTRQeWNDRTUydE5RaE5wZDFMekNBU1d4RUE6TWNtdzRHQkFvOEZ2ak02Qw==","type":"text"}],"body":{"mode":"urlencoded","urlencoded":[{"key":"Auth","value":"Basic UEdXN0Z6RTRQeWNDRTUydE5RaE5wZDFMekNBU1d4RUE6TWNtdzRHQkFvOEZ2ak02Qw==","type":"text"}]},"url":{"raw":"https://api-test.fidelity.com/oauth/client_credential/accesstoken?grant_type=client_credentials","protocol":"https","host":["api-test","fidelity","com"],"path":["oauth","client_credential","accesstoken"],"query":[{"key":"grant_type","value":"client_credentials"}]}},"response":[]},{"name":"https://api-test.fidelity.com/oauth/client_credential/accesstoken?grant_type=client_credentials","id":"bc745b20-409e-450a-acea-a24d592d22f9","protocolProfileBehavior":{"disableBodyPruning":true},"request":{"method":"POST","header":[{"key":"Authorization","value":"Basic UEdXN0Z6RTRQeWNDRTUydE5RaE5wZDFMekNBU1d4RUE6TWNtdzRHQkFvOEZ2ak02Qw==","type":"text"}],"body":{"mode":"urlencoded","urlencoded":[{"key":"Auth","value":"Basic UEdXN0Z6RTRQeWNDRTUydE5RaE5wZDFMekNBU1d4RUE6TWNtdzRHQkFvOEZ2ak02Qw==","type":"text"}]},"url":{"raw":"https://api-test.fidelity.com/oauth/client_credential/accesstoken?grant_type=client_credentials","protocol":"https","host":["api-test","fidelity","com"],"path":["oauth","client_credential","accesstoken"],"query":[{"key":"grant_type","value":"client_credentials"}]}},"response":[]}]}