{"info":{"_postman_id":"b4426530-5116-40c2-8e18-7ea8c7ab7927","name":"CommonUniveseService-Cloud","schema":"https://schema.getpostman.com/json/collection/v2.1.0/collection.json"},"item":[{"name":"Get-UniverseDefinition","id":"94566025-2ae7-4460-bd10-bb99b4614726","protocolProfileBehavior":{"disableBodyPruning":true},"request":{"method":"GET","header":[{"key":"Authorization","value":"Bearer v3oYXDEkEMA1ksUq8tsplRgvdV7Juo59p0XwhppMFlBnE7mvR3l71F","type":"text"},{"key":"Content-Type","value":"application/json","type":"text"},{"key":"Accept","value":"application/json","type":"text"}],"body":{"mode":"raw","raw":""},"url":{"raw":"https://commonuniverse.fmrco.com/universeService/api/v1/universedefinitions","protocol":"https","host":["commonuniverse","fmrco","com"],"path":["universeService","api","v1","universedefinitions"]}},"response":[]},{"name":"DIT-HealthCheck","id":"0e77044c-112a-4fa7-97a5-75ed01ea338d","protocolProfileBehavior":{"disableBodyPruning":true},"request":{"method":"GET","header":[],"url":{"raw":"https://commonuniverse.fmrco.com/universeService/healthcheck","protocol":"https","host":["commonuniverse","fmrco","com"],"path":["universeService","healthcheck"]}},"response":[]},{"name":"Prod-East-1","id":"0f0bff5b-71e3-4989-9789-18f65bf5fc31","protocolProfileBehavior":{"disableBodyPruning":true},"request":{"method":"GET","header":[],"url":{"raw":"https://commonuniverse-us-east-1.fmrco.com/universeService/api/v1/universedefinitions ","protocol":"https","host":["commonuniverse-us-east-1","fmrco","com"],"path":["universeService","api","v1","universedefinitions "]}},"response":[]},{"name":"Collaboration","id":"59de69e3-e28a-4b71-adde-f5556132c310","protocolProfileBehavior":{"disableBodyPruning":true},"request":{"method":"PUT","header":[{"key":"Authorization","value":"Bearer {{OAUTH_TOKEN}}","type":"text"}],"body":{"mode":"raw","raw":"[\r\n    {\r\n        \"id\": \"1565195439683\",\r\n        \"teamId\": \"3157d764-6625-429f-9624-abd5a774ee94\",\r\n        \"channelId\": \"19:3c7b284104b049e18db2d10b3c8da399@thread.skype\",\r\n        \"subject\": null,\r\n        \"messageType\": null,\r\n        \"createdDateTime\": 1565195439683,\r\n        \"lastModifiedDateTime\": null,\r\n        \"userId\": null,\r\n        \"user\": null,\r\n        \"contentType\": \"text\",\r\n        \"content\": null,\r\n        \"messageDeltaURL\": \"https://graph.microsoft.com/beta/teams/3157d764-6625-429f-9624-abd5a774ee94/channels/19:3c7b284104b049e18db2d10b3c8da399@thread.skype/messages/delta?$skiptoken=-FG3FPHv7HuyuazNLuy3eXlzQGbEjYLUsW9-pYkmXgn5KGsaOwrCoor2W23dGNNMn6zXfmbPxi4h1KOWfH6icXXi5Xnvk4JnN2SX1g2iNxmzcvvDXwjj1smvcp5zYlqH.daXjmmfkUwQDBsRESha0PXZu45gH2N9F4lJNNZruxe4\",\r\n        \"reactions\": null\r\n    }\r\n   \r\n]","options":{"raw":{"language":"json"}}},"url":{"raw":"https://localhost:8443/amt-collaboration-services/api/v1/Conversations","protocol":"https","host":["localhost"],"port":"8443","path":["amt-collaboration-services","api","v1","Conversations"]}},"response":[]}]}