{"info":{"_postman_id":"bb9c5fb5-4798-2023-bf9f-83a4213ce317","name":"OAuth","schema":"https://schema.getpostman.com/json/collection/v2.1.0/collection.json"},"item":[{"name":"OAuth-User account","id":"dddea862-c0e5-fb06-4d85-0b466132a84b","protocolProfileBehavior":{"disableBodyPruning":true},"request":{"auth":{"type":"ntlm","ntlm":[{"key":"password","value":"Jaisai@09","type":"string"},{"key":"username","value":"a485047","type":"string"}]},"method":"POST","header":[{"key":"Content-Type","value":"application/x-www-form-urlencoded","disabled":false}],"body":{"mode":"raw","raw":"grant_type=password&username=a485047&password=Sairam@221&client_id=f911e978-87e1-4745-a77a-fee94bc85a12&client_secret=3151fa8a-1262-47e3-8665-860ba7af8558"},"url":{"raw":"https://fimt-oauth-nonprod.fmrco.com/as/resourceOwner ","protocol":"https","host":["fimt-oauth-nonprod","fmrco","com"],"path":["as","resourceOwner "]}},"response":[]},{"name":"User-OAuth","id":"5bf5ea9b-e22c-4fca-a0f9-367aa9f1f172","protocolProfileBehavior":{"disableBodyPruning":true},"request":{"method":"POST","header":[{"key":"Content-Type","name":"Content-Type","value":"application/x-www-form-urlencoded","type":"text"},{"key":"Accept","value":"application/json","type":"text","disabled":true}],"body":{"mode":"raw","raw":"grant_type=password&username=a485047&password=Sairam@220&client_id=f911e978-87e1-4745-a77a-fee94bc85a12&client_secret=3151fa8a-1262-47e3-8665-860ba7af8558"},"url":{"raw":"https://fimt-oauth.fmrco.com/as/resourceOwner ","protocol":"https","host":["fimt-oauth","fmrco","com"],"path":["as","resourceOwner "]}},"response":[]},{"name":"https://fimt-oauth-kerb-nonprod.fmrco.com/as/tokenKerberos","id":"86465d94-a012-4651-bef1-cb299a6aa641","protocolProfileBehavior":{"disableBodyPruning":true},"request":{"auth":{"type":"ntlm","ntlm":[{"key":"password","value":"Jaisai@Q418","type":"string"},{"key":"username","value":"a485047","type":"string"}]},"method":"POST","header":[{"key":"Content-Type","value":"application/x-www-form-urlencoded","type":"text"}],"body":{"mode":"raw","raw":"grant_type=password&client_id=f911e978-87e1-4745-a77a-fee94bc85a12&client_secret=3151fa8a-1262-47e3-8665-860ba7af8558"},"url":{"raw":"https://fimt-oauth-kerb-nonprod.fmrco.com/as/tokenKerberos","protocol":"https","host":["fimt-oauth-kerb-nonprod","fmrco","com"],"path":["as","tokenKerberos"]}},"response":[]},{"name":"http://localhost:8080/send-services/v2/notification?app=CP-SEND2-ADOPTION-CRAWORKSPACE-12C","id":"f5f5f94a-17a6-42f4-9b09-f12c1bddc5d1","protocolProfileBehavior":{"disableBodyPruning":true},"request":{"auth":{"type":"ntlm","ntlm":[{"key":"password","value":"Jaisai@Q418","type":"string"},{"key":"username","value":"a485047","type":"string"}]},"method":"POST","header":[{"key":"Content-Type","name":"Content-Type","value":"application/json","type":"text"},{"key":"Accept","value":"application/json","type":"text"},{"key":"Authorization","value":"Bearer 8RDjDVoCt5wbvM6GzdzVziT5Xev0CjB8YNiPKdnoSFAkTXJjqfEahq","type":"text"}],"body":{"mode":"raw","raw":"{\r\n  \"emailNotification\": [\r\n    {\r\n      \"reportDatas\": null,\r\n      \"subject\": \"VM Template Test\",\r\n      \"body\": null,\r\n      \"includeAttachments\": false,\r\n      \"toRecipients\": {\r\n        \"emailAddress\": [\"a485047@fmr.com\"]\r\n      },\r\n      \"ccRecipients\": null,\r\n      \"bccRecipients\": null,\r\n      \"fromRecipient\": \"a485047@fmr.com\",\r\n      \r\n      \"vmTemplateContent\": \"<html>\\r\\n  <body>\\r\\n    $name is $age years old and lives $address.streetAddress, ${address.city}.\\r\\n    <br/>\\r\\n    $name's friends:\\r\\n    <ul>\\r\\n    #foreach($friend in $friends)\\r\\n      <li>$friend.name, who is $friend.age years old</li>\\r\\n    #end\\r\\n    </ul>\\r\\n  </body>\\r\\n</html>\",\r\n      \"templateJSONData\": \"{ \\\"name\\\": \\\"Alice\\\", \\\"age\\\": 20, \\\"friends\\\": [ { \\\"name\\\":\\\"Bob\\\", \\\"age\\\":21 }, { \\\"name\\\":\\\"Carol\\\", \\\"age\\\":19 } ], \\\"address\\\": { \\\"streetAddress\\\": \\\"100 Wall Street\\\", \\\"city\\\": \\\"New York\\\" } }\",\r\n      \"vmTemplatName\": \"TestTemplateName\"\r\n    }\r\n  ]\r\n}\r\n"},"url":{"raw":"http://localhost:8080/send-services/v2/notification?app=CP-SEND2-ADOPTION-CRAWORKSPACE-12C","protocol":"http","host":["localhost"],"port":"8080","path":["send-services","v2","notification"],"query":[{"key":"app","value":"CP-SEND2-ADOPTION-CRAWORKSPACE-12C"}]}},"response":[]},{"name":"https://send-sit.fmrco.com/send/v2/notification?app=ADVRPTNG","id":"24f3fff3-6260-48eb-9853-da6761a30ea9","protocolProfileBehavior":{"disableBodyPruning":true},"request":{"auth":{"type":"ntlm","ntlm":[{"key":"password","value":"Jaisai@Q418","type":"string"},{"key":"username","value":"a485047","type":"string"}]},"method":"POST","header":[{"key":"Content-Type","name":"Content-Type","value":"application/json","type":"text"},{"warning":"This is a duplicate header and will be overridden by the Authorization header generated by Postman.","key":"Authorization","value":"Breare RY0Vvzkp4Dw8NUZNAFXQ86AOUTmiV61F0hKCCjeK1zAnZQbBJHOcv3","type":"text"}],"body":{"mode":"raw","raw":"{\r\n  \"emailNotification\": [\r\n    {\r\n      \"reportDatas\": null,\r\n      \"subject\": \"VM Template Test\",\r\n      \"body\": null,\r\n      \"includeAttachments\": false,\r\n      \"toRecipients\": {\r\n        \"emailAddress\": [\"a485047@fmr.com\"]\r\n      },\r\n      \"ccRecipients\": null,\r\n      \"bccRecipients\": null,\r\n      \"fromRecipient\": \"a485047@fmr.com\",\r\n      \r\n      \"vmTemplateContent\": \"<html>\\r\\n  <body>\\r\\n    $name is $age years old and lives $address.streetAddress, ${address.city}.\\r\\n    <br/>\\r\\n    $name's friends:\\r\\n    <ul>\\r\\n    #foreach($friend in $friends)\\r\\n      <li>$friend.name, who is $friend.age years old</li>\\r\\n    #end\\r\\n    </ul>\\r\\n  </body>\\r\\n</html>\",\r\n      \"templateJSONData\": \"age\\\":21 }, { \\\"name\\\":\\\"Carol\\\", \\\"age\\\":19 } ], \\\"address\\\": { \\\"streetAddress\\\": \\\"100 Wall Street\\\", \\\"city\\\": \\\"New York\\\" } }\",\r\n      \"vmTemplatName\": null\r\n    }\r\n  ]\r\n}\r\n"},"url":{"raw":"https://send-sit.fmrco.com/send/v2/notification?app=ADVRPTNG","protocol":"https","host":["send-sit","fmrco","com"],"path":["send","v2","notification"],"query":[{"key":"app","value":"ADVRPTNG"}]}},"response":[]},{"name":"OAuth-Nonprod","id":"94e2fc1f-25d3-4c9b-86a3-79a136dd8e3e","protocolProfileBehavior":{"disableBodyPruning":true},"request":{"method":"POST","header":[{"key":"Content-Type","name":"Content-Type","value":"application/x-www-form-urlencoded","type":"text"},{"key":"Accept","value":"application/json","type":"text","disabled":true}],"body":{"mode":"raw","raw":"grant_type=password&username=a485047&password=Sairam@220&client_id=f911e978-87e1-4745-a77a-fee94bc85a12&client_secret=3151fa8a-1262-47e3-8665-860ba7af8558"},"url":{"raw":"https://fimt-oauth-nonprod.fmrco.com/as/resourceOwner ","protocol":"https","host":["fimt-oauth-nonprod","fmrco","com"],"path":["as","resourceOwner "]}},"response":[]}]}