{"info":{"_postman_id":"bf4ffe67-0d6d-3d91-ac72-2a9bc0cb2db0","name":"Notification- ACM","schema":"https://schema.getpostman.com/json/collection/v2.1.0/collection.json"},"item":[{"name":"Notify","id":"47386f81-8ddb-48ba-9b65-ee8854b34573","request":{"method":"POST","header":[{"key":"Content-Type","value":"application/json"}],"body":{"mode":"raw","raw":"{\n            \"id\": null,\n            \"corpId\": \"A467987\",\n            \"portfolio\": [\n                {\n                    \"fundShortName\": \"RAYSCC\",\n                    \"pricingCurrency\": false\n                }\n            ]\n        }"},"url":{"raw":"http://ASWSFL01DEV.fmrco.com:61350/contentmgmt/v1/notify","protocol":"http","host":["ASWSFL01DEV","fmrco","com"],"port":"61350","path":["contentmgmt","v1","notify"]}},"response":[]},{"name":"Notify-local","id":"a57c80e4-d63a-5720-4117-b44f8bdcc0c2","request":{"method":"POST","header":[{"key":"Content-Type","value":"application/json"},{"key":"x-fimt-generic-hostname","value":"eqappl62devv.fmrco.com"},{"key":"x-fimt-generic-ip-address","value":"10.105.174.60"},{"key":"OAM_REMOTE_USER","value":"a265447"},{"key":"Accept","value":"application/json"}],"body":{"mode":"raw","raw":"{\n            \"id\": null,\n            \"corpId\": \"a265447\",\n            \"location\": {\n                \"id\": 1,\n                \"name\": \"BOS\"\n            },\n            \"portfolio\": [\n                {\n                    \"id\": 21,\n                    \"applyFX\": true\n                },\n                {\n                    \"id\": 22,\n                    \"applyFX\": true\n                }\n               \n            ]\n        }"},"url":{"raw":"http://vc2cmmka115419n.fmrco.com:20010/contentmgmt/v1/notify","protocol":"http","host":["vc2cmmka115419n","fmrco","com"],"port":"20010","path":["contentmgmt","v1","notify"]}},"response":[]},{"name":"UserSubscription","id":"93966d64-95c2-d247-2994-6ffabe603a20","request":{"method":"GET","header":[],"body":{"mode":"formdata","formdata":[]},"url":{"raw":"https://vc2cmmka082907n.fmrco.com:20013/contentmgmt/v1/subscriptions?location=BOS&schedule=SOD&adhocReportType=INTRADAY_PERF_SF","protocol":"https","host":["vc2cmmka082907n","fmrco","com"],"port":"20013","path":["contentmgmt","v1","subscriptions"],"query":[{"key":"location","value":"BOS"},{"key":"schedule","value":"SOD"},{"key":"adhocReportType","value":"INTRADAY_PERF_SF"}]}},"response":[]},{"name":"UserSubscription-SIT","id":"06900c48-98d8-f730-a525-0981130f0d20","request":{"method":"GET","header":[],"body":{"mode":"formdata","formdata":[]},"url":{"raw":"https://vc2cmmka115419n.fmrco.com:20013/contentmgmt/v1/subscriptions?location=LON&schedule=HOURLY&adhocReportType=INTRADAY_PERF_SF;INTRADAY_PERF_MF","protocol":"https","host":["vc2cmmka115419n","fmrco","com"],"port":"20013","path":["contentmgmt","v1","subscriptions"],"query":[{"key":"location","value":"LON"},{"key":"schedule","value":"HOURLY"},{"key":"adhocReportType","value":"INTRADAY_PERF_SF;INTRADAY_PERF_MF"}]}},"response":[]},{"name":"http://vc2cmmka082907n.fmrco.com:20010/contentmgmt/v1/notify","id":"bb3771ae-7afd-258f-099e-8cd4d2ebec12","request":{"method":"POST","header":[{"key":"Content-Type","value":"application/json"}],"body":{"mode":"raw","raw":"{\n            \"id\": null,\n            \"corpId\": \"a573415\",\n            \"portfolio\": [\n                {\n                    \"fundShortName\": \"MAG\",\n                    \"pricingCurrency\": false\n                }\n                \n            ]\n        }"},"url":{"raw":"http://ASWSFL02DEV.fmrco.com:61350/contentmgmt/v1/notify","protocol":"http","host":["ASWSFL02DEV","fmrco","com"],"port":"61350","path":["contentmgmt","v1","notify"]}},"response":[]},{"name":"UserSubscription-Local","id":"8284d037-2f66-ee3e-2374-61569304cef0","request":{"method":"GET","header":[],"body":{"mode":"formdata","formdata":[]},"url":{"raw":"http://localhost:8080/contentmgmt-services/subscriptions?location=HK&schedule=CLOSE_MARKET&adhocReportType=PERFORMANCE","protocol":"http","host":["localhost"],"port":"8080","path":["contentmgmt-services","subscriptions"],"query":[{"key":"location","value":"HK"},{"key":"schedule","value":"CLOSE_MARKET"},{"key":"adhocReportType","value":"PERFORMANCE"}]}},"response":[]},{"name":"UserSubscription-Prod","id":"b269d71f-6f2d-be42-5fd6-172ee35f2c49","request":{"method":"GET","header":[],"body":{"mode":"formdata","formdata":[]},"url":{"raw":"http://ASWSFL01PRD.fmrco.com:61350/contentmgmt/v1/subscriptions?location=HK&schedule=CLOSE_MARKET&adhocReportType=PERFORMANCE","protocol":"http","host":["ASWSFL01PRD","fmrco","com"],"port":"61350","path":["contentmgmt","v1","subscriptions"],"query":[{"key":"location","value":"HK"},{"key":"schedule","value":"CLOSE_MARKET"},{"key":"adhocReportType","value":"PERFORMANCE"}]}},"response":[]},{"name":"FundPages-prod","id":"b4d0d3bd-2c77-16c6-038b-089e359e7f39","request":{"method":"GET","header":[],"body":{"mode":"formdata","formdata":[]},"url":{"raw":"http://ASWSFL01PRD.fmrco.com:61350/contentmgmt/v1/subscriptions?location=HK&schedule=CLOSE_MARKET&adhocReportType=PERFORMANCE","protocol":"http","host":["ASWSFL01PRD","fmrco","com"],"port":"61350","path":["contentmgmt","v1","subscriptions"],"query":[{"key":"location","value":"HK"},{"key":"schedule","value":"CLOSE_MARKET"},{"key":"adhocReportType","value":"PERFORMANCE"}]}},"response":[]}]}