{"info":{"_postman_id":"c349844b-2d9d-495b-0dc6-482e62d7a3d1","name":"Counter Party- CRA CreditNotes","schema":"https://schema.getpostman.com/json/collection/v2.1.0/collection.json"},"item":[{"name":"http://asappl13dev.fmrco.com:31900/cp-creditnotes-ws/rest/counterpartyNotes","id":"e2fb245d-ca8e-598c-151d-b15bd1f0c357","request":{"method":"GET","header":[],"body":{"mode":"formdata","formdata":[]},"url":{"raw":"http://asappl13prd.fmrco.com:31900/cp-creditnotes-ws/rest/counterpartyNotes","protocol":"http","host":["asappl13prd","fmrco","com"],"port":"31900","path":["cp-creditnotes-ws","rest","counterpartyNotes"]}},"response":[]},{"name":"https://vc2cmmkb158991n.fmrco.com:20013/searchsvc/v1/search ","id":"2e443f3c-7d59-23ae-3c75-3924824f581b","request":{"method":"POST","header":[{"key":"Content-Type","value":"application/json"},{"key":"Accept","value":"application/json"},{"key":"OAM_REMOTE_USER","value":"a485047"}],"body":{"mode":"raw","raw":""},"url":{"raw":"https://vc2cmmkb158991n.fmrco.com:20013/searchsvc/v1/search ","protocol":"https","host":["vc2cmmkb158991n","fmrco","com"],"port":"20013","path":["searchsvc","v1","search "]}},"response":[]},{"name":"https://vc2cmmka157168n.fmrco.com:20013/ratingsvc/v1/creditnotes?entitytype=FMR_CUSIP&entityvalue=01A99J&maxyears=3 ","id":"853fba28-8108-1f51-c04b-1a50d24d8fb0","request":{"method":"GET","header":[{"key":"OAM_REMOTE_USER","value":"A485047"},{"key":"Accept","value":"application/json"}],"body":{"mode":"formdata","formdata":[{"key":"","value":"","type":"text"}]},"url":{"raw":"https://vc2cmmka157168n.fmrco.com:20013/ratingsvc/v1/creditnotes?entitytype=FMR_CUSIP&entityvalue=01A99J&maxyears=3 ","protocol":"https","host":["vc2cmmka157168n","fmrco","com"],"port":"20013","path":["ratingsvc","v1","creditnotes"],"query":[{"key":"entitytype","value":"FMR_CUSIP"},{"key":"entityvalue","value":"01A99J"},{"key":"maxyears","value":"3 "}]}},"response":[]}]}