{"info":{"_postman_id":"c3f0658b-8041-4193-8724-949f61a993b1","name":"EWSMobileProxy copy","schema":"https://schema.getpostman.com/json/collection/v2.1.0/collection.json"},"item":[{"name":"Tradesummary PROXY","id":"82d075e2-37cb-435e-a07b-2a19151a3194","protocolProfileBehavior":{"disableBodyPruning":true},"request":{"method":"GET","header":[{"key":"Accept","value":" application/json","type":"text"},{"key":"Authorization","value":" ","type":"text"},{"key":"Sec-Fetch-Mode","value":" cors","type":"text"},{"key":"User-Agent","value":" Mozilla/5.0 (iPad; CPU OS 11_0 like Mac OS X) AppleWebKit/604.1.34 (KHTML, like Gecko) Version/11.0 Mobile/15A5341f Safari/604.1","type":"text"},{"key":"x-fimt-authentication","value":" Bearer {{OAUTH_TOKEN}}","type":"text"},{"key":"x-fimt-generic","value":" yes","type":"text"},{"key":"x-fimt-generic-app-name","value":" NIGHT_SHEETS","type":"text"},{"key":"x-fimt-generic-application","value":" EWS","type":"text"},{"key":"x-fimt-generic-application-id","value":" AP129791","type":"text"},{"key":"x-fimt-generic-component","value":" NIGHT_SHEETS","type":"text"},{"key":"x-fimt-generic-hostname","value":" ","type":"text"},{"key":"x-fimt-generic-ip-address","value":" ","type":"text"},{"key":"x-fimt-generic-module","value":" NIGHT_SHEETS","type":"text"},{"key":"x-request-identity","value":" yes","type":"text"},{"key":"X-REQUEST-IDENTITY-HOST","value":" ","type":"text"},{"key":"X-REQUEST-IDENTITY-IPADDRESS","value":" ","type":"text"},{"key":"X-REQUEST-IDENTITY-SENDER-NAME","value":" NIGHT_SHEETS","type":"text"},{"key":"X-REQUEST-IDENTITY-SENDER-VERSION","value":" 1.0.0","type":"text"},{"key":"X-REQUEST-IDENTITY-USER","value":" a603275","type":"text"}],"url":{"raw":"https://7lvwn4zxl5.execute-api.us-east-1.amazonaws.com/v1/daily-trade-summaries-service-dev","protocol":"https","host":["7lvwn4zxl5","execute-api","us-east-1","amazonaws","com"],"path":["v1","daily-trade-summaries-service-dev"]}},"response":[]},{"name":"Personalization PROXY","id":"5a5926b2-663a-435e-9cc6-5801e685ff13","protocolProfileBehavior":{"disableBodyPruning":true},"request":{"method":"GET","header":[{"key":"Accept","value":" application/json","type":"text"},{"key":"Authorization","value":"  Bearer {{OAUTH_TOKEN}}","type":"text"},{"key":"Sec-Fetch-Mode","value":" cors","type":"text","disabled":true},{"key":"User-Agent","value":" Mozilla/5.0 (iPad; CPU OS 11_0 like Mac OS X) AppleWebKit/604.1.34 (KHTML, like Gecko) Version/11.0 Mobile/15A5341f Safari/604.1","type":"text","disabled":true},{"key":"x-fimt-authentication","value":" Bearer {{OAUTH_TOKEN}}","type":"text"},{"key":"x-fimt-generic","value":" yes","type":"text"},{"key":"x-fimt-generic-action","value":" GET_REPORT_SUBSCRIPTIONS","type":"text"},{"key":"x-fimt-generic-app-name","value":" NIGHT_SHEETS","type":"text"},{"key":"x-fimt-generic-application","value":" EWS","type":"text"},{"key":"x-fimt-generic-application-id","value":" AP129791","type":"text"},{"key":"x-fimt-generic-component","value":" NIGHT_SHEETS","type":"text"},{"key":"x-fimt-generic-hostname","value":" ","type":"text","disabled":true},{"key":"x-fimt-generic-ip-address","value":" ","type":"text","disabled":true},{"key":"x-fimt-generic-module","value":" NIGHT_SHEETS","type":"text"},{"key":"x-request-identity","value":" yes","type":"text"},{"key":"X-REQUEST-IDENTITY-HOST","value":" ","type":"text","disabled":true},{"key":"X-REQUEST-IDENTITY-IPADDRESS","value":" ","type":"text"},{"key":"X-REQUEST-IDENTITY-SENDER-NAME","value":" NIGHT_SHEETS","type":"text"},{"key":"X-REQUEST-IDENTITY-SENDER-VERSION","value":" 1.0.0","type":"text"},{"key":"X-REQUEST-IDENTITY-USER","value":" a603275","type":"text"},{"key":"Accept-Encoding","value":" gzip, deflate","type":"text"},{"key":"cache-control","value":" no-cache","type":"text"},{"key":"CloudFront-Forwarded-Proto","value":" https","type":"text","disabled":true},{"key":"CloudFront-Is-Desktop-Viewer","value":"false","type":"text","disabled":true},{"key":"CloudFront-Is-Mobile-Viewer","value":"true","type":"text","disabled":true},{"key":"CloudFront-Is-SmartTV-Viewer","value":"false","type":"text","disabled":true},{"key":"CloudFront-Is-Tablet-Viewer","value":" true","type":"text","disabled":true},{"key":"CloudFront-Viewer-Country","value":" US","type":"text","disabled":true},{"key":"Host","value":" 7lvwn4zxl5.execute-api.us-east-1.amazonaws.com","type":"text","disabled":true},{"key":"Postman-Token","value":" 9b6fae81-ec07-4f7e-bcc6-b5106c6b8557","type":"text","disabled":true},{"key":"Sec-Fetch-Mode","value":" cors","type":"text","disabled":true},{"key":"User-Agent","value":" Mozilla/5.0 (iPad; CPU OS 11_0 like Mac OS X) AppleWebKit/604.1.34 (KHTML, like Gecko) Version/11.0 Mobile/15A5341f Safari/604.1","type":"text","disabled":true},{"key":"Via","value":" 1.1 c26cf0237a1cc8ba904c7007eab78466.cloudfront.net (CloudFront)","type":"text","disabled":true},{"key":"X-Amz-Cf-Id","value":" Dx8Vk0ns0LhChexZ_41OEIimqZQChtzLm6_EQcmPUVc7mi2yoIIBGQ==","type":"text","disabled":true},{"key":"X-Amzn-Trace-Id","value":" Root=1-5d725f2f-b5d21120527a8f702b606850","type":"text","disabled":true},{"key":"X-Forwarded-For","value":" 192.223.242.21, 64.252.176.136","type":"text","disabled":true},{"key":"X-Forwarded-Port","value":" 443","type":"text","disabled":true},{"key":"X-Forwarded-Proto","value":" https","type":"text","disabled":true}],"url":{"raw":"https://7lvwn4zxl5.execute-api.us-east-1.amazonaws.com/v1/personalization-service-dev/report-subscriptions/retrieve-by?report-type=PMNS_PENDING_OPT_OUT&id-type=PERSON_ID&schedule-code=EOD&id=0","protocol":"https","host":["7lvwn4zxl5","execute-api","us-east-1","amazonaws","com"],"path":["v1","personalization-service-dev","report-subscriptions","retrieve-by"],"query":[{"key":"report-type","value":"PMNS_PENDING_OPT_OUT"},{"key":"id-type","value":"PERSON_ID"},{"key":"schedule-code","value":"EOD"},{"key":"id","value":"0"}]}},"response":[]},{"name":"Personalization DIRECT","id":"060bcafa-cedc-4280-ae18-7c5eace0f355","protocolProfileBehavior":{"disableBodyPruning":true},"request":{"method":"GET","header":[{"key":"Accept","value":" application/json","type":"text"},{"key":"Authorization","value":"  Bearer {{OAUTH_TOKEN}}","type":"text"},{"key":"Sec-Fetch-Mode","value":" cors","type":"text"},{"key":"User-Agent","value":" Mozilla/5.0 (iPad; CPU OS 11_0 like Mac OS X) AppleWebKit/604.1.34 (KHTML, like Gecko) Version/11.0 Mobile/15A5341f Safari/604.1","type":"text"},{"key":"x-fimt-authentication","value":" Bearer {{OAUTH_TOKEN}}","type":"text"},{"key":"x-fimt-generic","value":" yes","type":"text"},{"key":"x-fimt-generic-action","value":" GET_REPORT_SUBSCRIPTIONS","type":"text"},{"key":"x-fimt-generic-app-name","value":" NIGHT_SHEETS","type":"text"},{"key":"x-fimt-generic-application","value":" EWS","type":"text"},{"key":"x-fimt-generic-application-id","value":" AP129791","type":"text"},{"key":"x-fimt-generic-component","value":" NIGHT_SHEETS","type":"text"},{"key":"x-fimt-generic-hostname","value":" ","type":"text"},{"key":"x-fimt-generic-ip-address","value":" ","type":"text"},{"key":"x-fimt-generic-module","value":" NIGHT_SHEETS","type":"text"},{"key":"x-request-identity","value":" yes","type":"text"},{"key":"X-REQUEST-IDENTITY-HOST","value":" ","type":"text"},{"key":"X-REQUEST-IDENTITY-IPADDRESS","value":" ","type":"text"},{"key":"X-REQUEST-IDENTITY-SENDER-NAME","value":" NIGHT_SHEETS","type":"text"},{"key":"X-REQUEST-IDENTITY-SENDER-VERSION","value":" 1.0.0","type":"text"},{"key":"X-REQUEST-IDENTITY-USER","value":" a603275","type":"text"},{"key":"Accept-Encoding","value":" gzip, deflate","type":"text"},{"key":"cache-control","value":" no-cache","type":"text"},{"key":"CloudFront-Forwarded-Proto","value":" https","type":"text"},{"key":"CloudFront-Is-Desktop-Viewer","value":"false","type":"text"},{"key":"CloudFront-Is-Mobile-Viewer","value":"true","type":"text"},{"key":"CloudFront-Is-SmartTV-Viewer","value":"false","type":"text"},{"key":"CloudFront-Is-Tablet-Viewer","value":" true","type":"text"},{"key":"CloudFront-Viewer-Country","value":" US","type":"text"},{"key":"Host","value":" 7lvwn4zxl5.execute-api.us-east-1.amazonaws.com","type":"text","disabled":true},{"key":"Postman-Token","value":" 9b6fae81-ec07-4f7e-bcc6-b5106c6b8557","type":"text"},{"key":"Sec-Fetch-Mode","value":" cors","type":"text"},{"key":"User-Agent","value":" Mozilla/5.0 (iPad; CPU OS 11_0 like Mac OS X) AppleWebKit/604.1.34 (KHTML, like Gecko) Version/11.0 Mobile/15A5341f Safari/604.1","type":"text"},{"key":"Via","value":" 1.1 c26cf0237a1cc8ba904c7007eab78466.cloudfront.net (CloudFront)","type":"text"},{"key":"X-Amz-Cf-Id","value":" Dx8Vk0ns0LhChexZ_41OEIimqZQChtzLm6_EQcmPUVc7mi2yoIIBGQ==","type":"text"},{"key":"X-Amzn-Trace-Id","value":" Root=1-5d725f2f-b5d21120527a8f702b606850","type":"text"},{"key":"X-Forwarded-For","value":" 192.223.242.21, 64.252.176.136","type":"text"},{"key":"X-Forwarded-Port","value":" 443","type":"text"},{"key":"X-Forwarded-Proto","value":" https","type":"text"}],"url":{"raw":"https://personalization-dit.fmrco.com:20013/personalization/v1/report-subscriptions/retrieve-by?report-type=PMNS_PENDING_OPT_OUT&id-type=PERSON_ID&schedule-code=EOD&id=0","protocol":"https","host":["personalization-dit","fmrco","com"],"port":"20013","path":["personalization","v1","report-subscriptions","retrieve-by"],"query":[{"key":"report-type","value":"PMNS_PENDING_OPT_OUT"},{"key":"id-type","value":"PERSON_ID"},{"key":"schedule-code","value":"EOD"},{"key":"id","value":"0"}]}},"response":[]},{"name":"ACM PROXY","id":"2dae03eb-04f8-444d-b455-f6eda4331bc8","protocolProfileBehavior":{"disableBodyPruning":true},"request":{"method":"GET","header":[{"key":"Accept","value":" application/json, text/plain, */*","type":"text"},{"key":"Authorization","value":" Bearer {{OAUTH_TOKEN}}","type":"text"},{"key":"Origin","value":" https://night-sheets-ui-dev.apigw.aws.fmrco.com","type":"text"},{"key":"Referer","value":" https://night-sheets-ui-dev.apigw.aws.fmrco.com/","type":"text"},{"key":"Sec-Fetch-Mode","value":" cors","type":"text"},{"key":"User-Agent","value":" Mozilla/5.0 (Windows NT 6.1; Win64; x64) AppleWebKit/537.36 (KHTML, like Gecko) Chrome/76.0.3809.132 Safari/537.36","type":"text"},{"key":"x-fimt-authentication","value":"Bearer {{OAUTH_TOKEN}}","type":"text"}],"url":{"raw":"https://7lvwn4zxl5.execute-api.us-east-1.amazonaws.com/v1/acm-service-qa?instanceid=24222467","protocol":"https","host":["7lvwn4zxl5","execute-api","us-east-1","amazonaws","com"],"path":["v1","acm-service-qa"],"query":[{"key":"instanceid","value":"24222467"}]}},"response":[]},{"name":"ACM DIRECT","id":"ca8c9435-d901-4382-a45c-d4d45c00a9cd","protocolProfileBehavior":{"disableBodyPruning":true},"request":{"method":"GET","header":[{"key":"Accept","value":" application/json, text/plain, */*","type":"text"},{"key":"Authorization","value":" Bearer {{OAUTH_TOKEN}}","type":"text"},{"key":"Origin","value":" https://night-sheets-ui-dev.apigw.aws.fmrco.com","type":"text"},{"key":"Referer","value":" https://night-sheets-ui-dev.apigw.aws.fmrco.com/","type":"text"},{"key":"Sec-Fetch-Mode","value":" cors","type":"text"},{"key":"User-Agent","value":" Mozilla/5.0 (Windows NT 6.1; Win64; x64) AppleWebKit/537.36 (KHTML, like Gecko) Chrome/76.0.3809.132 Safari/537.36","type":"text"},{"key":"x-fimt-authentication","value":"Bearer {{OAUTH_TOKEN}}","type":"text"}],"url":{"raw":"https://vc2cmmka115419n.fmrco.com:20013/contentmgmt/v2/report?instanceid=24222467","protocol":"https","host":["vc2cmmka115419n","fmrco","com"],"port":"20013","path":["contentmgmt","v2","report"],"query":[{"key":"instanceid","value":"24222467"}]}},"response":[]},{"name":"Logger PROXY","id":"bdf5147e-7aee-4891-b1c5-e8d5d9d1828d","protocolProfileBehavior":{"disableBodyPruning":true},"request":{"method":"POST","header":[{"key":"Accept","value":"application/json, text/plain, */*","type":"text"},{"key":"Authorization","value":" ","type":"text","disabled":true},{"key":"Content-Type","value":"application/json","type":"text"},{"key":"oauth2_optout","value":" true","type":"text","disabled":true},{"key":"Sec-Fetch-Mode","value":" cors","type":"text"},{"key":"User-Agent","value":" Mozilla/5.0 (iPad; CPU OS 11_0 like Mac OS X) AppleWebKit/604.1.34 (KHTML, like Gecko) Version/11.0 Mobile/15A5341f Safari/604.1","type":"text"},{"key":"x-fimt-authentication","value":" Bearer {{OAUTH_TOKEN}}","type":"text"},{"key":"Accept-Encoding","value":" gzip, deflate","type":"text","disabled":true}],"body":{"mode":"raw","raw":"[\n    {\n        \"level\": \"INFO\",\n        \"message\": \"application=NIGHT_SHEETS, class=TradeReportsService, type=INFO, message=Successfully retrieved trade report list, timeTakenInMs=1405.51, userAgent=Mozilla/5.0 (iPad; CPU OS 11_0 like Mac OS X) AppleWebKit/604.1.34 (KHTML, like Gecko) Version/11.0 Mobile/15A5341f Safari/604.1, device=iPad, appVersion=1.0.0, itamAppID=AP129791, timestamp=2019-09-06T14:57:33.011Z\"\n    }\n]"},"url":{"raw":"https://7lvwn4zxl5.execute-api.us-east-1.amazonaws.com/v1/logger-service-dev","protocol":"https","host":["7lvwn4zxl5","execute-api","us-east-1","amazonaws","com"],"path":["v1","logger-service-dev"]}},"response":[]},{"name":"Logger DIRECT","id":"2c6dc84a-5c7f-4997-a013-96f6d832a6e4","protocolProfileBehavior":{"disableBodyPruning":true},"request":{"method":"POST","header":[{"key":"Accept","value":" application/json, text/plain, */*","type":"text"},{"key":"Authorization","value":" ","type":"text"},{"key":"Content-Type","value":"application/json","type":"text"},{"key":"oauth2_optout","value":" ","type":"text"},{"key":"Sec-Fetch-Mode","value":" cors","type":"text"},{"key":"User-Agent","value":" Mozilla/5.0 (iPad; CPU OS 11_0 like Mac OS X) AppleWebKit/604.1.34 (KHTML, like Gecko) Version/11.0 Mobile/15A5341f Safari/604.1","type":"text"},{"key":"x-fimt-authentication","value":" Bearer {{OAUTH_TOKEN}}","type":"text"},{"key":"Accept-Encoding","value":"gzip, deflate","type":"text"},{"key":"Host","value":" 7lvwn4zxl5.execute-api.us-east-1.amazonaws.com","type":"text","disabled":true}],"body":{"mode":"raw","raw":"[\n    {\n        \"level\": \"INFO\",\n        \"message\": \"application=NIGHT_SHEETS, class=TradeReportsService, type=INFO, message=Successfully retrieved trade report list, timeTakenInMs=1405.51, userAgent=Mozilla/5.0 (iPad; CPU OS 11_0 like Mac OS X) AppleWebKit/604.1.34 (KHTML, like Gecko) Version/11.0 Mobile/15A5341f Safari/604.1, device=iPad, appVersion=1.0.0, itamAppID=AP129791, timestamp=2019-09-06T14:57:33.011Z\"\n    }\n]"},"url":{"raw":"https://logger-service-dev.fmrco.com/logger-ws/logs","protocol":"https","host":["logger-service-dev","fmrco","com"],"path":["logger-ws","logs"]}},"response":[]},{"name":"iConfig Get Proxy Endpoints","id":"3c25345c-1328-4dcf-a4e0-a19964af5e49","protocolProfileBehavior":{"disableBodyPruning":true},"request":{"method":"POST","header":[{"key":"Content-Type","value":"application/json","type":"text"},{"key":"Accept","value":"application/json","type":"text"}],"body":{"mode":"raw","raw":"{\n\"search-query\"      : \"AMT-EQ-COMMON-TECH|AMTMobileProxy:Service\" ,\n\"structure-format\"  : \"flat\"\n}"},"url":{"raw":"https://iconfig-sit.fmrco.com/iconfig-v2/public/rest-less-api/query-configurations","protocol":"https","host":["iconfig-sit","fmrco","com"],"path":["iconfig-v2","public","rest-less-api","query-configurations"]}},"response":[]}]}