{"info":{"_postman_id":"c50031ba-ecef-4404-9771-1dbfa7f53b1e","name":"IConfig","schema":"https://schema.getpostman.com/json/collection/v2.1.0/collection.json"},"item":[{"name":"Iconfig-SIT","id":"098106e0-f631-4485-b563-5ed471a400fc","protocolProfileBehavior":{"disableBodyPruning":true},"request":{"method":"POST","header":[{"key":"Content-Type","name":"Content-Type","value":"application/json","type":"text"}],"body":{"mode":"raw","raw":"{\r\n                        \"search-query\"      : \"PR105243\"  ,\r\n                        \"structure-format\"  : \"flat\"\r\n                      }","options":{"raw":{"language":"json"}}},"url":{"raw":"https://iconfig-uat.fmrco.com/iconfig-v2/public/rest-less-api/query-configurations","protocol":"https","host":["iconfig-uat","fmrco","com"],"path":["iconfig-v2","public","rest-less-api","query-configurations"]}},"response":[]}]}