{"info":{"_postman_id":"c6db2bf8-e4f0-452c-ac2f-fd3c543389cb","name":"Vanilla","schema":"https://schema.getpostman.com/json/collection/v2.1.0/collection.json"},"item":[{"name":"http://ip-10-107-193-219.ec2.internal/discussion/5/lets-talk.json?access_token=va.ZUdlYZDidLvpaxC6NZp00jcbYSiR5b69.126kbw.L_0U0j6&id=5","id":"b5cc163e-a542-4f57-8b58-47fb23e20510","protocolProfileBehavior":{"disableBodyPruning":true},"request":{"method":"GET","header":[{"key":"Accept","value":"application/json","type":"text"}],"url":{"raw":"http://ip-10-107-193-219.ec2.internal/discussion/5/lets-talk.json?access_token=va.ZUdlYZDidLvpaxC6NZp00jcbYSiR5b69.126kbw.L_0U0j6&id=5","protocol":"http","host":["ip-10-107-193-219","ec2","internal"],"path":["discussion","5","lets-talk.json"],"query":[{"key":"access_token","value":"va.ZUdlYZDidLvpaxC6NZp00jcbYSiR5b69.126kbw.L_0U0j6"},{"key":"id","value":"5"}]}},"response":[]},{"name":"http://ip-10-107-193-219.ec2.internal/Discussions/2?access_token=va.ZUdlYZDidLvpaxC6NZp00jcbYSiR5b69.126kbw.L_0U0j6&id=5","id":"e0268372-2993-41d1-a0da-a85fc04932d7","protocolProfileBehavior":{"disableBodyPruning":true},"request":{"method":"GET","header":[{"key":"Accept","value":"application/json","type":"text"}],"url":{"raw":"http://ip-10-107-193-219.ec2.internal/Discussions/2?access_token=va.ZUdlYZDidLvpaxC6NZp00jcbYSiR5b69.126kbw.L_0U0j6&id=5","protocol":"http","host":["ip-10-107-193-219","ec2","internal"],"path":["Discussions","2"],"query":[{"key":"access_token","value":"va.ZUdlYZDidLvpaxC6NZp00jcbYSiR5b69.126kbw.L_0U0j6"},{"key":"id","value":"5"}]}},"response":[]},{"name":"http://ip-10-107-193-219.ec2.internal/discussion/5/lets-talk.json?access_token=va.ZUdlYZDidLvpaxC6NZp00jcbYSiR5b69.126kbw.L_0U0j6&id=5","id":"715fb88d-99d5-49d3-9019-26af3e49e769","protocolProfileBehavior":{"disableBodyPruning":true},"request":{"method":"GET","header":[{"key":"Accept","value":"application/json","type":"text"}],"url":{"raw":"http://ip-10-107-193-219.ec2.internal/discussion/5/lets-talk.json?access_token=va.ZUdlYZDidLvpaxC6NZp00jcbYSiR5b69.126kbw.L_0U0j6&id=5","protocol":"http","host":["ip-10-107-193-219","ec2","internal"],"path":["discussion","5","lets-talk.json"],"query":[{"key":"access_token","value":"va.ZUdlYZDidLvpaxC6NZp00jcbYSiR5b69.126kbw.L_0U0j6"},{"key":"id","value":"5"}]}},"response":[]}]}