{"info":{"_postman_id":"c861ee12-caa1-cdb7-b15d-c5351f40feb4","name":"ReportCatalog-Keroles","schema":"https://schema.getpostman.com/json/collection/v2.1.0/collection.json"},"item":[{"name":"Dev","id":"0f85f7c6-147e-8ca2-840f-9a63828c10a2","request":{"method":"GET","header":[],"body":{"mode":"formdata","formdata":[]},"url":{"raw":"http://vc2cmmkb255617n.fmrco.com:20010/reportcatalogservices/v1/schedules/30072","protocol":"http","host":["vc2cmmkb255617n","fmrco","com"],"port":"20010","path":["reportcatalogservices","v1","schedules","30072"]}},"response":[]},{"name":"ReportProfile","id":"00b5e3e9-85a0-b32f-4a46-5c388093a95a","request":{"method":"GET","header":[],"body":{"mode":"formdata","formdata":[]},"url":{"raw":"https://reportcatalogsvc-sit.fmrco.com/reportcatalogservices/v1/ReportProfiles/","protocol":"https","host":["reportcatalogsvc-sit","fmrco","com"],"path":["reportcatalogservices","v1","ReportProfiles",""]}},"response":[]},{"name":"GET Report Profiles","id":"4deae762-7c2a-4d51-b46c-09569fed3c58","request":{"method":"GET","header":[],"body":{"mode":"raw","raw":""},"url":{"raw":"http://localhost:8080/reportcatalog-services/ReportProfiles?appFilterId=EQ_REPORTING&type=BIP","protocol":"http","host":["localhost"],"port":"8080","path":["reportcatalog-services","ReportProfiles"],"query":[{"key":"appFilterId","value":"EQ_REPORTING"},{"key":"type","value":"BIP"}]}},"response":[]},{"name":"http://localhost:8080/v1/ReportProfiles?app=EQ_Reporting","id":"6e3f8a88-21e5-40c9-ae56-ce930ced9647","protocolProfileBehavior":{"disableBodyPruning":true},"request":{"method":"GET","header":[{"key":"OAM_REMOTE_USER","value":"a485047","type":"text"}],"url":{"raw":"http://localhost:8080/v1/ReportProfiles?app=EQ_Reporting","protocol":"http","host":["localhost"],"port":"8080","path":["v1","ReportProfiles"],"query":[{"key":"app","value":"EQ_Reporting"}]}},"response":[]}]}