{"info":{"_postman_id":"ca16ccb0-2797-bb78-6883-054b4435d1c2","name":"OAuth","schema":"https://schema.getpostman.com/json/collection/v2.1.0/collection.json"},"item":[{"name":"https://fimt-oauth-qa.fmrco.com/as/resourceOwner ","id":"aec74558-93fb-3ab8-3d1f-a8d67477e931","request":{"method":"POST","header":[{"key":"Content-Type","value":"application/x-www-form-urlencoded"}],"body":{"mode":"raw","raw":""},"url":{"raw":"https://fimt-oauth-nonprod.fmrco.com/as/resourceOwner ","protocol":"https","host":["fimt-oauth-nonprod","fmrco","com"],"path":["as","resourceOwner "]}},"response":[]}]}