{"info":{"_postman_id":"cdd087d1-97bc-4a0d-80fb-c50ac27ccb21","name":"ACM v2","schema":"https://schema.getpostman.com/json/collection/v2.1.0/collection.json"},"item":[{"name":"GetDocumentMetaData-SIT","id":"7b36d9e9-7cdb-4da4-8434-e53f0eb1000c","protocolProfileBehavior":{"disableBodyPruning":true},"request":{"method":"GET","header":[{"key":"Authorization","value":"Bearer 374vH8O1LZFwvvdf4RhFddy1hswdeP58N0iMpl6pdDBx7H3nce51i6","type":"text"}],"url":{"raw":"https://advrptngcontentmgmt-sit.fmrco.com/contentmgmt/v2/document/PMNS_a028662_20190411.pdf.json","protocol":"https","host":["advrptngcontentmgmt-sit","fmrco","com"],"path":["contentmgmt","v2","document","PMNS_a028662_20190411.pdf.json"]}},"response":[]},{"name":"ReportList- SIT","id":"cd37fbef-6216-45de-9c8a-a4d4524a3d05","protocolProfileBehavior":{"disableBodyPruning":true},"request":{"method":"GET","header":[{"key":"Authorization","value":"Bearer 374vH8O1LZFwvvdf4RhFddy1hswdeP58N0iMpl6pdDBx7H3nce51i6","type":"text"}],"url":{"raw":"https://advrptngcontentmgmt-sit.fmrco.com/contentmgmt/v2/reports","protocol":"https","host":["advrptngcontentmgmt-sit","fmrco","com"],"path":["contentmgmt","v2","reports"],"query":[{"key":"","value":"","type":"text"}]}},"response":[]},{"name":"ReportInstanceMetaData - SIT","id":"f810b97a-7ba8-4893-936c-322468501692","protocolProfileBehavior":{"disableBodyPruning":true},"request":{"method":"GET","header":[],"url":{"raw":""}},"response":[]}]}