{"info":{"_postman_id":"cddd386e-78d9-4ce3-bd68-8c05abe4e666","name":"PriceTarget","schema":"https://schema.getpostman.com/json/collection/v2.1.0/collection.json"},"item":[{"name":"https://localhost:8443/pricetarget-service/v1/priceTarget?corpId=a485047&universeId=8e498228-67c5-465a-a5c2-2e2dc15d6d31","id":"c956f1f4-daae-4602-a47d-17cda28330ca","request":{"method":null,"header":[{"key":"Authorization","value":"Bearer {{OAUTH_TOKEN_USER}}","type":"text"},{"key":"Accept","value":"application/json","type":"text"},{"key":"Content-Type","value":"application/json","type":"text"}],"url":{"raw":"https://localhost:8443/pricetarget-service/v1/priceTarget?corpId=a485047&universeId=8e498228-67c5-465a-a5c2-2e2dc15d6d31","protocol":"https","host":["localhost"],"port":"8443","path":["pricetarget-service","v1","priceTarget"],"query":[{"key":"corpId","value":"a485047"},{"key":"universeId","value":"8e498228-67c5-465a-a5c2-2e2dc15d6d31"}]}},"response":[]},{"name":"Get-PriceTarget","id":"1832e9d0-858f-4853-86c5-bce07b95767e","request":{"method":"GET","header":[{"key":"Authorization","value":"Bearer {{OAUTH_TOKEN_USER}}","type":"text"},{"key":"Accept","value":"application/json","type":"text"},{"key":"Content-Type","value":"application/json","type":"text"}],"url":{"raw":"https://vc2cmmka317391n.fmrco.com:20013/priceTargetService/v1/priceTarget?corpId=a485047&universeId=8e498228-67c5-465a-a5c2-2e2dc15d6d31","protocol":"https","host":["vc2cmmka317391n","fmrco","com"],"port":"20013","path":["priceTargetService","v1","priceTarget"],"query":[{"key":"corpId","value":"a485047"},{"key":"universeId","value":"8e498228-67c5-465a-a5c2-2e2dc15d6d31"}]}},"response":[]},{"name":"https://vc2cmmka317391n.fmrco.com:20013/universeService/v1/universeDefinition/a485047/id/8e498228-67c5-465a-a5c2-2e2dc15d6d31","id":"580ac7e9-893f-47df-890f-6af0e2b98f8a","request":{"method":"GET","header":[{"key":"Authorization","value":"Bearer {{OAUTH_TOKEN_USER}}","type":"text"},{"key":"Accept","value":"application/json","type":"text"},{"key":"Content-Type","value":"application/json","type":"text"}],"url":{"raw":"https://vc2cmmka317391n.fmrco.com:20013/universeService/v1/universeDefinition/a485047/id/8e498228-67c5-465a-a5c2-2e2dc15d6d31","protocol":"https","host":["vc2cmmka317391n","fmrco","com"],"port":"20013","path":["universeService","v1","universeDefinition","a485047","id","8e498228-67c5-465a-a5c2-2e2dc15d6d31"]}},"response":[]},{"name":"https://localhost:8443/pricetarget-service/v1/priceTarget?corpId=a485047&universeId=8e498228-67c5-465a-a5c2-2e2dc15d6d31","id":"39971784-f073-4893-b278-3f822efa8f9c","request":{"method":"GET","header":[{"key":"Authorization","value":"Bearer {{OAUTH_TOKEN_USER}}","type":"text","disabled":true},{"key":"Accept","value":"application/json","type":"text"},{"key":"Content-Type","value":"application/json","type":"text"}],"url":{"raw":"https://localhost:8443/pricetarget-service/v1/priceTarget?corpId=a485047&universeId=8e498228-67c5-465a-a5c2-2e2dc15d6d31","protocol":"https","host":["localhost"],"port":"8443","path":["pricetarget-service","v1","priceTarget"],"query":[{"key":"corpId","value":"a485047"},{"key":"universeId","value":"8e498228-67c5-465a-a5c2-2e2dc15d6d31"}]}},"response":[]}]}