{"info":{"_postman_id":"cec50a86-41c0-002b-c729-65cb7b6836d8","name":"SelectCoService","schema":"https://schema.getpostman.com/json/collection/v2.1.0/collection.json"},"item":[{"name":"PortfolioSummaries","id":"d30b6806-dd00-57d8-bfe6-ac0ae6e55256","request":{"method":"GET","header":[{"key":"OAM_REMOTE_USER","value":"a485047"}],"body":{"mode":"formdata","formdata":[]},"url":{"raw":"http://localhost:8080/selectco-services/portfolioSummaries/87336","protocol":"http","host":["localhost"],"port":"8080","path":["selectco-services","portfolioSummaries","87336"]}},"response":[]},{"name":"CombinedHoldings","id":"90ee8e10-37e9-2f68-69d3-f864cb1e23ff","request":{"method":"GET","header":[],"body":{"mode":"formdata","formdata":[]},"url":{"raw":"http://vc2cmmkb101248n.fmrco.com:20010/advrptng-selectco-service/combinedHolding/87336","protocol":"http","host":["vc2cmmkb101248n","fmrco","com"],"port":"20010","path":["advrptng-selectco-service","combinedHolding","87336"]}},"response":[]},{"name":"Fiunds","id":"02ddb7c9-66d7-9ea2-86cc-d8dbec19592d","request":{"method":"GET","header":[],"body":{"mode":"formdata","formdata":[]},"url":{"raw":"http://nemosvc-prod.fmrco.com/nemosvc/v1/fundDetails","protocol":"http","host":["nemosvc-prod","fmrco","com"],"path":["nemosvc","v1","fundDetails"]}},"response":[]},{"name":"SuitabilityComplianceData","id":"15c91723-163c-c3c8-3b3c-586eac330258","request":{"method":"GET","header":[],"body":{"mode":"formdata","formdata":[]},"url":{"raw":"http://vc2cmmkb101248n.fmrco.com:20010/advrptng-selectco-service/suitabilityComplianceData/87336","protocol":"http","host":["vc2cmmkb101248n","fmrco","com"],"port":"20010","path":["advrptng-selectco-service","suitabilityComplianceData","87336"]}},"response":[]},{"name":"SuitabilityTBAnalytics","id":"e16c0b59-7ebd-f25d-3f4f-fe893f8f2ef8","request":{"method":"GET","header":[],"body":{"mode":"formdata","formdata":[]},"url":{"raw":"http://vc2cmmkb101248n.fmrco.com:20010/advrptng-selectco-service/suitabilityTBAnalytics/87336","protocol":"http","host":["vc2cmmkb101248n","fmrco","com"],"port":"20010","path":["advrptng-selectco-service","suitabilityTBAnalytics","87336"]}},"response":[]},{"name":"SuitabilityDailyStats","id":"e7aadcad-0b0a-427c-4bef-6f3f46fcfbb6","request":{"method":"GET","header":[],"body":{"mode":"formdata","formdata":[]},"url":{"raw":"http://vc2cmmkb101248n.fmrco.com:20010/advrptng-selectco-service/suitabilityDailyStats/87336","protocol":"http","host":["vc2cmmkb101248n","fmrco","com"],"port":"20010","path":["advrptng-selectco-service","suitabilityDailyStats","87336"]}},"response":[]},{"name":"SuitabilityTB","id":"488d4452-fea1-29bd-a1db-d73582a6191f","request":{"method":"GET","header":[],"body":{"mode":"formdata","formdata":[]},"url":{"raw":"http://vc2cmmkb101248n.fmrco.com:20010/advrptng-selectco-service/suitabilityTB/87336","protocol":"http","host":["vc2cmmkb101248n","fmrco","com"],"port":"20010","path":["advrptng-selectco-service","suitabilityTB","87336"]}},"response":[]},{"name":"PMTargetData","id":"eb421265-732a-15aa-7cde-cbda11b39731","request":{"method":"GET","header":[],"body":{"mode":"formdata","formdata":[]},"url":{"raw":"http://vc2cmmkb101248n.fmrco.com:20010/advrptng-selectco-service/portfolio/87336","protocol":"http","host":["vc2cmmkb101248n","fmrco","com"],"port":"20010","path":["advrptng-selectco-service","portfolio","87336"]}},"response":[]},{"name":"TickerValidation","id":"e326b1a0-386b-3941-6962-076dd46bff0c","request":{"method":"GET","header":[],"body":{"mode":"formdata","formdata":[]},"url":{"raw":"http://localhost:8080/selectco-services/Ticker/XDC.TO","protocol":"http","host":["localhost"],"port":"8080","path":["selectco-services","Ticker","XDC.TO"]}},"response":[]},{"name":"Ticker-DIT","id":"8c4e0985-b822-fa5b-e958-b763a895158e","request":{"method":"GET","header":[],"body":{"mode":"formdata","formdata":[]},"url":{"raw":"http://vc2cmmkb101248n.fmrco.com:20010/advrptng-selectco-service/Ticker/25642","protocol":"http","host":["vc2cmmkb101248n","fmrco","com"],"port":"20010","path":["advrptng-selectco-service","Ticker","25642"]}},"response":[]},{"name":"Delete-PMTargetData-Local","id":"97677d9a-1fa1-f8c8-5057-1c7b6f1c3333","request":{"method":"DELETE","header":[],"body":{"mode":"formdata","formdata":[]},"url":{"raw":"https://vc2cmmka121215n.fmrco.com:20013/nemosvc/v1/portfolio/87337","protocol":"https","host":["vc2cmmka121215n","fmrco","com"],"port":"20013","path":["nemosvc","v1","portfolio","87337"]}},"response":[]},{"name":"PMTargetData-Local","id":"7750e217-a437-0d41-7692-007762b5b215","request":{"method":"GET","header":[],"body":{"mode":"formdata","formdata":[]},"url":{"raw":"http://localhost:8080/selectco-services/portfolio/87336","protocol":"http","host":["localhost"],"port":"8080","path":["selectco-services","portfolio","87336"]}},"response":[]},{"name":"UAT- SavePMData","id":"e7c73cd4-9ad8-5408-25d9-20e7023a7f2b","request":{"method":"POST","header":[{"key":"Accept","value":"application/json"},{"key":"Content-Type","value":"application/json"}],"body":{"mode":"raw","raw":""},"url":{"raw":"http://vc2cmmkb101248n.fmrco.com:20010/advrptng-selectco-service/portfolio","protocol":"http","host":["vc2cmmkb101248n","fmrco","com"],"port":"20010","path":["advrptng-selectco-service","portfolio"]}},"response":[]},{"name":"UAT- SavePMData copy","id":"26481831-5bed-2ca4-48df-128057194f9f","request":{"method":"POST","header":[{"key":"Accept","value":"application/json"},{"key":"Content-Type","value":"application/json"}],"body":{"mode":"raw","raw":""},"url":{"raw":"http://nemosvc-uat.fmrco.com/nemosvc/v1/portfolio","protocol":"http","host":["nemosvc-uat","fmrco","com"],"path":["nemosvc","v1","portfolio"]}},"response":[]},{"name":"Local-PMSaveData","id":"b0676171-ef3f-34c1-deda-fd04be857298","request":{"method":"POST","header":[{"key":"Accept","value":"application/json"},{"key":"Content-Type","value":"application/json"}],"body":{"mode":"raw","raw":""},"url":{"raw":"http://localhost:8080/selectco-services/portfolio","protocol":"http","host":["localhost"],"port":"8080","path":["selectco-services","portfolio"]}},"response":[]},{"name":"UAT- SavePMData copy","id":"8f13c972-9937-078b-f637-c54ca1f38e88","request":{"method":"POST","header":[{"key":"Accept","value":"application/json"},{"key":"Content-Type","value":"application/json"}],"body":{"mode":"raw","raw":""},"url":{"raw":"http://nemosvc-uat.fmrco.com/nemosvc/v1/portfolio","protocol":"http","host":["nemosvc-uat","fmrco","com"],"path":["nemosvc","v1","portfolio"]}},"response":[]},{"name":"UAT- SavePMData copy","id":"d26f3d13-c4c6-6751-0a01-5076457f8997","request":{"method":"POST","header":[{"key":"Accept","value":"application/json"},{"key":"Content-Type","value":"application/json"}],"body":{"mode":"raw","raw":""},"url":{"raw":"http://vc2cmmkb101248n.fmrco.com:20010/advrptng-selectco-service/portfolio","protocol":"http","host":["vc2cmmkb101248n","fmrco","com"],"port":"20010","path":["advrptng-selectco-service","portfolio"]}},"response":[]},{"name":"Local- SavePMData copy","id":"41e83189-1bea-166f-cacc-d47883cb28bd","request":{"method":"POST","header":[{"key":"Accept","value":"application/json"},{"key":"Content-Type","value":"application/json"}],"body":{"mode":"raw","raw":""},"url":{"raw":"http://localhost:8080/selectco-services/portfolio","protocol":"http","host":["localhost"],"port":"8080","path":["selectco-services","portfolio"]}},"response":[]},{"name":"CombinedHoldings local","id":"36d1b2c1-55eb-5a09-a9ec-e145eba93b49","request":{"method":"GET","header":[],"body":{"mode":"formdata","formdata":[]},"url":{"raw":"http://localhost:8080/selectco-services/combinedHolding/87336","protocol":"http","host":["localhost"],"port":"8080","path":["selectco-services","combinedHolding","87336"]}},"response":[]}]}