{"info":{"_postman_id":"cf2418c7-7185-f9e2-e41b-d748f8a03645","name":"PPSProfile Service","schema":"https://schema.getpostman.com/json/collection/v2.1.0/collection.json"},"item":[{"name":"FundPages-ListOfFundPages","id":"68966c23-0035-4359-c11b-f68a192becfc","request":{"method":"GET","header":[],"body":{"mode":"formdata","formdata":[]},"url":{"raw":"https://vc2cmmka115419n.fmrco.com:20013/contentmgmt/v1/fundpages?corpID=a000168","protocol":"https","host":["vc2cmmka115419n","fmrco","com"],"port":"20013","path":["contentmgmt","v1","fundpages"],"query":[{"key":"corpID","value":"a000168"}]}},"response":[]},{"name":"http://localhost:8080/contentmgmt-services/fundpagedocuments?corpID=a000168&pageID=3","id":"bd336a31-e5da-ca08-d5de-07427dc5e3c0","request":{"method":"GET","header":[],"body":{"mode":"formdata","formdata":[]},"url":{"raw":"https://advrptngcontentmgmt-uat.fmrco.com/contentmgmt/v1/fundpagedocuments?corpID=a000168&pageID=3","protocol":"https","host":["advrptngcontentmgmt-uat","fmrco","com"],"path":["contentmgmt","v1","fundpagedocuments"],"query":[{"key":"corpID","value":"a000168"},{"key":"pageID","value":"3"}]}},"response":[]},{"name":"https://ppsprofile.fmrco.com/ppsprofile/fundpages?corpID=","id":"2fc9b64c-5b72-ba48-74f7-ec84ac26d47e","request":{"method":"GET","header":[],"body":{"mode":"formdata","formdata":[]},"url":{"raw":"https://ppsprofile.fmrco.com/ppsprofile/fundpages?corpID=a000168","protocol":"https","host":["ppsprofile","fmrco","com"],"path":["ppsprofile","fundpages"],"query":[{"key":"corpID","value":"a000168"}]}},"response":[]}]}