{"info":{"_postman_id":"d35afee2-0139-847c-f6b8-65aa5cb2c609","name":"ACM-Notification","schema":"https://schema.getpostman.com/json/collection/v2.1.0/collection.json"},"item":[{"name":"GetUserSubscription-UAT","id":"33639833-08e3-ab19-aaf5-af47cc737f89","request":{"method":"GET","header":[],"body":{"mode":"formdata","formdata":[]},"url":{"raw":"https://advrptngcontentmgmt-prod.fmrco.com/contentmgmt/v1/subscriptions?location=AUS&schedule=SOD&adhocReportType=INTRADAY_PERF_SF;INTRADAY_PERF_MF","protocol":"https","host":["advrptngcontentmgmt-prod","fmrco","com"],"path":["contentmgmt","v1","subscriptions"],"query":[{"key":"location","value":"AUS"},{"key":"schedule","value":"SOD"},{"key":"adhocReportType","value":"INTRADAY_PERF_SF;INTRADAY_PERF_MF"}]}},"response":[]},{"name":"GetUserSubscription-UAT Copy","id":"35455889-1654-481e-b394-538621801536","request":{"method":"GET","header":[],"body":{"mode":"formdata","formdata":[]},"url":{"raw":"https://advrptngcontentmgmt-prod.fmrco.com/contentmgmt/v1/subscriptions?location=BOS&schedule=SOD&adhocReportType=INTRADAY_PERF_SF;INTRADAY_PERF_MF","protocol":"https","host":["advrptngcontentmgmt-prod","fmrco","com"],"path":["contentmgmt","v1","subscriptions"],"query":[{"key":"location","value":"BOS"},{"key":"schedule","value":"SOD"},{"key":"adhocReportType","value":"INTRADAY_PERF_SF;INTRADAY_PERF_MF"}]}},"response":[]},{"name":"GetUserSubscription-local","id":"c4f5ed9f-c202-482b-83b9-789582bd6011","request":{"method":"GET","header":[],"body":{"mode":"formdata","formdata":[]},"url":{"raw":"http://localhost:8080/contentmgmt-services/subscriptions?location=BOS&schedule=HOURLY&adhocReportType=INTRADAY_PERF_SF;INTRADAY_PERF_MF","protocol":"http","host":["localhost"],"port":"8080","path":["contentmgmt-services","subscriptions"],"query":[{"key":"location","value":"BOS"},{"key":"schedule","value":"HOURLY"},{"key":"adhocReportType","value":"INTRADAY_PERF_SF;INTRADAY_PERF_MF"}]}},"response":[]},{"name":"Notify-UAT","id":"d1c85027-6fd3-146d-ea61-3a89c21ae6f1","request":{"method":"POST","header":[{"key":"Content-Type","value":"application/json"},{"key":"x-fimt-generic-hostname","value":"notificationhandler-sit-fmrco.com"},{"key":"x-fimt-generic-ip-address","value":"10.109.160.40"},{"key":"OAM_REMOTE_USER","value":"a265447"},{"key":"Accept","value":"application/json"}],"body":{"mode":"raw","raw":"{\n            \"id\": null,\n            \"corpId\": \"a518149\",\n            \"location\": {\n                \"id\": 1,\n                \"name\": \"BOS\"\n            },\n            \"schedule\": {\n                \"id\": 5,\n                \"name\": \"HOURLY\"\n            },\n            \"reportType\": {\n                \"id\": 371881,\n                \"name\": \"INTRADAY_PERF_MF\"\n            },\n            \"portfolio\": [\n                {\n                    \"id\": 663,\n                    \"idType\": \"MULTI_FUND_GROUP\",\n                    \"applyFX\": false,\n                    \"cashSummary\": true\n                },\n                {\n                    \"id\": 8248,\n                    \"idType\": \"MULTI_FUND_GROUP\",\n                    \"applyFX\": false,\n                    \"cashSummary\": true\n                },\n                {\n                    \"id\": 12459,\n                    \"idType\": \"MULTI_FUND_GROUP\",\n                    \"applyFX\": false,\n                    \"cashSummary\": true\n                },\n                {\n                    \"id\": 12460,\n                    \"idType\": \"MULTI_FUND_GROUP\",\n                    \"applyFX\": false,\n                    \"cashSummary\": true\n                },\n                {\n                    \"id\": 11132,\n                    \"idType\": \"MULTI_FUND_GROUP\",\n                    \"applyFX\": true,\n                    \"cashSummary\": true\n                }\n            ]\n        }"},"url":{"raw":"http://localhost:8080/contentmgmt-services/notify","protocol":"http","host":["localhost"],"port":"8080","path":["contentmgmt-services","notify"]}},"response":[]},{"name":"Notify-AUS","id":"83baccf8-0b94-d697-e2b2-e25a0e0affc4","request":{"method":"POST","header":[{"key":"Content-Type","value":"application/json"},{"key":"x-fimt-generic-hostname","value":"notificationhandler-sit-fmrco.com"},{"key":"x-fimt-generic-ip-address","value":"10.109.160.40"},{"key":"OAM_REMOTE_USER","value":"a265447"},{"key":"Accept","value":"application/json"}],"body":{"mode":"raw","raw":"{\r\n            \"id\": null,\r\n            \"corpId\": \"a265447\",\r\n            \"location\": {\r\n                \"id\": 5,\r\n                \"name\": \"AUS\"\r\n            },\r\n            \"portfolio\": [\r\n                {\r\n                    \"id\": 47686,\r\n                    \"applyFX\": false\r\n                },\r\n                {\r\n                    \"id\": 12500,\r\n                    \"applyFX\": false\r\n                }\r\n            ]\r\n        }"},"url":{"raw":"http://localhost:8080/contentmgmt-services/notify","protocol":"http","host":["localhost"],"port":"8080","path":["contentmgmt-services","notify"]}},"response":[]},{"name":"Notify-MF","id":"9308de04-868a-b318-71c7-db74e1db3c99","request":{"method":"POST","header":[{"key":"Content-Type","value":"application/json"},{"key":"x-fimt-generic-hostname","value":"notificationhandler-sit-fmrco.com"},{"key":"x-fimt-generic-ip-address","value":"10.109.160.40"},{"key":"OAM_REMOTE_USER","value":"a485047","disabled":true},{"key":"Accept","value":"application/json"}],"body":{"mode":"raw","raw":"{\r\n            \"id\": null,\r\n            \"corpId\": \"a485047\",\r\n            \"location\": {\r\n                \"id\": 1,\r\n                \"name\": \"BOS\"\r\n            },\r\n            \"schedule\": {\r\n                \"id\": 1,\r\n                \"name\": \"SOD\"\r\n            },\r\n            \"reportType\": {\r\n                \"id\": 371881,\r\n                \"name\": \"INTRADAY_PERF_MF\"\r\n            },\r\n            \"portfolio\": [\r\n               \r\n                {\r\n                    \"id\": 646,\r\n                    \"idType\": \"MULTI_FUND_GROUP\",\r\n                    \"applyFX\": true\r\n                }\r\n            ]\r\n        }"},"url":{"raw":"http://vc2cmmka082907n.fmrco.com:20010/contentmgmt/v1/notify","protocol":"http","host":["vc2cmmka082907n","fmrco","com"],"port":"20010","path":["contentmgmt","v1","notify"]}},"response":[]},{"name":"Notify-MF SIT","id":"f4e8c585-972c-078d-e5ca-104308ff0bf5","request":{"method":"POST","header":[{"key":"Content-Type","value":"application/json"},{"key":"x-fimt-generic-hostname","value":"notificationhandler-sit-fmrco.com"},{"key":"x-fimt-generic-ip-address","value":"10.109.160.40"},{"key":"OAM_REMOTE_USER","value":"a265447"},{"key":"Accept","value":"application/json"}],"body":{"mode":"raw","raw":"{\r\n            \"id\": null,\r\n            \"corpId\": \"a573415\",\r\n            \"location\": {\r\n                \"id\": 1,\r\n                \"name\": \"BOS\"\r\n            },\r\n            \"schedule\": {\r\n                \"id\": 1,\r\n                \"name\": \"SOD\"\r\n            },\r\n            \"reportType\": {\r\n                \"id\": 371881,\r\n                \"name\": \"INTRADAY_PERF_MF\"\r\n            },\r\n            \"portfolio\": [\r\n               \r\n                {\r\n                    \"id\": 646,\r\n                    \"idType\": \"MULTI_FUND_GROUP\",\r\n                    \"applyFX\": true\r\n                }\r\n            ]\r\n        }"},"url":{"raw":"http://localhost:8080/contentmgmt-services/notify","protocol":"http","host":["localhost"],"port":"8080","path":["contentmgmt-services","notify"]}},"response":[]},{"name":"Notify-MF SIT Copy","id":"7c92bb87-3202-43f6-84e6-39679693a0a6","protocolProfileBehavior":{"disableBodyPruning":true},"request":{"method":"GET","header":[{"key":"Content-Type","value":"application/json"},{"key":"x-fimt-generic-hostname","value":"notificationhandler-sit-fmrco.com"},{"key":"x-fimt-generic-ip-address","value":"10.109.160.40"},{"key":"Authorization","value":"Bearer nZddOW3sxPoMEm6fHdXBBN1hVuJr891UBHBW2Cs4w7FFdEsjBc25zG"},{"key":"Accept","value":"application/json"}],"body":{"mode":"raw","raw":"{\n            \"id\": null,\n            \"corpId\": \"a485047\",\n            \"location\": {\n                \"id\": 1,\n                \"name\": \"BOS\"\n            },\n            \"schedule\": {\n                \"id\": 1,\n                \"name\": \"SOD\"\n            },\n            \"reportType\": {\n                \"id\": 371881,\n                \"name\": \"INTRADAY_PERF_MF\"\n            },\n            \"portfolio\": [\n                {\n                    \"id\": 8311,\n                    \"idType\": \"MULTI_FUND_GROUP\",\n                    \"applyFX\": false,\n                    \"cashSummary\": true\n                }\n            ]\n        }"},"url":{"raw":"http://localhost:8080/contentmgmt-services/api/v3/subscriptions?location=BOS&schedule=HOURLY&adhocReportType=INTRADAY_PERF_SF;INTRADAY_PERF_MF","protocol":"http","host":["localhost"],"port":"8080","path":["contentmgmt-services","api","v3","subscriptions"],"query":[{"key":"location","value":"BOS"},{"key":"schedule","value":"HOURLY"},{"key":"adhocReportType","value":"INTRADAY_PERF_SF;INTRADAY_PERF_MF"}]}},"response":[]},{"name":"https://personalization-sit:20013/personalization/v1/report-subscriptions//retrieve-all/?schedule-code=SOD&location-code=BOS&report-types=INTRADAY_PERF_SF;INTRADAY_PERF_MF","id":"9acdffe4-ea35-a04c-9994-f4c64ee0c14f","request":{"method":"GET","header":[{"key":"Content-Type","value":"application/json"},{"key":"x-fimt-generic","value":"yes"},{"key":"x-fimt-generic-application-id","value":"AP119702"},{"key":"x-fimt-generic-module","value":"MultiPortfolio"},{"key":"x-fimt-generic-action","value":"Load"},{"key":"x-request-identity","value":"wsfmr_cid"},{"key":"x-request-identity-sender-name","value":"EWS3.0"},{"key":"Accept","value":"application/json"},{"key":"Authorization","value":"Bearer Cp4tMg5mKU0PiaUxhb31sJ538IpvgkE0H5efTtuEAfEHJol1KkOtD6"}],"body":{"mode":"raw","raw":""},"url":{"raw":"https://personalization-sit:20013/personalization/v1/report-subscriptions//retrieve-all/?schedule-code=SOD&location-code=BOS&report-types=INTRADAY_PERF_SF;INTRADAY_PERF_MF","protocol":"https","host":["personalization-sit"],"port":"20013","path":["personalization","v1","report-subscriptions","","retrieve-all",""],"query":[{"key":"schedule-code","value":"SOD"},{"key":"location-code","value":"BOS"},{"key":"report-types","value":"INTRADAY_PERF_SF;INTRADAY_PERF_MF"}]}},"response":[]},{"name":"Request-MultiFund","id":"5724c9de-95b2-93c5-4ff6-91c0ad00f436","request":{"method":"GET","header":[],"body":{"mode":"formdata","formdata":[]},"url":{"raw":"http://localhost:8080/contentmgmt-services/subscriptions?location=BOS&schedule=SOD&adhocReportType=INTRADAY_PERF_SF;INTRADAY_PERF_MF","protocol":"http","host":["localhost"],"port":"8080","path":["contentmgmt-services","subscriptions"],"query":[{"key":"location","value":"BOS"},{"key":"schedule","value":"SOD"},{"key":"adhocReportType","value":"INTRADAY_PERF_SF;INTRADAY_PERF_MF"}]}},"response":[]},{"name":"https://advrptngcontentmgmt-prod.fmrco.com/contentmgmt/v1/subscriptions?location=BOS&schedule=SOD&adhocReportType=INTRADAY_PERF_SF","id":"a1d5060f-48c7-c014-b5b1-12d9a11c4c64","request":{"method":"GET","header":[],"body":{"mode":"formdata","formdata":[]},"url":{"raw":"https://advrptngcontentmgmt-prod.fmrco.com/contentmgmt/v1/subscriptions?location=BOS&schedule=SOD&adhocReportType=INTRADAY_PERF_SF","protocol":"https","host":["advrptngcontentmgmt-prod","fmrco","com"],"path":["contentmgmt","v1","subscriptions"],"query":[{"key":"location","value":"BOS"},{"key":"schedule","value":"SOD"},{"key":"adhocReportType","value":"INTRADAY_PERF_SF"}]}},"response":[]},{"name":"http://localhost:8080/selectco-services/TradeableEntityId/15629229","id":"5fdcb69c-3325-4bf6-ee1f-af24fbcfdc7e","request":{"method":"GET","header":[],"body":{"mode":"formdata","formdata":[]},"url":{"raw":"http://localhost:8080/selectco-services/TradeableEntityId/15629229","protocol":"http","host":["localhost"],"port":"8080","path":["selectco-services","TradeableEntityId","15629229"]}},"response":[]},{"name":"https://tradable-entities-sit.fmrco.com:20013/tradable-entities/v1/?teIds=1638703;&field-sets=market-data;reference;identifiers;request-info;prices;&latest-price-currencies=USD&close-price-currencies=USD&best-price-currencies=USD","id":"eaa839a8-8db3-d8be-85ad-27d331ce24cd","request":{"method":"GET","header":[],"body":{"mode":"formdata","formdata":[]},"url":{"raw":"https://tradable-entities-sit.fmrco.com:20013/tradable-entities/v1/?teIds=1638703;&field-sets=market-data;reference;identifiers;request-info;prices;&latest-price-currencies=USD&close-price-currencies=USD&best-price-currencies=USD","protocol":"https","host":["tradable-entities-sit","fmrco","com"],"port":"20013","path":["tradable-entities","v1",""],"query":[{"key":"teIds","value":"1638703;"},{"key":"field-sets","value":"market-data;reference;identifiers;request-info;prices;"},{"key":"latest-price-currencies","value":"USD"},{"key":"close-price-currencies","value":"USD"},{"key":"best-price-currencies","value":"USD"}]}},"response":[]},{"name":"https://vc2cmmka115419n.fmrco.com:20013/contentmgmt/v1/notify","id":"43ee2a57-294b-eab0-fa92-e7119c09e338","request":{"method":"POST","header":[{"key":"Content-Type","value":"application/json"}],"body":{"mode":"raw","raw":"{\r\n            \"id\": null,\r\n            \"corpId\": \"a265447\",\r\n            \"location\": {\r\n                \"id\": 5,\r\n                \"name\": \"AUS\"\r\n            },\r\n            \"portfolio\": [\r\n                {\r\n                    \"id\": 47686,\r\n                    \"applyFX\": false\r\n                },\r\n                {\r\n                    \"id\": 12500,\r\n                    \"applyFX\": false\r\n                }\r\n            ]\r\n        }"},"url":{"raw":"https://vc2cmmka115419n.fmrco.com:20013/contentmgmt/v1/notify","protocol":"https","host":["vc2cmmka115419n","fmrco","com"],"port":"20013","path":["contentmgmt","v1","notify"]}},"response":[]},{"name":"http://vc2cmmka115419n.fmrco.com:20010/contentmgmt/v1/document/EQTRDEXCPLON_DLY_20171031.pdf.json\n","id":"c498cdbe-27e0-5c09-7355-48cf12828d74","request":{"method":"GET","header":[],"body":{"mode":"formdata","formdata":[]},"url":{"raw":"http://vc2cmmka115419n.fmrco.com:20010/contentmgmt/v1/document/EQTRDEXCPLON_DLY_20171031.pdf.json\n","protocol":"http","host":["vc2cmmka115419n","fmrco","com"],"port":"20010","path":["contentmgmt","v1","document","EQTRDEXCPLON_DLY_20171031.pdf.json\n"]}},"response":[]},{"name":"https://send-dit.fmrco.com/send/v2/notification?app=HITS","id":"8492849e-eace-c302-ffb6-e8c51c02bf98","request":{"method":"POST","header":[{"key":"Content-Type","value":"multipart/form-data"}],"body":{"mode":"formdata","formdata":[{"key":"notificationSetting","value":"<?xml version=\"1.0\" encoding=\"UTF-8\" standalone=\"yes\"?>\n<notificationSettings>\n    <emailNotification>\n        <reportDatas>\n            <reportId>Report1</reportId>\n            <reportName>TestReportName</reportName>\n        </reportDatas>\n        <subject>Test subject</subject>\n        <body>Test Body</body>\n        <includeAttachments>false</includeAttachments>\n        <toRecipients>\n            <emailAddress>a485047@fmr.com</emailAddress>\n        </toRecipients>\n        <enableSimpleTextBody>true</enableSimpleTextBody>\n    </emailNotification>\n</notificationSettings>\n","type":"text"}]},"url":{"raw":"https://send-dit.fmrco.com/send/v2/notification?app=HITS","protocol":"https","host":["send-dit","fmrco","com"],"path":["send","v2","notification"],"query":[{"key":"app","value":"HITS"}]}},"response":[]},{"name":"https://reportcatalogsvc-sit.fmrco.com/reportcatalogservices/v1/schedules/30175","id":"bcd5c78c-e177-e8e8-c5a9-1118e968040b","protocolProfileBehavior":{"disableBodyPruning":true},"request":{"method":"DELETE","header":[{"key":"OAM_REMOTE_USER","value":"a485047","type":"text"}],"url":{"raw":"https://reportcatalogsvc.fmrco.com/reportcatalogservices/v1/schedule?","protocol":"https","host":["reportcatalogsvc","fmrco","com"],"path":["reportcatalogservices","v1","schedule"],"query":[{"key":"","value":null}]}},"response":[]},{"name":"https://send-dit.fmrco.com/send/v2/executeMultiple?app=MMW2","id":"ead529d0-a22f-25f6-86eb-e9b52c5ab72c","request":{"method":"POST","header":[{"key":"Content-Type","value":"application/xml"}],"body":{"mode":"raw","raw":"<?xml version=\"1.0\" encoding=\"UTF-8\" standalone=\"yes\"?>\r\n<sendRequest>\r\n  <execution>\r\n                <reports>\r\n                                <id>1</id>\r\n                                <name>MMKTWKLY_TAX_PERF_EXT</name>\r\n                                <executionFileName>MMKTWKLY_TAX_PERF_EXT.xdo</executionFileName>\r\n                                <path>/PRCASH/</path>\r\n                                <format>text</format>\r\n                                <executionMode>ASYNC</executionMode>\r\n                                <impersonate>a403179</impersonate>\r\n                                <outputFileName>tax_perf_120117.txt</outputFileName>\r\n                                <templateName>Layout1</templateName> <!-- Fill OBIEE Template name -->\r\n                                <parameters>\r\n                                                <name>p_as_of_date</name>\r\n                                                <value>12/01/15</value>\r\n                                </parameters> \r\n                </reports> \r\n  </execution>\r\n  <!--\r\n  <notificationConfig>\r\n    <emailNotification>\r\n      <reportDatas>\r\n        <reportId>1</reportId>\r\n        <reportName>MMKTWKLY_TAX_PERF_EXT</reportName>\r\n      </reportDatas>\r\n      <subject>Testing SENDv2</subject>\r\n      <body>\r\n                                                <![CDATA[\r\n                                                                <html>\r\n                                                                                <body>\r\n                                                                                                Test Send V2\r\n                                                                                </body>\r\n                                                                </html>\r\n                                                ]]>          \r\n                  </body>\r\n      <includeAttachments>true</includeAttachments>\r\n                  <enableSimpleTextBody>true</enableSimpleTextBody> \r\n      <toRecipients>\r\n        <emailAddress>a403179@fmr.com</emailAddress>\r\n      </toRecipients>\r\n      <fromRecipient>a403179@fmr.com</fromRecipient>\r\n    </emailNotification>\r\n  </notificationConfig>\r\n  -->\r\n  <deliveryConfig>\r\n    <sharepointDeliveries>\r\n                  <reportData>\r\n        <id>1</id>\r\n        <fileName>tax_perf_120118</fileName>\r\n        <contentType>text/plain; charset=UTF-8</contentType>\r\n        <folderName>Documents</folderName>\r\n        <subFolderName>NO_SUBFOLDER</subFolderName>\r\n                  </reportData>                \r\n                  <serviceAccountName>cash_rpt_devusr</serviceAccountName>\r\n                  <hostName>amapp.webdev.fmrco.com</hostName>\r\n    </sharepointDeliveries>\r\n  </deliveryConfig>\r\n</sendRequest>\r\n"},"url":{"raw":"https://send-dit.fmrco.com/send/v2/executeMultiple?app=MMW2","protocol":"https","host":["send-dit","fmrco","com"],"path":["send","v2","executeMultiple"],"query":[{"key":"app","value":"MMW2"}]}},"response":[]},{"name":"http://globalcash-uat.fmrco.com/CCService/resource/projectedcash/EWS?portfolioIds=617&offsetNumber=3&tradesPref=EXEC&futuresPref=Hide&currency=USD&forwardPref=Hide&equivPref=Hide&fxPref=Hide&showLowestProjectedCash=HIDE&cashLogic=RUNNING\n","id":"0a0a124f-19dc-fae5-c467-4f6a0252917a","request":{"method":"GET","header":[],"body":{"mode":"formdata","formdata":[]},"url":{"raw":"http://globalcash-uat.fmrco.com/CCService/resource/projectedcash/EWS?portfolioIds=617&offsetNumber=3&tradesPref=EXEC&futuresPref=Hide&currency=USD&forwardPref=Hide&equivPref=Hide&fxPref=Hide&showLowestProjectedCash=HIDE&cashLogic=RUNNING\n","protocol":"http","host":["globalcash-uat","fmrco","com"],"path":["CCService","resource","projectedcash","EWS"],"query":[{"key":"portfolioIds","value":"617"},{"key":"offsetNumber","value":"3"},{"key":"tradesPref","value":"EXEC"},{"key":"futuresPref","value":"Hide"},{"key":"currency","value":"USD"},{"key":"forwardPref","value":"Hide"},{"key":"equivPref","value":"Hide"},{"key":"fxPref","value":"Hide"},{"key":"showLowestProjectedCash","value":"HIDE"},{"key":"cashLogic","value":"RUNNING\n"}]}},"response":[]},{"name":"http://vc2cmmkb269021n.fmrco.com:20010/send/v2/executeMultiple?app=ADVRPTNG","id":"1d8c3c62-b984-d12f-3c78-5e64e50f1b2b","request":{"method":"POST","header":[{"key":"Content-Type","value":"application/json"}],"body":{"mode":"raw","raw":"{\r\n    \"execution\": {\r\n        \"reports\": [\r\n            {\r\n                \"id\": \"70241\",\r\n                \"name\": \"SecLend_BankEarn_GSCO.pdf\",\r\n                \"executionFileName\": \"SL004 Bank Earnings.xdo\",\r\n                \"executionApplication\": null,\r\n                \"path\": \"/Publisher Reports/Reports - Security Lending/\",\r\n                \"format\": \"pdf\",\r\n                \"userName\": null,\r\n                \"executionMode\": \"ASYNC\",\r\n                \"requestMethod\": null,\r\n                \"startDate\": null,\r\n                \"impersonate\": \"a032489\",\r\n                \"outputFileName\": \"SecLend_BankEarn_GSCO.pdf\",\r\n                \"templateName\": \"PDF\",\r\n                \"parameters\": [\r\n                    {\r\n                        \"name\": \"P_RPT_TYPE\",\r\n                        \"value\": \"Monthly\"\r\n                    },\r\n                    {\r\n                        \"name\": \"P_BROKER_CD\",\r\n                        \"value\": \"GSCO\"\r\n                    },\r\n                    {\r\n                        \"name\": \"P_RPT_DT\",\r\n                        \"value\": \"20170606\"\r\n                    }\r\n                ]\r\n            },\r\n            {\r\n                \"id\": \"70243\",\r\n                \"name\": \"SecLend_3yrPerf_GSCO.pdf\",\r\n                \"executionFileName\": \"SL003 3-year Performance.xdo\",\r\n                \"executionApplication\": null,\r\n                \"path\": \"/Publisher Reports/Reports - Security Lending/\",\r\n                \"format\": \"pdf\",\r\n                \"userName\": null,\r\n                \"executionMode\": \"ASYNC\",\r\n                \"requestMethod\": null,\r\n                \"startDate\": null,\r\n                \"impersonate\": \"a032489\",\r\n                \"outputFileName\": \"SecLend_3yrPerf_GSCO.pdf\",\r\n                \"templateName\": \"PDF\",\r\n                \"parameters\": [\r\n                    {\r\n                        \"name\": \"P_RPT_TYPE\",\r\n                        \"value\": \"Monthly\"\r\n                    },\r\n                    {\r\n                        \"name\": \"P_BROKER_CD\",\r\n                        \"value\": \"GSCO\"\r\n                    },\r\n                    {\r\n                        \"name\": \"P_RPT_DT\",\r\n                        \"value\": \"20170606\"\r\n                    }\r\n                ]\r\n            },\r\n            {\r\n                \"id\": \"70247\",\r\n                \"name\": \"SecLend_SummMgmt_GSCO.pdf\",\r\n                \"executionFileName\": \"SL001 Summary Management.xdo\",\r\n                \"executionApplication\": null,\r\n                \"path\": \"/Publisher Reports/Reports - Security Lending/\",\r\n                \"format\": \"pdf\",\r\n                \"userName\": null,\r\n                \"executionMode\": \"ASYNC\",\r\n                \"requestMethod\": null,\r\n                \"startDate\": null,\r\n                \"impersonate\": \"a032489\",\r\n                \"outputFileName\": \"SecLend_SummMgmt_GSCO.pdf\",\r\n                \"templateName\": \"PDF\",\r\n                \"parameters\": [\r\n                    {\r\n                        \"name\": \"P_RPT_TYPE\",\r\n                        \"value\": \"Monthly\"\r\n                    },\r\n                    {\r\n                        \"name\": \"P_BROKER_CD\",\r\n                        \"value\": \"GSCO\"\r\n                    },\r\n                    {\r\n                        \"name\": \"P_RPT_DT\",\r\n                        \"value\": \"20170606\"\r\n                    }\r\n                ]\r\n            },\r\n            {\r\n                \"id\": \"70248\",\r\n                \"name\": \"SecLend_SummMgmt_ALL.pdf\",\r\n                \"executionFileName\": \"SL001 Summary Management.xdo\",\r\n                \"executionApplication\": null,\r\n                \"path\": \"/Publisher Reports/Reports - Security Lending/\",\r\n                \"format\": \"pdf\",\r\n                \"userName\": null,\r\n                \"executionMode\": \"ASYNC\",\r\n                \"requestMethod\": null,\r\n                \"startDate\": null,\r\n                \"impersonate\": \"a032489\",\r\n                \"outputFileName\": \"SecLend_SummMgmt_ALL.pdf\",\r\n                \"templateName\": \"PDF\",\r\n                \"parameters\": [\r\n                    {\r\n                        \"name\": \"P_BROKER_CD\",\r\n                        \"value\": \"ALL\"\r\n                    },\r\n                    {\r\n                        \"name\": \"P_RPT_DT\",\r\n                        \"value\": \"20170606\"\r\n                    },\r\n                    {\r\n                        \"name\": \"P_RPT_TYPE\",\r\n                        \"value\": \"Monthly\"\r\n                    }\r\n                ]\r\n            },\r\n            {\r\n                \"id\": \"70246\",\r\n                \"name\": \"SecLend_MthEnd_SS_ALL.xls\",\r\n                \"executionFileName\": \"SL002 Month End Detail.xdo\",\r\n                \"executionApplication\": null,\r\n                \"path\": \"/Publisher Reports/Reports - Security Lending/\",\r\n                \"format\": \"excel\",\r\n                \"userName\": null,\r\n                \"executionMode\": \"ASYNC\",\r\n                \"requestMethod\": null,\r\n                \"startDate\": null,\r\n                \"impersonate\": \"a032489\",\r\n                \"outputFileName\": \"SecLend_MthEnd_SS_ALL.xls\",\r\n                \"templateName\": \"XLS\",\r\n                \"parameters\": [\r\n                    {\r\n                        \"name\": \"P_RPT_TYPE\",\r\n                        \"value\": \"Monthly\"\r\n                    },\r\n                    {\r\n                        \"name\": \"P_BROKER_CD\",\r\n                        \"value\": \"ALL\"\r\n                    },\r\n                    {\r\n                        \"name\": \"P_RPT_DT\",\r\n                        \"value\": \"20170606\"\r\n                    }\r\n                ]\r\n            },\r\n            {\r\n                \"id\": \"70244\",\r\n                \"name\": \"SecLend_3yrPerf_ALL.pdf\",\r\n                \"executionFileName\": \"SL003 3-year Performance.xdo\",\r\n                \"executionApplication\": null,\r\n                \"path\": \"/Publisher Reports/Reports - Security Lending/\",\r\n                \"format\": \"pdf\",\r\n                \"userName\": null,\r\n                \"executionMode\": \"ASYNC\",\r\n                \"requestMethod\": null,\r\n                \"startDate\": null,\r\n                \"impersonate\": \"a032489\",\r\n                \"outputFileName\": \"SecLend_3yrPerf_ALL.pdf\",\r\n                \"templateName\": \"PDF\",\r\n                \"parameters\": [\r\n                    {\r\n                        \"name\": \"P_RPT_DT\",\r\n                        \"value\": \"20170606\"\r\n                    },\r\n                    {\r\n                        \"name\": \"P_RPT_TYPE\",\r\n                        \"value\": \"Monthly\"\r\n                    },\r\n                    {\r\n                        \"name\": \"P_BROKER_CD\",\r\n                        \"value\": \"ALL\"\r\n                    }\r\n                ]\r\n            },\r\n            {\r\n                \"id\": \"70242\",\r\n                \"name\": \"SecLend_BankEarn_ALL.pdf\",\r\n                \"executionFileName\": \"SL004 Bank Earnings.xdo\",\r\n                \"executionApplication\": null,\r\n                \"path\": \"/Publisher Reports/Reports - Security Lending/\",\r\n                \"format\": \"pdf\",\r\n                \"userName\": null,\r\n                \"executionMode\": \"ASYNC\",\r\n                \"requestMethod\": null,\r\n                \"startDate\": null,\r\n                \"impersonate\": \"a032489\",\r\n                \"outputFileName\": \"SecLend_BankEarn_ALL.pdf\",\r\n                \"templateName\": \"PDF\",\r\n                \"parameters\": [\r\n                    {\r\n                        \"name\": \"P_RPT_DT\",\r\n                        \"value\": \"20170606\"\r\n                    },\r\n                    {\r\n                        \"name\": \"P_BROKER_CD\",\r\n                        \"value\": \"ALL\"\r\n                    },\r\n                    {\r\n                        \"name\": \"P_RPT_TYPE\",\r\n                        \"value\": \"Monthly\"\r\n                    }\r\n                ]\r\n            },\r\n            {\r\n                \"id\": \"70245\",\r\n                \"name\": \"SecLend_MthEnd_SS_GSCO.xls\",\r\n                \"executionFileName\": \"SL002 Month End Detail.xdo\",\r\n                \"executionApplication\": null,\r\n                \"path\": \"/Publisher Reports/Reports - Security Lending/\",\r\n                \"format\": \"excel\",\r\n                \"userName\": null,\r\n                \"executionMode\": \"ASYNC\",\r\n                \"requestMethod\": null,\r\n                \"startDate\": null,\r\n                \"impersonate\": \"a032489\",\r\n                \"outputFileName\": \"SecLend_MthEnd_SS_GSCO.xls\",\r\n                \"templateName\": \"XLS\",\r\n                \"parameters\": [\r\n                    {\r\n                        \"name\": \"P_RPT_DT\",\r\n                        \"value\": \"20170606\"\r\n                    },\r\n                    {\r\n                        \"name\": \"P_BROKER_CD\",\r\n                        \"value\": \"GSCO\"\r\n                    },\r\n                    {\r\n                        \"name\": \"P_RPT_TYPE\",\r\n                        \"value\": \"Monthly\"\r\n                    }\r\n                ]\r\n            }\r\n        ]\r\n    },\r\n    \"notificationConfig\": {\r\n        \"emailNotification\": [\r\n            {\r\n                \"reportDatas\": [\r\n                    {\r\n                        \"reportId\": \"70247\",\r\n                        \"reportName\": \"Summary - GSCO\"\r\n                    },\r\n                    {\r\n                        \"reportId\": \"70242\",\r\n                        \"reportName\": \"Bank Earnings - ALL\"\r\n                    },\r\n                    {\r\n                        \"reportId\": \"70245\",\r\n                        \"reportName\": \"Month End - GSCO\"\r\n                    },\r\n                    {\r\n                        \"reportId\": \"70246\",\r\n                        \"reportName\": \"Month End - ALL\"\r\n                    },\r\n                    {\r\n                        \"reportId\": \"70248\",\r\n                        \"reportName\": \"Summary  - ALL\"\r\n                    },\r\n                    {\r\n                        \"reportId\": \"70243\",\r\n                        \"reportName\": \"3 year Perf - GSCO\"\r\n                    },\r\n                    {\r\n                        \"reportId\": \"70244\",\r\n                        \"reportName\": \"3 year performance - ALL\"\r\n                    },\r\n                    {\r\n                        \"reportId\": \"70241\",\r\n                        \"reportName\": \"Bank Earnings GSCO\"\r\n                    }\r\n                ],\r\n                \"subject\": \"Monthly Sec Lending Reports\",\r\n                \"body\": \"   <p><font color=\\\"#666666\\\" face=\\\"Calibri\\\" style=\\\"font-size: 9pt;\\\"> This message was generated automatically by Advisor Reporting. If you have any immediate concerns about this or any other Advisor Reporting report please send an email to Advisor Reporting. The attachment(s) contained within this email are intended for use by the addressee(s) only. Any dissemination, distribution, or copying of this e-mail or its attachment(s) is prohibited without prior consent from Advisor Reporting.<br><br> If you would like to be removed from this distribution, please reply to this email specifying the report(s) you no longer wish to receive.</font></p> <hr color=\\\"#5d87a1\\\"> <p><font color=\\\"#5d87a1\\\" face=\\\"Calibri\\\" style=\\\"font-size: 8pt; font-weight: 500;\\\">Data provided by Advisor Reporting<br> Oncall: Monday-Friday, 8:00am-6:00pm<br> E-mail: <a style=\\\"color: rgb(93, 135, 161);\\\" href=\\\"mailto:advrptng@fmr.com?subject=Advisor Reporting User Response\\\">Advisor Reporting</a><br>SIT - Monthly Sec Lending Reports</font></p>\",\r\n                \"includeAttachments\": true,\r\n                \"toRecipients\": {\r\n                    \"emailAddress\": [\r\n                        \"a419150@fmr.com\"\r\n                    ]\r\n                },\r\n                \"ccRecipients\": null,\r\n                \"bccRecipients\": null,\r\n                \"fromRecipient\": \"advrptng@fmr.com\",\r\n                \"enableSimpleTextBody\": true\r\n            }\r\n        ]\r\n    },\r\n    \"deliveryConfig\": {\r\n        \"ftpDeliveries\": [],\r\n        \"burstDeliveries\": [],\r\n        \"sharepointDeliveries\": null\r\n    }\r\n}"},"url":{"raw":"http://vc2cmmkb269021n.fmrco.com:20010/send/v2/executeMultiple?app=ADVRPTNG","protocol":"http","host":["vc2cmmkb269021n","fmrco","com"],"port":"20010","path":["send","v2","executeMultiple"],"query":[{"key":"app","value":"ADVRPTNG"}]}},"response":[]},{"name":"http://vc2cmmka115419n.fmrco.com:20010/contentmgmt/v1/notify","id":"edaa6263-390c-71a5-4acb-e8589a7571ad","request":{"method":"POST","header":[{"key":"Content-Type","value":"application/json"},{"key":"x-fimt-generic-hostname","value":"notificationhandler-sit-fmrco.com"},{"key":"x-fimt-generic-ip-address","value":"10.109.160.40"},{"key":"OAM_REMOTE_USER","value":"a265447"},{"key":"Accept","value":"application/json"}],"body":{"mode":"raw","raw":"{\r\n            \"corpId\": \"a547641\",\r\n            \"location\": {\r\n               \"name\": \"BOS\"\r\n            },\r\n             \"reportType\": {\r\n             \"name\": \"INTRADAY_PERF_SF\"\r\n            },\r\n            \"portfolio\": [\r\n                {\r\n                    \"id\": 21,\r\n                    \"idType\": \"PORTFOLIO\",\r\n                    \"applyFX\": false\r\n                }\r\n            ]\r\n}\r\n"},"url":{"raw":"http://vc2cmmka115419n.fmrco.com:20010/contentmgmt/v1/notify","protocol":"http","host":["vc2cmmka115419n","fmrco","com"],"port":"20010","path":["contentmgmt","v1","notify"]}},"response":[]},{"name":"http://advrptngcontentmgmt-prod.fmrco.com/contentmgmt/v1/subscriptions?location=AUS&schedule=SOD&adhocReportType=INTRADAY_PERF_SF;INTRADAY_PERF_MF","id":"4d4070e7-c16c-4a84-a73f-23fb0c81f50f","request":{"method":"GET","header":[],"body":{"mode":"formdata","formdata":[]},"url":{"raw":"http://advrptngcontentmgmt-prod.fmrco.com/contentmgmt/v1/subscriptions?location=AUS&schedule=SOD&adhocReportType=INTRADAY_PERF_SF;INTRADAY_PERF_MF","protocol":"http","host":["advrptngcontentmgmt-prod","fmrco","com"],"path":["contentmgmt","v1","subscriptions"],"query":[{"key":"location","value":"AUS"},{"key":"schedule","value":"SOD"},{"key":"adhocReportType","value":"INTRADAY_PERF_SF;INTRADAY_PERF_MF"}]}},"response":[]},{"name":"GetUserSubscription-local Copy","id":"97013db4-2710-4885-93ad-4be187b7fed3","request":{"method":"GET","header":[],"body":{"mode":"formdata","formdata":[]},"url":{"raw":"http://localhost:8080/contentmgmt-services/subscriptions?location=BOS&schedule=SOD&adhocReportType=INTRADAY_PERF_SF;INTRADAY_PERF_MF","protocol":"http","host":["localhost"],"port":"8080","path":["contentmgmt-services","subscriptions"],"query":[{"key":"location","value":"BOS"},{"key":"schedule","value":"SOD"},{"key":"adhocReportType","value":"INTRADAY_PERF_SF;INTRADAY_PERF_MF"}]}},"response":[]},{"name":"Notify","id":"1ead38ce-053f-46c6-a290-94f911d8c4fd","protocolProfileBehavior":{"disableBodyPruning":true},"request":{"method":"POST","header":[{"key":"Content-Type","value":"application/json","type":"text"},{"key":"x-fimt-generic-hostname","value":"notificationhandler-sit-fmrco.com","type":"text"},{"key":"x-fimt-generic-ip-address","value":"10.109.160.40","type":"text"},{"key":"Authorization","value":"Bearer xNeZe1R6bqd5mAzerUUq2qe0zUeD72Iish8Tlnjf5QARi457WjUd0r","type":"text"},{"key":"Accept","value":"application/json","type":"text"}],"body":{"mode":"raw","raw":"{\r\n            \"id\": null,\r\n            \"corpId\": \"a655071\",\r\n            \"location\": {\r\n                \"id\": 1,\r\n                \"name\": \"BOS\"\r\n            },\r\n            \"schedule\": {\r\n                \"id\": 5,\r\n                \"name\": \"HOURLY\"\r\n            },\r\n            \"reportType\": {\r\n                \"id\": 197904,\r\n                \"name\": \"INTRADAY_PERF_SF\"\r\n            },\r\n            \"portfolio\": [\r\n                {\r\n                    \"id\": 21,\r\n                    \"idType\": \"PORTFOLIO\",\r\n                    \"applyFX\": false,\r\n                    \"cashSummary\": false\r\n                },\r\n                {\r\n                    \"id\": 22,\r\n                    \"idType\": \"PORTFOLIO\",\r\n                    \"applyFX\": false,\r\n                    \"cashSummary\": false\r\n                }\r\n            ]\r\n        }","options":{"raw":{"language":"json"}}},"url":{"raw":"https://localhost:8443/contentmgmt-service/api/v3/notify","protocol":"https","host":["localhost"],"port":"8443","path":["contentmgmt-service","api","v3","notify"]}},"response":[]},{"name":"https://localhost:8443/contentManagement/api/v3/notify","id":"1a245d3a-a20a-4e0a-813f-9a585a23b84e","protocolProfileBehavior":{"disableBodyPruning":true},"request":{"method":"POST","header":[{"key":"Authorization","value":"Bearer gQL67q9UJ0O1J4RAjfSnWlOxBgt1w2ABPrV1Co98yoy2I0HEn4VtTg","type":"text"},{"key":"Content-Type","value":"application/json","type":"text"}],"body":{"mode":"raw","raw":"{\n            \"id\": null,\n            \"corpId\": \"a655071\",\n            \"location\": {\n                \"id\": 1,\n                \"name\": \"BOS\"\n            },\n            \"schedule\": {\n                \"id\": 5,\n                \"name\": \"HOURLY\"\n            },\n            \"reportType\": {\n                \"id\": 197904,\n                \"name\": \"INTRADAY_PERF_SF\"\n            },\n            \"portfolio\": [\n                {\n                    \"id\": 21,\n                    \"idType\": \"PORTFOLIO\",\n                    \"applyFX\": false,\n                    \"cashSummary\": false\n                },\n                {\n                    \"id\": 22,\n                    \"idType\": \"PORTFOLIO\",\n                    \"applyFX\": false,\n                    \"cashSummary\": false\n                }\n            ]\n        }","options":{"raw":{"language":"json"}}},"url":{"raw":"https://localhost:8443/contentManagement/api/v3/notify","protocol":"https","host":["localhost"],"port":"8443","path":["contentManagement","api","v3","notify"]}},"response":[]},{"name":"https://composite-holdings-service-uat.fmrco.com/composite-holdings/?","id":"5a35bfac-5643-4c6d-af33-d7972ae3c75d","protocolProfileBehavior":{"disableBodyPruning":true},"request":{"method":"POST","header":[{"key":"x-fimt-generic-hostname","value":"notificationhandler-sit-fmrco.com","type":"text"},{"key":"x-fimt-generic-ip-address","value":"10.109.160.40 ","type":"text"},{"key":"x-fimt-generic-user","value":"a655071","type":"text"},{"key":"Content-Type","value":"application/json","type":"text"},{"key":"x-fimt-generic","value":"yes ","type":"text"},{"key":"x-fimt-generic-application-id","value":"EWS","type":"text"},{"key":"x-fimt-generic-action","value":"GET_COMPOSITE_HOLDINGS","type":"text"},{"key":"X-REQUEST-IDENTITY","value":"wsfmr_cid","type":"text"},{"key":"Accept","value":"application/json","type":"text"},{"key":"X-REQUEST-IDENTITY-SENDER-NAME","value":"ADVISORY_CONTENT_MANAGEMENT","type":"text"},{"key":"x-fimt-generic-module","value":"ADVISORY_CONTENT_MANAGEMENT","type":"text"},{"key":"x-fimt-generic-component","value":"INTRADAY_PERFORMANCE_REPORT","type":"text"},{"key":"Authorization","value":"Bearer gQL67q9UJ0O1J4RAjfSnWlOxBgt1w2ABPrV1Co98yoy2I0HEn4VtTg","type":"text"}],"body":{"mode":"raw","raw":"{\r\n  \"fieldSets\" : [ \"sod-holdings\", \"intraday-performance\" ],\r\n  \"expansions\" : null,\r\n  \"typeParameterClass\" : \"com.fmrco.equity.pm.model.Holder\",\r\n  \"multiPortfolioGroupId\" : null,\r\n  \"securitiesScope\" : \"FULL\",\r\n  \"calculatedPriceWarningThreshold\" : null,\r\n  \"aggregations\" : [ \"SECTOR\", \"INDUSTRYGROUP\", \"REGION\", \"COUNTRY\" ],\r\n  \"aggregationRankings\" : null,\r\n  \"excludeEmptyRics\" : false,\r\n  \"aggregationRankingRequests\" : [ {\r\n    \"aggregationName\" : \"SECTOR\",\r\n    \"rankBy\" : \"sodRelativePerformancePercent\",\r\n    \"top\" : 5,\r\n    \"bottom\" : 5\r\n  }, {\r\n    \"aggregationName\" : \"REGION\",\r\n    \"rankBy\" : \"sodRelativePerformancePercent\",\r\n    \"top\" : 5,\r\n    \"bottom\" : 5\r\n  }, {\r\n    \"aggregationName\" : \"INDUSTRYGROUP\",\r\n    \"rankBy\" : \"sodRelativePerformancePercent\",\r\n    \"top\" : 5,\r\n    \"bottom\" : 5\r\n  }, {\r\n    \"aggregationName\" : \"COUNTRY\",\r\n    \"rankBy\" : \"sodRelativePerformancePercent\",\r\n    \"top\" : 5,\r\n    \"bottom\" : 5\r\n  } ],\r\n  \"holdingsFilters\" : null,\r\n  \"cashAdjustments\" : null,\r\n  \"exclusionHoldingsFilters\" : null,\r\n  \"marketDataError\" : false,\r\n  \"noOfOverUnderWeightHoldings\" : 15,\r\n  \"holderRankings\" : null,\r\n  \"holderRankingRequests\" : {\r\n    \"rankBy\" : \"sodRelativePerformancePercent\",\r\n    \"top\" : 15,\r\n    \"bottom\" : 15\r\n  },\r\n  \"teIds\" : null,\r\n  \"portfolioIds\" : [ 21, 22 ],\r\n  \"indexCodes\" : null,\r\n  \"indexOverrides\" : null,\r\n  \"indexOverrideList\" : null,\r\n  \"indexIds\" : null,\r\n  \"includeHoldings\" : \"true\",\r\n  \"reqDetails\" : null,\r\n  \"tnaRedirection\" : false,\r\n  \"portfolioIdsInMultiPortfolioGroupId\" : null,\r\n  \"rescaleWeights\" : null,\r\n  \"excludeIndexConstituents\" : false,\r\n  \"retrieveDraftOrderUserPreference\" : false,\r\n  \"expand\" : null,\r\n  \"desiredPriceType\" : \"PREVCLOSE\",\r\n  \"totalNetAssetType\" : \"ACCOUNTING\",\r\n  \"cashSettings\" : null,\r\n  \"userPriceOverrides\" : null,\r\n  \"amalgamateCalcErrors\" : false,\r\n  \"sentinelSummary\" : false,\r\n  \"aggregationRankingsJSON\" : null,\r\n  \"holdingRankingJSON\" : null,\r\n  \"applyFx\" : false,\r\n  \"component\" : null,\r\n  \"dacsretry\" : true\r\n}","options":{"raw":{"language":"json"}}},"url":{"raw":"https://composite-holdings-service-uat.fmrco.com/composite-holdings/?","protocol":"https","host":["composite-holdings-service-uat","fmrco","com"],"path":["composite-holdings",""],"query":[{"key":"","value":null}]}},"response":[]},{"name":"https://composite-holdings-service-uat.fmrco.com/composite-holdings/?index-codes=SP100,SP500,SPMIDCAP,RU2000,IXIC&market-data-error=true&field-sets=sod-holdings,intraday-performance&aggregation-rankings=%5Bnull%5D&securities-scope=FULL&dacs-retry=true&agg","id":"1e32f2d5-2601-445b-8a0d-96156e764322","protocolProfileBehavior":{"disableBodyPruning":true},"request":{"method":"GET","header":[{"key":"Authorization","value":"Bearer VaSWvaB4zowdU9sxe6hlvhjK1GpFWVVtDCNt68Uapo0O6JVuUQz222","type":"text"}],"url":{"raw":"https://composite-holdings-service-uat.fmrco.com/composite-holdings/?index-codes=SP100,SP500,SPMIDCAP,RU2000,IXIC&market-data-error=true&field-sets=sod-holdings,intraday-performance&aggregation-rankings=%5Bnull%5D&securities-scope=FULL&dacs-retry=true&aggregations=SECTOR,INDUSTRYGROUP&include-holdings=false","protocol":"https","host":["composite-holdings-service-uat","fmrco","com"],"path":["composite-holdings",""],"query":[{"key":"index-codes","value":"SP100,SP500,SPMIDCAP,RU2000,IXIC"},{"key":"market-data-error","value":"true"},{"key":"field-sets","value":"sod-holdings,intraday-performance"},{"key":"aggregation-rankings","value":"%5Bnull%5D"},{"key":"securities-scope","value":"FULL"},{"key":"dacs-retry","value":"true"},{"key":"aggregations","value":"SECTOR,INDUSTRYGROUP"},{"key":"include-holdings","value":"false"}]}},"response":[]},{"name":"URL","id":"c9cba05d-835b-4afd-ac02-1e821a451cd3","protocolProfileBehavior":{"disableBodyPruning":true},"request":{"method":"GET","header":[],"url":{"raw":"https://vc2cmmka115419n.fmrco.com:20013/contentmgmt/v2/","protocol":"https","host":["vc2cmmka115419n","fmrco","com"],"port":"20013","path":["contentmgmt","v2",""]}},"response":[]}]}