{"info":{"_postman_id":"d62f0c20-31b0-4cdc-8a33-024cf859774a","name":"PriceTarget","schema":"https://schema.getpostman.com/json/collection/v2.1.0/collection.json"},"item":[{"name":"https://composite-holdings-sit.fmrco.com:20013/composite-holdings/v1/?field-sets=sod-holdings;intraday-performance&securities-scope=FULL&aggregations=ALL&portfolio-ids=1597;21","id":"b0a11832-72d5-4904-b85e-07aaf730a6af","request":{"auth":{"type":"noauth"},"method":"GET","header":[{"key":"Content-Type","value":"application/json","type":"text","disabled":false},{"key":"x-fimt-generic","value":"yes","type":"text","disabled":false},{"key":"x-fimt-generic-action","value":"GET_ORDERS","type":"text","disabled":false},{"key":"x-fimt-generic-application-id","value":"EWS","type":"text","disabled":false},{"key":"x-fimt-generic-component","value":"ORDER_ENTRY_SCREEN","type":"text","disabled":false},{"key":"x-fimt-generic-module","value":"EWS_PORTF_TRADES_DRAFTORDERS","type":"text","disabled":false},{"key":"x-fimt-generic-hostname","value":"BOSL142754W10","type":"text","disabled":false},{"key":"x-fimt-generic-ip-address","value":"10.104.246.62","type":"text","disabled":false},{"key":"X-REQUEST-IDENTITY","value":"a485047","type":"text","disabled":false},{"key":"X-REQUEST-IDENTITY-SENDER-NAME","value":"PriceTarget.","type":"text","disabled":false},{"key":"Accept","value":"application/json","type":"text","disabled":false},{"key":"Authorization","value":"Bearer {{OAUTH_TOKEN_USER}}","type":"text","disabled":false}],"body":{"mode":"formdata","formdata":[]},"url":{"raw":"https://composite-holdings-uat.fmrco.com/composite-holdings/v1/?field-sets=sod-holdings;intraday-performance&securities-scope=FULL&aggregations=ALL&portfolio-ids=21;","protocol":"https","host":["composite-holdings-uat","fmrco","com"],"path":["composite-holdings","v1",""],"query":[{"key":"field-sets","value":"sod-holdings;intraday-performance"},{"key":"securities-scope","value":"FULL"},{"key":"aggregations","value":"ALL"},{"key":"portfolio-ids","value":"21;"}]}},"response":[]},{"name":"https://localhost:8443/pricetarget-service/v1/priceTarget?corpId=a485047&universeId=6297d72c-ac6e-40f3-a406-145d8430e5bf","id":"431ea279-792a-4666-aeb6-e6416874dd9c","request":{"method":"GET","header":[{"key":"Authorization","value":"Bearer {{OAUTH_TOKEN_USER}}","type":"text"},{"key":"Accept","value":"application/json","type":"text"}],"url":{"raw":"https://localhost:8443/pricetarget-service/v1/priceTarget?corpId=a485047&universeId=6297d72c-ac6e-40f3-a406-145d8430e5bf","protocol":"https","host":["localhost"],"port":"8443","path":["pricetarget-service","v1","priceTarget"],"query":[{"key":"corpId","value":"a485047"},{"key":"universeId","value":"6297d72c-ac6e-40f3-a406-145d8430e5bf"}]}},"response":[]},{"name":"https://localhost:8443/pricetarget-service/v1/priceTarget?corpId=a485047&universeId=680f0d96-4ccf-4997-8c44-e807e2efb822","id":"718d720a-3791-4594-a127-df49d83b7560","request":{"method":"GET","header":[{"key":"Authorization","value":"Bearer {{OAUTH_TOKEN_USER}}","type":"text"},{"key":"Accept","value":"application/json","type":"text"},{"key":"Content-Type","value":"application/json","type":"text"}],"url":{"raw":"https://localhost:8443/pricetarget-service/v1/priceTarget?corpId=a485047&universeId=680f0d96-4ccf-4997-8c44-e807e2efb822","protocol":"https","host":["localhost"],"port":"8443","path":["pricetarget-service","v1","priceTarget"],"query":[{"key":"corpId","value":"a485047"},{"key":"universeId","value":"680f0d96-4ccf-4997-8c44-e807e2efb822"}]}},"response":[]}]}