{"info":{"_postman_id":"db7930c9-aea4-9f6e-7dae-d495ac07e4a2","name":"RemoteConfig","schema":"https://schema.getpostman.com/json/collection/v2.1.0/collection.json"},"item":[{"name":"Report/Schedule","id":"79e2cace-dd45-ea2a-441a-5e27b9ad7d13","request":{"method":"POST","header":[],"body":{"mode":"raw","raw":""},"url":{"raw":"http://remoteconfig-prod.fmrco.com/RemoteConfig/get","protocol":"http","host":["remoteconfig-prod","fmrco","com"],"path":["RemoteConfig","get"]}},"response":[]},{"name":"SubscriptionByBucket","id":"80516abb-1c87-5a39-1523-b83cdd181942","request":{"method":"POST","header":[{"key":"Accept","value":"application/json"}],"body":{"mode":"raw","raw":""},"url":{"raw":"http://remoteconfig-prod.fmrco.com/RemoteConfig/get","protocol":"http","host":["remoteconfig-prod","fmrco","com"],"path":["RemoteConfig","get"]}},"response":[]},{"name":"Benchmark-SP500","id":"3680f6c5-ac29-9e16-33dd-e6346a60e8fc","request":{"method":"POST","header":[],"body":{"mode":"raw","raw":""},"url":{"raw":"https://mdcalcfeed-qa.fmrco.com/mdcalc/mdcalc?AppId=feed","protocol":"https","host":["mdcalcfeed-qa","fmrco","com"],"path":["mdcalc","mdcalc"],"query":[{"key":"AppId","value":"feed"}]}},"response":[]},{"name":"GlobalCash request","id":"efe4e01b-710d-7f1e-668f-67ed1cdde8ad","request":{"method":"GET","header":[{"key":"Authorization","value":"Basic Rk1SQ09ccG9ydF9wcmQ6cG9yPTU1OTk="}],"body":{"mode":"formdata","formdata":[]},"url":{"raw":"http://globalcash.fmrco.com/CCService/resource/projectedcash/EWS?portfolioIds=25480&offsetNumber=3tradesPref=EXEC&futuresPref=Hide&currency=USD","protocol":"http","host":["globalcash","fmrco","com"],"path":["CCService","resource","projectedcash","EWS"],"query":[{"key":"portfolioIds","value":"25480"},{"key":"offsetNumber","value":"3tradesPref=EXEC"},{"key":"futuresPref","value":"Hide"},{"key":"currency","value":"USD"}]}},"response":[]}]}