{"info":{"_postman_id":"e046b9b0-fefc-4e43-9a4a-13fa0c775c70","name":"CP-SEND V2","schema":"https://schema.getpostman.com/json/collection/v2.1.0/collection.json"},"item":[{"name":"ExecuteMul","id":"54123285-a47e-4acf-bb9a-97bce6e6e866","request":{"auth":{"type":"ntlm","ntlm":[{"key":"password","value":"Jaisairam@09","type":"string"},{"key":"username","value":"a485047","type":"string"}]},"method":"POST","header":[{"key":"Content-Type","value":"application/json"}],"body":{"mode":"raw","raw":"{\r\n    \"execution\": {\r\n        \"reports\": [\r\n            {\r\n                \"id\": \"1\",\r\n                \"name\": \"FIL FX Exposure\",\r\n                \"executionFileName\": \"FIL FX Exposure.xdo\",\r\n                \"path\": \"/CRA Publisher Reports/Catalog Reports/\",\r\n                \"format\": \"excel\",\r\n                \"executionMode\": \"ASYNC\",\r\n                \"impersonate\": \"a214463\",\r\n                \"outputFileName\": \"FIL FX Exposure.xls\"\r\n            }\r\n        ]\r\n    },\r\n    \"notificationConfig\": {\r\n        \"emailNotification\": [\r\n            {\r\n                \"reportDatas\": [\r\n                    {\r\n                        \"reportId\": \"1\",\r\n                        \"reportName\": \"FIL FX Exposure\"\r\n                    }\r\n                ],\r\n                \"subject\": \"FIL FX Exposure\",\r\n                \"body\": null,\r\n                \"includeAttachments\": \"true\",\r\n                \"enableSimpleTextBody\": \"false\",\r\n                \"fromRecipient\": \"cra.fmr.com\",\r\n                \"toRecipients\": {\r\n                    \"emailAddress\": [\r\n                        \"a595361@fmr.com\"\r\n                    ]\r\n                }\r\n            }\r\n        ]\r\n    },\r\n    \"deliveryConfig\": {\r\n        \"sharepointDeliveries\": [\r\n        {\r\n            \"reportData\": [{\r\n               \"id\": \"1\",\r\n               \"fileName\": \"FIL FX Exposure.xls\",\r\n               \"contentType\": \"application/vnd.ms-excel\",\r\n               \"subsite\": \"/reportcatalog/\",\r\n               \"subFolderName\": \"Report Archive/Reports\"\r\n            }],\r\n            \"serviceAccountName\": \"CP_REPORT_USER_NP\",\r\n            \"hostName\": \"counterparty.webqa.fmrco.com\"\r\n         }\r\n      ]\r\n   }\r\n}\r\n"},"url":{"raw":"https://send-sit.fmrco.com/send/v2/executeMultiple?app=CP-SEND2-ADOPTION-CRAWORKSPACE","protocol":"https","host":["send-sit","fmrco","com"],"path":["send","v2","executeMultiple"],"query":[{"key":"app","value":"CP-SEND2-ADOPTION-CRAWORKSPACE"}]}},"response":[]},{"name":"OBIEE- Issue","id":"54ae3f5f-8cd6-4261-b3f2-3e36ce93642d","request":{"auth":{"type":"ntlm","ntlm":[{"key":"password","value":"Jaisai@09","type":"string"},{"key":"username","value":"a485047","type":"string"}]},"method":"POST","header":[{"key":"Content-Type","value":"application/json"},{"key":"Accept","value":"application/json","type":"text"}],"body":{"mode":"raw","raw":"{\r\n  \"execution\": {\r\n    \"reports\": [\r\n      {\r\n        \"id\": \"1\",\r\n        \"name\": \"Close Out Report\",\r\n        \"executionFileName\": \"Close Out Report.xdo\",\r\n        \"executionApplication\": null,\r\n        \"path\": \"/CRA Publisher Reports/Catalog Reports/\",\r\n        \"format\": \"excel\",\r\n        \"userName\": null,\r\n        \"executionMode\": \"ASYNC\",\r\n        \"requestMethod\": null,\r\n        \"startDate\": null,\r\n        \"impersonate\": \"A214463\",\r\n        \"outputFileName\": \"Close Out Report_10_25_2018_07_44_58.xls\",\r\n        \"templateName\": null,\r\n        \"saveDataOption\": null,\r\n        \"publicOption\": null,\r\n        \"parameters\": null\r\n      },\r\n      {\r\n        \"id\": \"2\",\r\n        \"name\": \"Collateral Report\",\r\n        \"executionFileName\": \"Collateral Report.xdo\",\r\n        \"executionApplication\": null,\r\n        \"path\": \"/CRA Publisher Reports/Catalog Reports/\",\r\n        \"format\": \"excel\",\r\n        \"userName\": null,\r\n        \"executionMode\": \"ASYNC\",\r\n        \"requestMethod\": null,\r\n        \"startDate\": null,\r\n        \"impersonate\": \"A214463\",\r\n        \"outputFileName\": \"Collateral Report_10_25_2018_07_44_58.xls\",\r\n        \"templateName\": null,\r\n        \"saveDataOption\": null,\r\n        \"publicOption\": null,\r\n        \"parameters\": null\r\n      },\r\n       {\r\n        \"id\": \"3\",\r\n        \"name\": \"Collateral ODS Error Report\",\r\n        \"executionFileName\": \"Collateral ODS Error Report.xdo\",\r\n        \"executionApplication\": null,\r\n        \"path\": \"/CRA Publisher Reports/Catalog Reports/\",\r\n        \"format\": \"excel\",\r\n        \"userName\": null,\r\n        \"executionMode\": \"ASYNC\",\r\n        \"requestMethod\": null,\r\n        \"startDate\": null,\r\n        \"impersonate\": \"A214463\",\r\n        \"outputFileName\": \"Collateral ODS Error Report_10_25_2018_07_44_58.xls\",\r\n        \"templateName\": null,\r\n        \"saveDataOption\": null,\r\n        \"publicOption\": null,\r\n        \"parameters\": null\r\n      }\r\n    ]\r\n  },\r\n \"deliveryConfig\": {\r\n    \"ftpDeliveries\": null,\r\n    \"burstDeliveries\": null,\r\n    \"sharepointDeliveries\": [\r\n      {\r\n        \"reportData\": [\r\n            {\r\n                \"id\": \"3\",\r\n                \"fileName\": \"Collateral ODS Error Report_10_25_2018_07_44_58\",\r\n                \"format\": null,\r\n                \"contentType\": \"application/vnd.ms-excel\",\r\n                \"subsite\": null,\r\n                \"library\": \"Report Archive\",\r\n                \"subFolderName\": \"Reports\",\r\n                \"metaDatas\": [\r\n                  {\r\n                    \"name\": \"CreatedBy\",\r\n                    \"value\": \"CP_REPORT_USER_NP\",\r\n                    \"dataType\": \"String\"\r\n                  },\r\n                  {\r\n                    \"name\": \"ReportName\",\r\n                    \"value\": \"Collateral ODS Error Report\",\r\n                    \"dataType\": \"String\"\r\n                  },\r\n                  {\r\n                    \"name\": \"Recipients\",\r\n                    \"value\": \"CPAPPSDEVINDTEAM@fmr.com\",\r\n                    \"dataType\": \"String\"\r\n                  }\r\n                ],\r\n                \"userName\": null,\r\n                \"spReportURL\": null\r\n              },\r\n          {\r\n            \"id\": \"2\",\r\n            \"fileName\": \"Collateral Report_10_25_2018_07_44_58\",\r\n            \"format\": null,\r\n            \"contentType\": \"application/vnd.ms-excel\",\r\n            \"subsite\": null,\r\n            \"library\": \"Report Archive\",\r\n            \"subFolderName\": \"Reports\",\r\n            \"metaDatas\": [\r\n              {\r\n                \"name\": \"CreatedBy\",\r\n                \"value\": \"CP_REPORT_USER_NP\",\r\n                \"dataType\": \"String\"\r\n              },\r\n              {\r\n                \"name\": \"ReportName\",\r\n                \"value\": \"Collateral Report\",\r\n                \"dataType\": \"String\"\r\n              },\r\n              {\r\n                \"name\": \"Recipients\",\r\n                \"value\": \"CPAPPSDEVINDTEAM@fmr.com\",\r\n                \"dataType\": \"String\"\r\n              }\r\n            ],\r\n            \"userName\": null,\r\n            \"spReportURL\": null\r\n          },\r\n          {\r\n            \"id\": \"1\",\r\n            \"fileName\": \"Close Out Report_10_25_2018_07_44_58\",\r\n            \"format\": null,\r\n            \"contentType\": \"application/vnd.ms-excel\",\r\n            \"subsite\": null,\r\n            \"library\": \"Report Archive\",\r\n            \"subFolderName\": \"Reports\",\r\n            \"metaDatas\": [\r\n              {\r\n                \"name\": \"CreatedBy\",\r\n                \"value\": \"CP_REPORT_USER_NP\",\r\n                \"dataType\": \"String\"\r\n              },\r\n              {\r\n                \"name\": \"ReportName\",\r\n                \"value\": \"Close Out Report\",\r\n                \"dataType\": \"String\"\r\n              },\r\n              {\r\n                \"name\": \"Recipients\",\r\n                \"value\": \"CPAPPSDEVINDTEAM@fmr.com\",\r\n                \"dataType\": \"String\"\r\n              }\r\n            ],\r\n            \"userName\": null,\r\n            \"spReportURL\": null\r\n          }\r\n        ],\r\n        \"serviceAccountName\": \"CP_REPORT_USER_NP\",\r\n        \"hostName\": \"counterparty.webqa.fmrco.com\"\r\n      }\r\n    ]\r\n  },\r\n  \"failureEmailNotificationConfig\": {\r\n    \"emailNotification\": [\r\n      {\r\n        \"reportDatas\": [\r\n          {\r\n            \"reportId\": \"1\",\r\n            \"reportName\": \"Collateral Report\",\r\n            \"outputFilename\": \"Collateral Report_10_25_2018_07_44_58.xls\"\r\n          }\r\n        ],\r\n        \"subject\": \"Report Collateral Report execution failed(SIT environment)\",\r\n        \"body\": null,\r\n        \"templateName\": \"SEND-failure-RC2\",\r\n        \"toRecipients\": {\r\n          \"emailAddress\": [\"a485047@fmr.com\"]\r\n        },\r\n        \"ccRecipients\": null,\r\n        \"bccRecipients\": null,\r\n        \"fromRecipient\": \"CRA_Monitoring@fmr.com\",\r\n        \"enableSimpleTextBody\": false,\r\n        \"templateFormat\": \"HTML\"\r\n      }\r\n    ]\r\n  }\r\n}\r\n"},"url":{"raw":"https://vc2cmmkb258985n.fmrco.com:20013/send/v2/executeMultiple?app=CP_CRAWORKSPACE","protocol":"https","host":["vc2cmmkb258985n","fmrco","com"],"port":"20013","path":["send","v2","executeMultiple"],"query":[{"key":"app","value":"CP_CRAWORKSPACE"}]}},"response":[]},{"name":"CP-Request1","id":"dbf2df7d-c9ea-4de9-b18d-a38804f4ca14","request":{"auth":{"type":"ntlm","ntlm":[{"key":"password","value":"Jaisai@09","type":"string"},{"key":"username","value":"a485047","type":"string"}]},"method":"POST","header":[{"key":"Content-Type","name":"Content-Type","value":"application/json","type":"text"},{"key":"Accept","value":"application/json","type":"text"}],"body":{"mode":"raw","raw":"{\r\n  \"execution\": {\r\n    \"reports\": [\r\n      {\r\n        \"id\": \"1\",\r\n        \"name\": \"Close Out Report\",\r\n        \"executionFileName\": \"Close Out Report.xdo\",\r\n        \"executionApplication\": null,\r\n        \"path\": \"/CRA Publisher Reports/Catalog Reports/\",\r\n        \"format\": \"excel\",\r\n        \"userName\": null,\r\n        \"executionMode\": \"ASYNC\",\r\n        \"requestMethod\": null,\r\n        \"startDate\": null,\r\n        \"impersonate\": \"A214463\",\r\n        \"outputFileName\": \"Close Out Report_10_25_2018_07_44_58.xls\",\r\n        \"templateName\": null,\r\n        \"saveDataOption\": null,\r\n        \"publicOption\": null,\r\n        \"parameters\": null\r\n      },\r\n      {\r\n        \"id\": \"2\",\r\n        \"name\": \"Collateral Report\",\r\n        \"executionFileName\": \"Collateral Report.xdo\",\r\n        \"executionApplication\": null,\r\n        \"path\": \"/CRA Publisher Reports/Catalog Reports/\",\r\n        \"format\": \"excel\",\r\n        \"userName\": null,\r\n        \"executionMode\": \"ASYNC\",\r\n        \"requestMethod\": null,\r\n        \"startDate\": null,\r\n        \"impersonate\": \"A214463\",\r\n        \"outputFileName\": \"Collateral Report_10_25_2018_07_44_58.xls\",\r\n        \"templateName\": null,\r\n        \"saveDataOption\": null,\r\n        \"publicOption\": null,\r\n        \"parameters\": null\r\n      },\r\n       {\r\n        \"id\": \"3\",\r\n        \"name\": \"Collateral ODS Error Report\",\r\n        \"executionFileName\": \"Collateral ODS Error Report.xdo\",\r\n        \"executionApplication\": null,\r\n        \"path\": \"/CRA Publisher Reports/Catalog Reports/\",\r\n        \"format\": \"excel\",\r\n        \"userName\": null,\r\n        \"executionMode\": \"ASYNC\",\r\n        \"requestMethod\": null,\r\n        \"startDate\": null,\r\n        \"impersonate\": \"A214463\",\r\n        \"outputFileName\": \"Collateral ODS Error Report_10_25_2018_07_44_58.xls\",\r\n        \"templateName\": null,\r\n        \"saveDataOption\": null,\r\n        \"publicOption\": null,\r\n        \"parameters\": null\r\n      }\r\n    ]\r\n  },\r\n \"deliveryConfig\": {\r\n    \"ftpDeliveries\": null,\r\n    \"burstDeliveries\": null,\r\n    \"sharepointDeliveries\": [\r\n      {\r\n        \"reportData\": [\r\n            {\r\n                \"id\": \"3\",\r\n                \"fileName\": \"Collateral ODS Error Report_10_25_2018_07_44_58\",\r\n                \"format\": null,\r\n                \"contentType\": \"application/vnd.ms-excel\",\r\n                \"subsite\": null,\r\n                \"library\": \"Report Archive\",\r\n                \"subFolderName\": \"Reports\",\r\n                \"metaDatas\": [\r\n                  {\r\n                    \"name\": \"CreatedBy\",\r\n                    \"value\": \"CP_REPORT_USER_NP\",\r\n                    \"dataType\": \"String\"\r\n                  },\r\n                  {\r\n                    \"name\": \"ReportName\",\r\n                    \"value\": \"Collateral ODS Error Report\",\r\n                    \"dataType\": \"String\"\r\n                  },\r\n                  {\r\n                    \"name\": \"Recipients\",\r\n                    \"value\": \"CPAPPSDEVINDTEAM@fmr.com\",\r\n                    \"dataType\": \"String\"\r\n                  }\r\n                ],\r\n                \"userName\": null,\r\n                \"spReportURL\": null\r\n              },\r\n          {\r\n            \"id\": \"2\",\r\n            \"fileName\": \"Collateral Report_10_25_2018_07_44_58\",\r\n            \"format\": null,\r\n            \"contentType\": \"application/vnd.ms-excel\",\r\n            \"subsite\": null,\r\n            \"library\": \"Report Archive\",\r\n            \"subFolderName\": \"Reports\",\r\n            \"metaDatas\": [\r\n              {\r\n                \"name\": \"CreatedBy\",\r\n                \"value\": \"CP_REPORT_USER_NP\",\r\n                \"dataType\": \"String\"\r\n              },\r\n              {\r\n                \"name\": \"ReportName\",\r\n                \"value\": \"Collateral Report\",\r\n                \"dataType\": \"String\"\r\n              },\r\n              {\r\n                \"name\": \"Recipients\",\r\n                \"value\": \"CPAPPSDEVINDTEAM@fmr.com\",\r\n                \"dataType\": \"String\"\r\n              }\r\n            ],\r\n            \"userName\": null,\r\n            \"spReportURL\": null\r\n          },\r\n          {\r\n            \"id\": \"1\",\r\n            \"fileName\": \"Close Out Report_10_25_2018_07_44_58\",\r\n            \"format\": null,\r\n            \"contentType\": \"application/vnd.ms-excel\",\r\n            \"subsite\": null,\r\n            \"library\": \"Report Archive\",\r\n            \"subFolderName\": \"Reports\",\r\n            \"metaDatas\": [\r\n              {\r\n                \"name\": \"CreatedBy\",\r\n                \"value\": \"CP_REPORT_USER_NP\",\r\n                \"dataType\": \"String\"\r\n              },\r\n              {\r\n                \"name\": \"ReportName\",\r\n                \"value\": \"Close Out Report\",\r\n                \"dataType\": \"String\"\r\n              },\r\n              {\r\n                \"name\": \"Recipients\",\r\n                \"value\": \"CPAPPSDEVINDTEAM@fmr.com\",\r\n                \"dataType\": \"String\"\r\n              }\r\n            ],\r\n            \"userName\": null,\r\n            \"spReportURL\": null\r\n          }\r\n        ],\r\n        \"serviceAccountName\": \"CP_REPORT_USER_NP\",\r\n        \"hostName\": \"counterparty.webqa.fmrco.com\"\r\n      }\r\n    ]\r\n  },\r\n  \"failureEmailNotificationConfig\": {\r\n    \"emailNotification\": [\r\n      {\r\n        \"reportDatas\": [\r\n          {\r\n            \"reportId\": \"1\",\r\n            \"reportName\": \"Collateral Report\",\r\n            \"outputFilename\": \"Collateral Report_10_25_2018_07_44_58.xls\"\r\n          }\r\n        ],\r\n        \"subject\": \"Report Collateral Report execution failed(SIT environment)\",\r\n        \"body\": null,\r\n        \"templateName\": \"SEND-failure-RC2\",\r\n        \"toRecipients\": {\r\n          \"emailAddress\": [\"a485047@fmr.com\"]\r\n        },\r\n        \"ccRecipients\": null,\r\n        \"bccRecipients\": null,\r\n        \"fromRecipient\": \"CRA_Monitoring@fmr.com\",\r\n        \"enableSimpleTextBody\": false,\r\n        \"templateFormat\": \"HTML\"\r\n      }\r\n    ]\r\n  }\r\n}\r\n"},"url":{"raw":"https://vc2cmmkb258985n.fmrco.com:20013/send/v2/executeMultiple?app=CP_CRAWORKSPACE","protocol":"https","host":["vc2cmmkb258985n","fmrco","com"],"port":"20013","path":["send","v2","executeMultiple"],"query":[{"key":"app","value":"CP_CRAWORKSPACE"}]}},"response":[]},{"name":"Email Issue","id":"21fcd6b6-3d59-43b8-99b2-2f7464b4d76d","request":{"auth":{"type":"ntlm","ntlm":[{"key":"password","value":"Jaisai@09","type":"string"},{"key":"username","value":"a485047","type":"string"}]},"method":"POST","header":[{"key":"Content-Type","name":"Content-Type","type":"text","value":"application/json"}],"body":{"mode":"raw","raw":"{\r\n  \"execution\": {\r\n    \"reports\": [\r\n      {\r\n        \"id\": \"1\",\r\n        \"name\": \"Collateral Report\",\r\n        \"executionFileName\": \"Collateral Report.xdo\",\r\n        \"executionApplication\": null,\r\n        \"path\": \"/CRA Publisher Reports/Catalog Reports/\",\r\n        \"format\": \"excel\",\r\n        \"userName\": null,\r\n        \"executionMode\": \"ASYNC\",\r\n        \"requestMethod\": null,\r\n        \"startDate\": null,\r\n        \"impersonate\": \"A214463\",\r\n        \"outputFileName\": \"Collateral Report_10_26_2018_02_08_45.xls\",\r\n        \"templateName\": null,\r\n        \"saveDataOption\": null,\r\n        \"publicOption\": null,\r\n        \"parameters\": null\r\n      }\r\n    ]\r\n  },\r\n  \"notificationConfig\": {\r\n    \"emailNotification\": [\r\n      {\r\n        \"reportDatas\": [\r\n          {\r\n            \"reportId\": \"1\",\r\n            \"reportName\": \"Collateral Report\",\r\n            \"outputFilename\": null\r\n          }\r\n        ],\r\n        \"subject\": \"Report Collateral Report completed (SIT environment)\",\r\n        \"body\": \"Test OBIEE\",\r\n        \"includeAttachments\": true,\r\n        \"toRecipients\": { \"emailAddress\": [\"CPAPPSDEVINDTEAM@fmr.com\"] },\r\n        \"ccRecipients\": null,\r\n        \"bccRecipients\": null,\r\n        \"fromRecipient\": \"CRA_Monitoring@fmr.com\",\r\n        \"enableSimpleTextBody\": true\r\n      }\r\n    ]\r\n  },\r\n  \"deliveryConfig\": null,\r\n  \"failureEmailNotificationConfig\": {\r\n    \"emailNotification\": [\r\n      {\r\n        \"reportDatas\": [\r\n          {\r\n            \"reportId\": \"1\",\r\n            \"reportName\": \"Collateral Report\",\r\n            \"outputFilename\": \"Collateral Report_10_26_2018_02_08_45.xls\"\r\n          }\r\n        ],\r\n        \"subject\": \"Report Collateral Report execution failed(SIT environment)\",\r\n        \"body\": null,\r\n        \"templateName\": \"SEND-failure-RC2\",\r\n        \"toRecipients\": {\r\n          \"emailAddress\": [\"CPAPPSDEVINDTEAM@fmr.com\", \"CPQA_INDIA@fmr.com\"]\r\n        },\r\n        \"ccRecipients\": null,\r\n        \"bccRecipients\": null,\r\n        \"fromRecipient\": \"CRA_Monitoring@fmr.com\",\r\n        \"enableSimpleTextBody\": false,\r\n        \"templateFormat\": \"HTML\"\r\n      }\r\n    ]\r\n  }\r\n}\r\n"},"url":{"raw":"https://vc2cmmkb258985n.fmrco.com:20013/send/v2/executeMultiple?app=CP_CRAWORKSPACE","protocol":"https","host":["vc2cmmkb258985n","fmrco","com"],"port":"20013","path":["send","v2","executeMultiple"],"query":[{"key":"app","value":"CP_CRAWORKSPACE"}]}},"response":[]}]}