{"info":{"_postman_id":"e58b6b44-2722-4749-bb6c-458fb1e2a184","name":"ReportingFundUniverse","schema":"https://schema.getpostman.com/json/collection/v2.1.0/collection.json"},"item":[{"name":"UploadUniverse","id":"a3eb83f3-07c6-424b-9b6f-d8bc716cbcc6","protocolProfileBehavior":{"disableBodyPruning":true},"request":{"method":"POST","header":[],"body":{"mode":"raw","raw":"[\r\n   \r\n    \r\n    \r\n    {\r\n        \"recSeq\": 1057,\r\n        \"rptlistName\": \"BROKER_IOI\",\r\n        \"rptPurpNote\": \"Broker IOI Data\",\r\n        \"rptmemNote1\": \"BRKR_ID\",\r\n        \"rptmemNote2\": \"COMM\",\r\n        \"rptmemNote3\": \"COMM_RANK\",\r\n        \"rptmemNote4\": \"VALUE\",\r\n        \"rptmemNote5\": \"CATEGORY\",\r\n        \"rptmemNote6\": \"ITEM\",\r\n        \"rptmemNote7\": \"DESK\",\r\n        \"rptmemNote8\": \"ACTIONABLE\",\r\n        \"rptPurpMem1\": 83,\r\n        \"rptPurpMem2\": 1221665.0,\r\n        \"rptPurpMem3\": 9,\r\n        \"rptPurpMem4\": 43.09836,\r\n        \"rptPurpMem5\": \"Nat\",\r\n        \"rptPurpMem6\": \"# Nat/day\",\r\n        \"rptPurpMem7\": \"Boston\",\r\n        \"rptPurpMem8\": \"Actionable\"\r\n    },\r\n    {\r\n        \"recSeq\": 1058,\r\n        \"rptlistName\": \"BROKER_IOI\",\r\n        \"rptPurpNote\": \"Broker IOI Data\",\r\n        \"rptmemNote1\": \"BRKR_ID\",\r\n        \"rptmemNote2\": \"COMM\",\r\n        \"rptmemNote3\": \"COMM_RANK\",\r\n        \"rptmemNote4\": \"VALUE\",\r\n        \"rptmemNote5\": \"CATEGORY\",\r\n        \"rptmemNote6\": \"ITEM\",\r\n        \"rptmemNote7\": \"DESK\",\r\n        \"rptmemNote8\": \"ACTIONABLE\",\r\n        \"rptPurpMem1\": 83,\r\n        \"rptPurpMem2\": 1221665.0,\r\n        \"rptPurpMem3\": 9,\r\n        \"rptPurpMem4\": 0.9820559000000001,\r\n        \"rptPurpMem5\": \"Nat\",\r\n        \"rptPurpMem6\": \"% ADV \\n($-wtd)\",\r\n        \"rptPurpMem7\": \"Boston\",\r\n        \"rptPurpMem8\": \"Actionable\"\r\n    },\r\n    {\r\n        \"recSeq\": 1059,\r\n        \"rptlistName\": \"BROKER_IOI\",\r\n        \"rptPurpNote\": \"Broker IOI Data\",\r\n        \"rptmemNote1\": \"BRKR_ID\",\r\n        \"rptmemNote2\": \"COMM\",\r\n        \"rptmemNote3\": \"COMM_RANK\",\r\n        \"rptmemNote4\": \"VALUE\",\r\n        \"rptmemNote5\": \"CATEGORY\",\r\n        \"rptmemNote6\": \"ITEM\",\r\n        \"rptmemNote7\": \"DESK\",\r\n        \"rptmemNote8\": \"ACTIONABLE\",\r\n        \"rptPurpMem1\": 83,\r\n        \"rptPurpMem2\": 1221665.0,\r\n        \"rptPurpMem3\": 9,\r\n        \"rptPurpMem4\": 0.8225364,\r\n        \"rptPurpMem5\": \"Nat\",\r\n        \"rptPurpMem6\": \"% ADV \\n(avg)\",\r\n        \"rptPurpMem7\": \"Boston\",\r\n        \"rptPurpMem8\": \"Actionable\"\r\n    },\r\n    {\r\n        \"recSeq\": 1060,\r\n        \"rptlistName\": \"BROKER_IOI\",\r\n        \"rptPurpNote\": \"Broker IOI Data\",\r\n        \"rptmemNote1\": \"BRKR_ID\",\r\n        \"rptmemNote2\": \"COMM\",\r\n        \"rptmemNote3\": \"COMM_RANK\",\r\n        \"rptmemNote4\": \"VALUE\",\r\n        \"rptmemNote5\": \"CATEGORY\",\r\n        \"rptmemNote6\": \"ITEM\",\r\n        \"rptmemNote7\": \"DESK\",\r\n        \"rptmemNote8\": \"ACTIONABLE\",\r\n        \"rptPurpMem1\": 83,\r\n        \"rptPurpMem2\": 1221665.0,\r\n        \"rptPurpMem3\": 9,\r\n        \"rptPurpMem4\": 0.7371624,\r\n        \"rptPurpMem5\": \"Nat\",\r\n        \"rptPurpMem6\": \"0-1%\",\r\n        \"rptPurpMem7\": \"Boston\",\r\n        \"rptPurpMem8\": \"Actionable\"\r\n    },\r\n    {\r\n        \"recSeq\": 1061,\r\n        \"rptlistName\": \"BROKER_IOI\",\r\n        \"rptPurpNote\": \"Broker IOI Data\",\r\n        \"rptmemNote1\": \"BRKR_ID\",\r\n        \"rptmemNote2\": \"COMM\",\r\n        \"rptmemNote3\": \"COMM_RANK\",\r\n        \"rptmemNote4\": \"VALUE\",\r\n        \"rptmemNote5\": \"CATEGORY\",\r\n        \"rptmemNote6\": \"ITEM\",\r\n        \"rptmemNote7\": \"DESK\",\r\n        \"rptmemNote8\": \"ACTIONABLE\",\r\n        \"rptPurpMem1\": 83,\r\n        \"rptPurpMem2\": 1221665.0,\r\n        \"rptPurpMem3\": 9,\r\n        \"rptPurpMem4\": 0.2023583,\r\n        \"rptPurpMem5\": \"Nat\",\r\n        \"rptPurpMem6\": \"1-2.5%\",\r\n        \"rptPurpMem7\": \"Boston\",\r\n        \"rptPurpMem8\": \"Actionable\"\r\n    },\r\n    {\r\n        \"recSeq\": 1062,\r\n        \"rptlistName\": \"BROKER_IOI\",\r\n        \"rptPurpNote\": \"Broker IOI Data\",\r\n        \"rptmemNote1\": \"BRKR_ID\",\r\n        \"rptmemNote2\": \"COMM\",\r\n        \"rptmemNote3\": \"COMM_RANK\",\r\n        \"rptmemNote4\": \"VALUE\",\r\n        \"rptmemNote5\": \"CATEGORY\",\r\n        \"rptmemNote6\": \"ITEM\",\r\n        \"rptmemNote7\": \"DESK\",\r\n        \"rptmemNote8\": \"ACTIONABLE\",\r\n        \"rptPurpMem1\": 83,\r\n        \"rptPurpMem2\": 1221665.0,\r\n        \"rptPurpMem3\": 9,\r\n        \"rptPurpMem4\": 0.04906809,\r\n        \"rptPurpMem5\": \"Nat\",\r\n        \"rptPurpMem6\": \"2.5-5%\",\r\n        \"rptPurpMem7\": \"Boston\",\r\n        \"rptPurpMem8\": \"Actionable\"\r\n    },\r\n    {\r\n        \"recSeq\": 1063,\r\n        \"rptlistName\": \"BROKER_IOI\",\r\n        \"rptPurpNote\": \"Broker IOI Data\",\r\n        \"rptmemNote1\": \"BRKR_ID\",\r\n        \"rptmemNote2\": \"COMM\",\r\n        \"rptmemNote3\": \"COMM_RANK\",\r\n        \"rptmemNote4\": \"VALUE\",\r\n        \"rptmemNote5\": \"CATEGORY\",\r\n        \"rptmemNote6\": \"ITEM\",\r\n        \"rptmemNote7\": \"DESK\",\r\n        \"rptmemNote8\": \"ACTIONABLE\",\r\n        \"rptPurpMem1\": 83,\r\n        \"rptPurpMem2\": 1221665.0,\r\n        \"rptPurpMem3\": 9,\r\n        \"rptPurpMem4\": 0.01103081,\r\n        \"rptPurpMem5\": \"Nat\",\r\n        \"rptPurpMem6\": \"5-10%\",\r\n        \"rptPurpMem7\": \"Boston\",\r\n        \"rptPurpMem8\": \"Actionable\"\r\n    },\r\n    {\r\n        \"recSeq\": 1064,\r\n        \"rptlistName\": \"BROKER_IOI\",\r\n        \"rptPurpNote\": \"Broker IOI Data\",\r\n        \"rptmemNote1\": \"BRKR_ID\",\r\n        \"rptmemNote2\": \"COMM\",\r\n        \"rptmemNote3\": \"COMM_RANK\",\r\n        \"rptmemNote4\": \"VALUE\",\r\n        \"rptmemNote5\": \"CATEGORY\",\r\n        \"rptmemNote6\": \"ITEM\",\r\n        \"rptmemNote7\": \"DESK\",\r\n        \"rptmemNote8\": \"ACTIONABLE\",\r\n        \"rptPurpMem1\": 83,\r\n        \"rptPurpMem2\": 1221665.0,\r\n        \"rptPurpMem3\": 9,\r\n        \"rptPurpMem4\": 0.00038037300000000004,\r\n        \"rptPurpMem5\": \"Nat\",\r\n        \"rptPurpMem6\": \">10%\",\r\n        \"rptPurpMem7\": \"Boston\",\r\n        \"rptPurpMem8\": \"Actionable\"\r\n    },\r\n    {\r\n        \"recSeq\": 1065,\r\n        \"rptlistName\": \"BROKER_IOI\",\r\n        \"rptPurpNote\": \"Broker IOI Data\",\r\n        \"rptmemNote1\": \"BRKR_ID\",\r\n        \"rptmemNote2\": \"COMM\",\r\n        \"rptmemNote3\": \"COMM_RANK\",\r\n        \"rptmemNote4\": \"VALUE\",\r\n        \"rptmemNote5\": \"CATEGORY\",\r\n        \"rptmemNote6\": \"ITEM\",\r\n        \"rptmemNote7\": \"DESK\",\r\n        \"rptmemNote8\": \"ACTIONABLE\",\r\n        \"rptPurpMem1\": 132,\r\n        \"rptPurpMem2\": 1137194.0,\r\n        \"rptPurpMem3\": 10,\r\n        \"rptPurpMem4\": 495.0492,\r\n        \"rptPurpMem5\": \"All\",\r\n        \"rptPurpMem6\": \"#/day\",\r\n        \"rptPurpMem7\": \"Boston\",\r\n        \"rptPurpMem8\": \"Actionable\"\r\n    },\r\n    {\r\n        \"recSeq\": 1066,\r\n        \"rptlistName\": \"BROKER_IOI\",\r\n        \"rptPurpNote\": \"Broker IOI Data\",\r\n        \"rptmemNote1\": \"BRKR_ID\",\r\n        \"rptmemNote2\": \"COMM\",\r\n        \"rptmemNote3\": \"COMM_RANK\",\r\n        \"rptmemNote4\": \"VALUE\",\r\n        \"rptmemNote5\": \"CATEGORY\",\r\n        \"rptmemNote6\": \"ITEM\",\r\n        \"rptmemNote7\": \"DESK\",\r\n        \"rptmemNote8\": \"ACTIONABLE\",\r\n        \"rptPurpMem1\": 132,\r\n        \"rptPurpMem2\": 1137194.0,\r\n        \"rptPurpMem3\": 10,\r\n        \"rptPurpMem4\": 2.862959,\r\n        \"rptPurpMem5\": \"All\",\r\n        \"rptPurpMem6\": \"% ADV \\n($-wtd)\",\r\n        \"rptPurpMem7\": \"Boston\",\r\n        \"rptPurpMem8\": \"Actionable\"\r\n    },\r\n    {\r\n        \"recSeq\": 1067,\r\n        \"rptlistName\": \"BROKER_IOI\",\r\n        \"rptPurpNote\": \"Broker IOI Data\",\r\n        \"rptmemNote1\": \"BRKR_ID\",\r\n        \"rptmemNote2\": \"COMM\",\r\n        \"rptmemNote3\": \"COMM_RANK\",\r\n        \"rptmemNote4\": \"VALUE\",\r\n        \"rptmemNote5\": \"CATEGORY\",\r\n        \"rptmemNote6\": \"ITEM\",\r\n        \"rptmemNote7\": \"DESK\",\r\n        \"rptmemNote8\": \"ACTIONABLE\",\r\n        \"rptPurpMem1\": 132,\r\n        \"rptPurpMem2\": 1137194.0,\r\n        \"rptPurpMem3\": 10,\r\n        \"rptPurpMem4\": 3.197219,\r\n        \"rptPurpMem5\": \"All\",\r\n        \"rptPurpMem6\": \"% ADV \\n(avg)\",\r\n        \"rptPurpMem7\": \"Boston\",\r\n        \"rptPurpMem8\": \"Actionable\"\r\n    },\r\n    {\r\n        \"recSeq\": 1068,\r\n        \"rptlistName\": \"BROKER_IOI\",\r\n        \"rptPurpNote\": \"Broker IOI Data\",\r\n        \"rptmemNote1\": \"BRKR_ID\",\r\n        \"rptmemNote2\": \"COMM\",\r\n        \"rptmemNote3\": \"COMM_RANK\",\r\n        \"rptmemNote4\": \"VALUE\",\r\n        \"rptmemNote5\": \"CATEGORY\",\r\n        \"rptmemNote6\": \"ITEM\",\r\n        \"rptmemNote7\": \"DESK\",\r\n        \"rptmemNote8\": \"ACTIONABLE\",\r\n        \"rptPurpMem1\": 132,\r\n        \"rptPurpMem2\": 1137194.0,\r\n        \"rptPurpMem3\": 10,\r\n        \"rptPurpMem4\": 0.1842175,\r\n        \"rptPurpMem5\": \"All\",\r\n        \"rptPurpMem6\": \"0-1%\",\r\n        \"rptPurpMem7\": \"Boston\",\r\n        \"rptPurpMem8\": \"Actionable\"\r\n    },\r\n    {\r\n        \"recSeq\": 1069,\r\n        \"rptlistName\": \"BROKER_IOI\",\r\n        \"rptPurpNote\": \"Broker IOI Data\",\r\n        \"rptmemNote1\": \"BRKR_ID\",\r\n        \"rptmemNote2\": \"COMM\",\r\n        \"rptmemNote3\": \"COMM_RANK\",\r\n        \"rptmemNote4\": \"VALUE\",\r\n        \"rptmemNote5\": \"CATEGORY\",\r\n        \"rptmemNote6\": \"ITEM\",\r\n        \"rptmemNote7\": \"DESK\",\r\n        \"rptmemNote8\": \"ACTIONABLE\",\r\n        \"rptPurpMem1\": 132,\r\n        \"rptPurpMem2\": 1137194.0,\r\n        \"rptPurpMem3\": 10,\r\n        \"rptPurpMem4\": 0.3925094,\r\n        \"rptPurpMem5\": \"All\",\r\n        \"rptPurpMem6\": \"1-2.5%\",\r\n        \"rptPurpMem7\": \"Boston\",\r\n        \"rptPurpMem8\": \"Actionable\"\r\n    },\r\n    {\r\n        \"recSeq\": 1070,\r\n        \"rptlistName\": \"BROKER_IOI\",\r\n        \"rptPurpNote\": \"Broker IOI Data\",\r\n        \"rptmemNote1\": \"BRKR_ID\",\r\n        \"rptmemNote2\": \"COMM\",\r\n        \"rptmemNote3\": \"COMM_RANK\",\r\n        \"rptmemNote4\": \"VALUE\",\r\n        \"rptmemNote5\": \"CATEGORY\",\r\n        \"rptmemNote6\": \"ITEM\",\r\n        \"rptmemNote7\": \"DESK\",\r\n        \"rptmemNote8\": \"ACTIONABLE\",\r\n        \"rptPurpMem1\": 132,\r\n        \"rptPurpMem2\": 1137194.0,\r\n        \"rptPurpMem3\": 10,\r\n        \"rptPurpMem4\": 0.2453143,\r\n        \"rptPurpMem5\": \"All\",\r\n        \"rptPurpMem6\": \"2.5-5%\",\r\n        \"rptPurpMem7\": \"Boston\",\r\n        \"rptPurpMem8\": \"Actionable\"\r\n    },\r\n    {\r\n        \"recSeq\": 1071,\r\n        \"rptlistName\": \"BROKER_IOI\",\r\n        \"rptPurpNote\": \"Broker IOI Data\",\r\n        \"rptmemNote1\": \"BRKR_ID\",\r\n        \"rptmemNote2\": \"COMM\",\r\n        \"rptmemNote3\": \"COMM_RANK\",\r\n        \"rptmemNote4\": \"VALUE\",\r\n        \"rptmemNote5\": \"CATEGORY\",\r\n        \"rptmemNote6\": \"ITEM\",\r\n        \"rptmemNote7\": \"DESK\",\r\n        \"rptmemNote8\": \"ACTIONABLE\",\r\n        \"rptPurpMem1\": 132,\r\n        \"rptPurpMem2\": 1137194.0,\r\n        \"rptPurpMem3\": 10,\r\n        \"rptPurpMem4\": 0.1326578,\r\n        \"rptPurpMem5\": \"All\",\r\n        \"rptPurpMem6\": \"5-10%\",\r\n        \"rptPurpMem7\": \"Boston\",\r\n        \"rptPurpMem8\": \"Actionable\"\r\n    },\r\n    {\r\n        \"recSeq\": 1072,\r\n        \"rptlistName\": \"BROKER_IOI\",\r\n        \"rptPurpNote\": \"Broker IOI Data\",\r\n        \"rptmemNote1\": \"BRKR_ID\",\r\n        \"rptmemNote2\": \"COMM\",\r\n        \"rptmemNote3\": \"COMM_RANK\",\r\n        \"rptmemNote4\": \"VALUE\",\r\n        \"rptmemNote5\": \"CATEGORY\",\r\n        \"rptmemNote6\": \"ITEM\",\r\n        \"rptmemNote7\": \"DESK\",\r\n        \"rptmemNote8\": \"ACTIONABLE\",\r\n        \"rptPurpMem1\": 132,\r\n        \"rptPurpMem2\": 1137194.0,\r\n        \"rptPurpMem3\": 10,\r\n        \"rptPurpMem4\": 0.04530101,\r\n        \"rptPurpMem5\": \"All\",\r\n        \"rptPurpMem6\": \">10%\",\r\n        \"rptPurpMem7\": \"Boston\",\r\n        \"rptPurpMem8\": \"Actionable\"\r\n    },\r\n    {\r\n        \"recSeq\": 1073,\r\n        \"rptlistName\": \"BROKER_IOI\",\r\n        \"rptPurpNote\": \"Broker IOI Data\",\r\n        \"rptmemNote1\": \"BRKR_ID\",\r\n        \"rptmemNote2\": \"COMM\",\r\n        \"rptmemNote3\": \"COMM_RANK\",\r\n        \"rptmemNote4\": \"VALUE\",\r\n        \"rptmemNote5\": \"CATEGORY\",\r\n        \"rptmemNote6\": \"ITEM\",\r\n        \"rptmemNote7\": \"DESK\",\r\n        \"rptmemNote8\": \"ACTIONABLE\",\r\n        \"rptPurpMem1\": 132,\r\n        \"rptPurpMem2\": 1137194.0,\r\n        \"rptPurpMem3\": 10,\r\n        \"rptPurpMem4\": 606.0,\r\n        \"rptPurpMem5\": \"All\",\r\n        \"rptPurpMem6\": \"# Names\",\r\n        \"rptPurpMem7\": \"Boston\",\r\n        \"rptPurpMem8\": \"Actionable\"\r\n    },\r\n    {\r\n        \"recSeq\": 1074,\r\n        \"rptlistName\": \"BROKER_IOI\",\r\n        \"rptPurpNote\": \"Broker IOI Data\",\r\n        \"rptmemNote1\": \"BRKR_ID\",\r\n        \"rptmemNote2\": \"COMM\",\r\n        \"rptmemNote3\": \"COMM_RANK\",\r\n        \"rptmemNote4\": \"VALUE\",\r\n        \"rptmemNote5\": \"CATEGORY\",\r\n        \"rptmemNote6\": \"ITEM\",\r\n        \"rptmemNote7\": \"DESK\",\r\n        \"rptmemNote8\": \"ACTIONABLE\",\r\n        \"rptPurpMem1\": 132,\r\n        \"rptPurpMem2\": 1137194.0,\r\n        \"rptPurpMem3\": 10,\r\n        \"rptPurpMem4\": 60.0,\r\n        \"rptPurpMem5\": \"All\",\r\n        \"rptPurpMem6\": \"# days IOIs\\nreceived\",\r\n        \"rptPurpMem7\": \"Boston\",\r\n        \"rptPurpMem8\": \"Actionable\"\r\n    },\r\n    {\r\n        \"recSeq\": 1075,\r\n        \"rptlistName\": \"BROKER_IOI\",\r\n        \"rptPurpNote\": \"Broker IOI Data\",\r\n        \"rptmemNote1\": \"BRKR_ID\",\r\n        \"rptmemNote2\": \"COMM\",\r\n        \"rptmemNote3\": \"COMM_RANK\",\r\n        \"rptmemNote4\": \"VALUE\",\r\n        \"rptmemNote5\": \"CATEGORY\",\r\n        \"rptmemNote6\": \"ITEM\",\r\n        \"rptmemNote7\": \"DESK\",\r\n        \"rptmemNote8\": \"ACTIONABLE\",\r\n        \"rptPurpMem1\": 132,\r\n        \"rptPurpMem2\": 1137194.0,\r\n        \"rptPurpMem3\": 10,\r\n        \"rptPurpMem4\": 9.93e-05,\r\n        \"rptPurpMem5\": \"All\",\r\n        \"rptPurpMem6\": \"% Nat\",\r\n        \"rptPurpMem7\": \"Boston\",\r\n        \"rptPurpMem8\": \"Actionable\"\r\n    },\r\n    {\r\n        \"recSeq\": 1076,\r\n        \"rptlistName\": \"BROKER_IOI\",\r\n        \"rptPurpNote\": \"Broker IOI Data\",\r\n        \"rptmemNote1\": \"BRKR_ID\",\r\n        \"rptmemNote2\": \"COMM\",\r\n        \"rptmemNote3\": \"COMM_RANK\",\r\n        \"rptmemNote4\": \"VALUE\",\r\n        \"rptmemNote5\": \"CATEGORY\",\r\n        \"rptmemNote6\": \"ITEM\",\r\n        \"rptmemNote7\": \"DESK\",\r\n        \"rptmemNote8\": \"ACTIONABLE\",\r\n        \"rptPurpMem1\": 132,\r\n        \"rptPurpMem2\": 1137194.0,\r\n        \"rptPurpMem3\": 10,\r\n        \"rptPurpMem4\": 0.04918033,\r\n        \"rptPurpMem5\": \"Nat\",\r\n        \"rptPurpMem6\": \"# Nat/day\",\r\n        \"rptPurpMem7\": \"Boston\",\r\n        \"rptPurpMem8\": \"Actionable\"\r\n    },\r\n    {\r\n        \"recSeq\": 1077,\r\n        \"rptlistName\": \"BROKER_IOI\",\r\n        \"rptPurpNote\": \"Broker IOI Data\",\r\n        \"rptmemNote1\": \"BRKR_ID\",\r\n        \"rptmemNote2\": \"COMM\",\r\n        \"rptmemNote3\": \"COMM_RANK\",\r\n        \"rptmemNote4\": \"VALUE\",\r\n        \"rptmemNote5\": \"CATEGORY\",\r\n        \"rptmemNote6\": \"ITEM\",\r\n        \"rptmemNote7\": \"DESK\",\r\n        \"rptmemNote8\": \"ACTIONABLE\",\r\n        \"rptPurpMem1\": 132,\r\n        \"rptPurpMem2\": 1137194.0,\r\n        \"rptPurpMem3\": 10,\r\n        \"rptPurpMem4\": 3.7519099999999996,\r\n        \"rptPurpMem5\": \"Nat\",\r\n        \"rptPurpMem6\": \"% ADV \\n($-wtd)\",\r\n        \"rptPurpMem7\": \"Boston\",\r\n        \"rptPurpMem8\": \"Actionable\"\r\n    },\r\n    {\r\n        \"recSeq\": 1078,\r\n        \"rptlistName\": \"BROKER_IOI\",\r\n        \"rptPurpNote\": \"Broker IOI Data\",\r\n        \"rptmemNote1\": \"BRKR_ID\",\r\n        \"rptmemNote2\": \"COMM\",\r\n        \"rptmemNote3\": \"COMM_RANK\",\r\n        \"rptmemNote4\": \"VALUE\",\r\n        \"rptmemNote5\": \"CATEGORY\",\r\n        \"rptmemNote6\": \"ITEM\",\r\n        \"rptmemNote7\": \"DESK\",\r\n        \"rptmemNote8\": \"ACTIONABLE\",\r\n        \"rptPurpMem1\": 132,\r\n        \"rptPurpMem2\": 1137194.0,\r\n        \"rptPurpMem3\": 10,\r\n        \"rptPurpMem4\": 5.560996,\r\n        \"rptPurpMem5\": \"Nat\",\r\n        \"rptPurpMem6\": \"% ADV \\n(avg)\",\r\n        \"rptPurpMem7\": \"Boston\",\r\n        \"rptPurpMem8\": \"Actionable\"\r\n    },\r\n    {\r\n        \"recSeq\": 1079,\r\n        \"rptlistName\": \"BROKER_IOI\",\r\n        \"rptPurpNote\": \"Broker IOI Data\",\r\n        \"rptmemNote1\": \"BRKR_ID\",\r\n        \"rptmemNote2\": \"COMM\",\r\n        \"rptmemNote3\": \"COMM_RANK\",\r\n        \"rptmemNote4\": \"VALUE\",\r\n        \"rptmemNote5\": \"CATEGORY\",\r\n        \"rptmemNote6\": \"ITEM\",\r\n        \"rptmemNote7\": \"DESK\",\r\n        \"rptmemNote8\": \"ACTIONABLE\",\r\n        \"rptPurpMem1\": 132,\r\n        \"rptPurpMem2\": 1137194.0,\r\n        \"rptPurpMem3\": 10,\r\n        \"rptPurpMem4\": 0.0,\r\n        \"rptPurpMem5\": \"Nat\",\r\n        \"rptPurpMem6\": \"0-1%\",\r\n        \"rptPurpMem7\": \"Boston\",\r\n        \"rptPurpMem8\": \"Actionable\"\r\n    },\r\n    {\r\n        \"recSeq\": 1080,\r\n        \"rptlistName\": \"BROKER_IOI\",\r\n        \"rptPurpNote\": \"Broker IOI Data\",\r\n        \"rptmemNote1\": \"BRKR_ID\",\r\n        \"rptmemNote2\": \"COMM\",\r\n        \"rptmemNote3\": \"COMM_RANK\",\r\n        \"rptmemNote4\": \"VALUE\",\r\n        \"rptmemNote5\": \"CATEGORY\",\r\n        \"rptmemNote6\": \"ITEM\",\r\n        \"rptmemNote7\": \"DESK\",\r\n        \"rptmemNote8\": \"ACTIONABLE\",\r\n        \"rptPurpMem1\": 132,\r\n        \"rptPurpMem2\": 1137194.0,\r\n        \"rptPurpMem3\": 10,\r\n        \"rptPurpMem4\": 0.3333333,\r\n        \"rptPurpMem5\": \"Nat\",\r\n        \"rptPurpMem6\": \"1-2.5%\",\r\n        \"rptPurpMem7\": \"Boston\",\r\n        \"rptPurpMem8\": \"Actionable\"\r\n    },\r\n    {\r\n        \"recSeq\": 1081,\r\n        \"rptlistName\": \"BROKER_IOI\",\r\n        \"rptPurpNote\": \"Broker IOI Data\",\r\n        \"rptmemNote1\": \"BRKR_ID\",\r\n        \"rptmemNote2\": \"COMM\",\r\n        \"rptmemNote3\": \"COMM_RANK\",\r\n        \"rptmemNote4\": \"VALUE\",\r\n        \"rptmemNote5\": \"CATEGORY\",\r\n        \"rptmemNote6\": \"ITEM\",\r\n        \"rptmemNote7\": \"DESK\",\r\n        \"rptmemNote8\": \"ACTIONABLE\",\r\n        \"rptPurpMem1\": 132,\r\n        \"rptPurpMem2\": 1137194.0,\r\n        \"rptPurpMem3\": 10,\r\n        \"rptPurpMem4\": 0.3333333,\r\n        \"rptPurpMem5\": \"Nat\",\r\n        \"rptPurpMem6\": \"2.5-5%\",\r\n        \"rptPurpMem7\": \"Boston\",\r\n        \"rptPurpMem8\": \"Actionable\"\r\n    },\r\n    {\r\n        \"recSeq\": 1082,\r\n        \"rptlistName\": \"BROKER_IOI\",\r\n        \"rptPurpNote\": \"Broker IOI Data\",\r\n        \"rptmemNote1\": \"BRKR_ID\",\r\n        \"rptmemNote2\": \"COMM\",\r\n        \"rptmemNote3\": \"COMM_RANK\",\r\n        \"rptmemNote4\": \"VALUE\",\r\n        \"rptmemNote5\": \"CATEGORY\",\r\n        \"rptmemNote6\": \"ITEM\",\r\n        \"rptmemNote7\": \"DESK\",\r\n        \"rptmemNote8\": \"ACTIONABLE\",\r\n        \"rptPurpMem1\": 132,\r\n        \"rptPurpMem2\": 1137194.0,\r\n        \"rptPurpMem3\": 10,\r\n        \"rptPurpMem4\": 0.0,\r\n        \"rptPurpMem5\": \"Nat\",\r\n        \"rptPurpMem6\": \"5-10%\",\r\n        \"rptPurpMem7\": \"Boston\",\r\n        \"rptPurpMem8\": \"Actionable\"\r\n    },\r\n    {\r\n        \"recSeq\": 1083,\r\n        \"rptlistName\": \"BROKER_IOI\",\r\n        \"rptPurpNote\": \"Broker IOI Data\",\r\n        \"rptmemNote1\": \"BRKR_ID\",\r\n        \"rptmemNote2\": \"COMM\",\r\n        \"rptmemNote3\": \"COMM_RANK\",\r\n        \"rptmemNote4\": \"VALUE\",\r\n        \"rptmemNote5\": \"CATEGORY\",\r\n        \"rptmemNote6\": \"ITEM\",\r\n        \"rptmemNote7\": \"DESK\",\r\n        \"rptmemNote8\": \"ACTIONABLE\",\r\n        \"rptPurpMem1\": 132,\r\n        \"rptPurpMem2\": 1137194.0,\r\n        \"rptPurpMem3\": 10,\r\n        \"rptPurpMem4\": 0.3333333,\r\n        \"rptPurpMem5\": \"Nat\",\r\n        \"rptPurpMem6\": \">10%\",\r\n        \"rptPurpMem7\": \"Boston\",\r\n        \"rptPurpMem8\": \"Actionable\"\r\n    },\r\n    {\r\n        \"recSeq\": 1084,\r\n        \"rptlistName\": \"BROKER_IOI\",\r\n        \"rptPurpNote\": \"Broker IOI Data\",\r\n        \"rptmemNote1\": \"BRKR_ID\",\r\n        \"rptmemNote2\": \"COMM\",\r\n        \"rptmemNote3\": \"COMM_RANK\",\r\n        \"rptmemNote4\": \"VALUE\",\r\n        \"rptmemNote5\": \"CATEGORY\",\r\n        \"rptmemNote6\": \"ITEM\",\r\n        \"rptmemNote7\": \"DESK\",\r\n        \"rptmemNote8\": \"ACTIONABLE\",\r\n        \"rptPurpMem1\": 2187,\r\n        \"rptPurpMem2\": 740659.8,\r\n        \"rptPurpMem3\": 12,\r\n        \"rptPurpMem4\": 248.6066,\r\n        \"rptPurpMem5\": \"All\",\r\n        \"rptPurpMem6\": \"#/day\",\r\n        \"rptPurpMem7\": \"Boston\",\r\n        \"rptPurpMem8\": \"Actionable\"\r\n    },\r\n    {\r\n        \"recSeq\": 1085,\r\n        \"rptlistName\": \"BROKER_IOI\",\r\n        \"rptPurpNote\": \"Broker IOI Data\",\r\n        \"rptmemNote1\": \"BRKR_ID\",\r\n        \"rptmemNote2\": \"COMM\",\r\n        \"rptmemNote3\": \"COMM_RANK\",\r\n        \"rptmemNote4\": \"VALUE\",\r\n        \"rptmemNote5\": \"CATEGORY\",\r\n        \"rptmemNote6\": \"ITEM\",\r\n        \"rptmemNote7\": \"DESK\",\r\n        \"rptmemNote8\": \"ACTIONABLE\",\r\n        \"rptPurpMem1\": 2187,\r\n        \"rptPurpMem2\": 740659.8,\r\n        \"rptPurpMem3\": 12,\r\n        \"rptPurpMem4\": 5.329862,\r\n        \"rptPurpMem5\": \"All\",\r\n        \"rptPurpMem6\": \"% ADV \\n($-wtd)\",\r\n        \"rptPurpMem7\": \"Boston\",\r\n        \"rptPurpMem8\": \"Actionable\"\r\n    },\r\n    {\r\n        \"recSeq\": 1086,\r\n        \"rptlistName\": \"BROKER_IOI\",\r\n        \"rptPurpNote\": \"Broker IOI Data\",\r\n        \"rptmemNote1\": \"BRKR_ID\",\r\n        \"rptmemNote2\": \"COMM\",\r\n        \"rptmemNote3\": \"COMM_RANK\",\r\n        \"rptmemNote4\": \"VALUE\",\r\n        \"rptmemNote5\": \"CATEGORY\",\r\n        \"rptmemNote6\": \"ITEM\",\r\n        \"rptmemNote7\": \"DESK\",\r\n        \"rptmemNote8\": \"ACTIONABLE\",\r\n        \"rptPurpMem1\": 2187,\r\n        \"rptPurpMem2\": 740659.8,\r\n        \"rptPurpMem3\": 12,\r\n        \"rptPurpMem4\": 3.131504,\r\n        \"rptPurpMem5\": \"All\",\r\n        \"rptPurpMem6\": \"% ADV \\n(avg)\",\r\n        \"rptPurpMem7\": \"Boston\",\r\n        \"rptPurpMem8\": \"Actionable\"\r\n    },\r\n    {\r\n        \"recSeq\": 1087,\r\n        \"rptlistName\": \"BROKER_IOI\",\r\n        \"rptPurpNote\": \"Broker IOI Data\",\r\n        \"rptmemNote1\": \"BRKR_ID\",\r\n        \"rptmemNote2\": \"COMM\",\r\n        \"rptmemNote3\": \"COMM_RANK\",\r\n        \"rptmemNote4\": \"VALUE\",\r\n        \"rptmemNote5\": \"CATEGORY\",\r\n        \"rptmemNote6\": \"ITEM\",\r\n        \"rptmemNote7\": \"DESK\",\r\n        \"rptmemNote8\": \"ACTIONABLE\",\r\n        \"rptPurpMem1\": 2187,\r\n        \"rptPurpMem2\": 740659.8,\r\n        \"rptPurpMem3\": 12,\r\n        \"rptPurpMem4\": 0.2253874,\r\n        \"rptPurpMem5\": \"All\",\r\n        \"rptPurpMem6\": \"0-1%\",\r\n        \"rptPurpMem7\": \"Boston\",\r\n        \"rptPurpMem8\": \"Actionable\"\r\n    },\r\n    {\r\n        \"recSeq\": 1088,\r\n        \"rptlistName\": \"BROKER_IOI\",\r\n        \"rptPurpNote\": \"Broker IOI Data\",\r\n        \"rptmemNote1\": \"BRKR_ID\",\r\n        \"rptmemNote2\": \"COMM\",\r\n        \"rptmemNote3\": \"COMM_RANK\",\r\n        \"rptmemNote4\": \"VALUE\",\r\n        \"rptmemNote5\": \"CATEGORY\",\r\n        \"rptmemNote6\": \"ITEM\",\r\n        \"rptmemNote7\": \"DESK\",\r\n        \"rptmemNote8\": \"ACTIONABLE\",\r\n        \"rptPurpMem1\": 2187,\r\n        \"rptPurpMem2\": 740659.8,\r\n        \"rptPurpMem3\": 12,\r\n        \"rptPurpMem4\": 0.3998022,\r\n        \"rptPurpMem5\": \"All\",\r\n        \"rptPurpMem6\": \"1-2.5%\",\r\n        \"rptPurpMem7\": \"Boston\",\r\n        \"rptPurpMem8\": \"Actionable\"\r\n    },\r\n    {\r\n        \"recSeq\": 1089,\r\n        \"rptlistName\": \"BROKER_IOI\",\r\n        \"rptPurpNote\": \"Broker IOI Data\",\r\n        \"rptmemNote1\": \"BRKR_ID\",\r\n        \"rptmemNote2\": \"COMM\",\r\n        \"rptmemNote3\": \"COMM_RANK\",\r\n        \"rptmemNote4\": \"VALUE\",\r\n        \"rptmemNote5\": \"CATEGORY\",\r\n        \"rptmemNote6\": \"ITEM\",\r\n        \"rptmemNote7\": \"DESK\",\r\n        \"rptmemNote8\": \"ACTIONABLE\",\r\n        \"rptPurpMem1\": 2187,\r\n        \"rptPurpMem2\": 740659.8,\r\n        \"rptPurpMem3\": 12,\r\n        \"rptPurpMem4\": 0.224728,\r\n        \"rptPurpMem5\": \"All\",\r\n        \"rptPurpMem6\": \"2.5-5%\",\r\n        \"rptPurpMem7\": \"Boston\",\r\n        \"rptPurpMem8\": \"Actionable\"\r\n    },\r\n    {\r\n        \"recSeq\": 1090,\r\n        \"rptlistName\": \"BROKER_IOI\",\r\n        \"rptPurpNote\": \"Broker IOI Data\",\r\n        \"rptmemNote1\": \"BRKR_ID\",\r\n        \"rptmemNote2\": \"COMM\",\r\n        \"rptmemNote3\": \"COMM_RANK\",\r\n        \"rptmemNote4\": \"VALUE\",\r\n        \"rptmemNote5\": \"CATEGORY\",\r\n        \"rptmemNote6\": \"ITEM\",\r\n        \"rptmemNote7\": \"DESK\",\r\n        \"rptmemNote8\": \"ACTIONABLE\",\r\n        \"rptPurpMem1\": 2187,\r\n        \"rptPurpMem2\": 740659.8,\r\n        \"rptPurpMem3\": 12,\r\n        \"rptPurpMem4\": 0.09765908,\r\n        \"rptPurpMem5\": \"All\",\r\n        \"rptPurpMem6\": \"5-10%\",\r\n        \"rptPurpMem7\": \"Boston\",\r\n        \"rptPurpMem8\": \"Actionable\"\r\n    },\r\n    {\r\n        \"recSeq\": 1091,\r\n        \"rptlistName\": \"BROKER_IOI\",\r\n        \"rptPurpNote\": \"Broker IOI Data\",\r\n        \"rptmemNote1\": \"BRKR_ID\",\r\n        \"rptmemNote2\": \"COMM\",\r\n        \"rptmemNote3\": \"COMM_RANK\",\r\n        \"rptmemNote4\": \"VALUE\",\r\n        \"rptmemNote5\": \"CATEGORY\",\r\n        \"rptmemNote6\": \"ITEM\",\r\n        \"rptmemNote7\": \"DESK\",\r\n        \"rptmemNote8\": \"ACTIONABLE\",\r\n        \"rptPurpMem1\": 2187,\r\n        \"rptPurpMem2\": 740659.8,\r\n        \"rptPurpMem3\": 12,\r\n        \"rptPurpMem4\": 0.05242334,\r\n        \"rptPurpMem5\": \"All\",\r\n        \"rptPurpMem6\": \">10%\",\r\n        \"rptPurpMem7\": \"Boston\",\r\n        \"rptPurpMem8\": \"Actionable\"\r\n    },\r\n    {\r\n        \"recSeq\": 1092,\r\n        \"rptlistName\": \"BROKER_IOI\",\r\n        \"rptPurpNote\": \"Broker IOI Data\",\r\n        \"rptmemNote1\": \"BRKR_ID\",\r\n        \"rptmemNote2\": \"COMM\",\r\n        \"rptmemNote3\": \"COMM_RANK\",\r\n        \"rptmemNote4\": \"VALUE\",\r\n        \"rptmemNote5\": \"CATEGORY\",\r\n        \"rptmemNote6\": \"ITEM\",\r\n        \"rptmemNote7\": \"DESK\",\r\n        \"rptmemNote8\": \"ACTIONABLE\",\r\n        \"rptPurpMem1\": 2187,\r\n        \"rptPurpMem2\": 740659.8,\r\n        \"rptPurpMem3\": 12,\r\n        \"rptPurpMem4\": 703.0,\r\n        \"rptPurpMem5\": \"All\",\r\n        \"rptPurpMem6\": \"# Names\",\r\n        \"rptPurpMem7\": \"Boston\",\r\n        \"rptPurpMem8\": \"Actionable\"\r\n    },\r\n    {\r\n        \"recSeq\": 1093,\r\n        \"rptlistName\": \"BROKER_IOI\",\r\n        \"rptPurpNote\": \"Broker IOI Data\",\r\n        \"rptmemNote1\": \"BRKR_ID\",\r\n        \"rptmemNote2\": \"COMM\",\r\n        \"rptmemNote3\": \"COMM_RANK\",\r\n        \"rptmemNote4\": \"VALUE\",\r\n        \"rptmemNote5\": \"CATEGORY\",\r\n        \"rptmemNote6\": \"ITEM\",\r\n        \"rptmemNote7\": \"DESK\",\r\n        \"rptmemNote8\": \"ACTIONABLE\",\r\n        \"rptPurpMem1\": 2187,\r\n        \"rptPurpMem2\": 740659.8,\r\n        \"rptPurpMem3\": 12,\r\n        \"rptPurpMem4\": 39.0,\r\n        \"rptPurpMem5\": \"All\",\r\n        \"rptPurpMem6\": \"# days IOIs\\nreceived\",\r\n        \"rptPurpMem7\": \"Boston\",\r\n        \"rptPurpMem8\": \"Actionable\"\r\n    },\r\n    {\r\n        \"recSeq\": 1094,\r\n        \"rptlistName\": \"BROKER_IOI\",\r\n        \"rptPurpNote\": \"Broker IOI Data\",\r\n        \"rptmemNote1\": \"BRKR_ID\",\r\n        \"rptmemNote2\": \"COMM\",\r\n        \"rptmemNote3\": \"COMM_RANK\",\r\n        \"rptmemNote4\": \"VALUE\",\r\n        \"rptmemNote5\": \"CATEGORY\",\r\n        \"rptmemNote6\": \"ITEM\",\r\n        \"rptmemNote7\": \"DESK\",\r\n        \"rptmemNote8\": \"ACTIONABLE\",\r\n        \"rptPurpMem1\": 2187,\r\n        \"rptPurpMem2\": 740659.8,\r\n        \"rptPurpMem3\": 12,\r\n        \"rptPurpMem4\": 0.996,\r\n        \"rptPurpMem5\": \"All\",\r\n        \"rptPurpMem6\": \"% Nat\",\r\n        \"rptPurpMem7\": \"Boston\",\r\n        \"rptPurpMem8\": \"Actionable\"\r\n    },\r\n    {\r\n        \"recSeq\": 1095,\r\n        \"rptlistName\": \"BROKER_IOI\",\r\n        \"rptPurpNote\": \"Broker IOI Data\",\r\n        \"rptmemNote1\": \"BRKR_ID\",\r\n        \"rptmemNote2\": \"COMM\",\r\n        \"rptmemNote3\": \"COMM_RANK\",\r\n        \"rptmemNote4\": \"VALUE\",\r\n        \"rptmemNote5\": \"CATEGORY\",\r\n        \"rptmemNote6\": \"ITEM\",\r\n        \"rptmemNote7\": \"DESK\",\r\n        \"rptmemNote8\": \"ACTIONABLE\",\r\n        \"rptPurpMem1\": 2187,\r\n        \"rptPurpMem2\": 740659.8,\r\n        \"rptPurpMem3\": 12,\r\n        \"rptPurpMem4\": 247.5246,\r\n        \"rptPurpMem5\": \"Nat\",\r\n        \"rptPurpMem6\": \"# Nat/day\",\r\n        \"rptPurpMem7\": \"Boston\",\r\n        \"rptPurpMem8\": \"Actionable\"\r\n    },\r\n    {\r\n        \"recSeq\": 1096,\r\n        \"rptlistName\": \"BROKER_IOI\",\r\n        \"rptPurpNote\": \"Broker IOI Data\",\r\n        \"rptmemNote1\": \"BRKR_ID\",\r\n        \"rptmemNote2\": \"COMM\",\r\n        \"rptmemNote3\": \"COMM_RANK\",\r\n        \"rptmemNote4\": \"VALUE\",\r\n        \"rptmemNote5\": \"CATEGORY\",\r\n        \"rptmemNote6\": \"ITEM\",\r\n        \"rptmemNote7\": \"DESK\",\r\n        \"rptmemNote8\": \"ACTIONABLE\",\r\n        \"rptPurpMem1\": 2187,\r\n        \"rptPurpMem2\": 740659.8,\r\n        \"rptPurpMem3\": 12,\r\n        \"rptPurpMem4\": 5.015961,\r\n        \"rptPurpMem5\": \"Nat\",\r\n        \"rptPurpMem6\": \"% ADV \\n($-wtd)\",\r\n        \"rptPurpMem7\": \"Boston\",\r\n        \"rptPurpMem8\": \"Actionable\"\r\n    },\r\n    {\r\n        \"recSeq\": 1097,\r\n        \"rptlistName\": \"BROKER_IOI\",\r\n        \"rptPurpNote\": \"Broker IOI Data\",\r\n        \"rptmemNote1\": \"BRKR_ID\",\r\n        \"rptmemNote2\": \"COMM\",\r\n        \"rptmemNote3\": \"COMM_RANK\",\r\n        \"rptmemNote4\": \"VALUE\",\r\n        \"rptmemNote5\": \"CATEGORY\",\r\n        \"rptmemNote6\": \"ITEM\",\r\n        \"rptmemNote7\": \"DESK\",\r\n        \"rptmemNote8\": \"ACTIONABLE\",\r\n        \"rptPurpMem1\": 2187,\r\n        \"rptPurpMem2\": 740659.8,\r\n        \"rptPurpMem3\": 12,\r\n        \"rptPurpMem4\": 3.1024689999999997,\r\n        \"rptPurpMem5\": \"Nat\",\r\n        \"rptPurpMem6\": \"% ADV \\n(avg)\",\r\n        \"rptPurpMem7\": \"Boston\",\r\n        \"rptPurpMem8\": \"Actionable\"\r\n    },\r\n    {\r\n        \"recSeq\": 1098,\r\n        \"rptlistName\": \"BROKER_IOI\",\r\n        \"rptPurpNote\": \"Broker IOI Data\",\r\n        \"rptmemNote1\": \"BRKR_ID\",\r\n        \"rptmemNote2\": \"COMM\",\r\n        \"rptmemNote3\": \"COMM_RANK\",\r\n        \"rptmemNote4\": \"VALUE\",\r\n        \"rptmemNote5\": \"CATEGORY\",\r\n        \"rptmemNote6\": \"ITEM\",\r\n        \"rptmemNote7\": \"DESK\",\r\n        \"rptmemNote8\": \"ACTIONABLE\",\r\n        \"rptPurpMem1\": 2187,\r\n        \"rptPurpMem2\": 740659.8,\r\n        \"rptPurpMem3\": 12,\r\n        \"rptPurpMem4\": 0.2263726,\r\n        \"rptPurpMem5\": \"Nat\",\r\n        \"rptPurpMem6\": \"0-1%\",\r\n        \"rptPurpMem7\": \"Boston\",\r\n        \"rptPurpMem8\": \"Actionable\"\r\n    },\r\n    {\r\n        \"recSeq\": 1099,\r\n        \"rptlistName\": \"BROKER_IOI\",\r\n        \"rptPurpNote\": \"Broker IOI Data\",\r\n        \"rptmemNote1\": \"BRKR_ID\",\r\n        \"rptmemNote2\": \"COMM\",\r\n        \"rptmemNote3\": \"COMM_RANK\",\r\n        \"rptmemNote4\": \"VALUE\",\r\n        \"rptmemNote5\": \"CATEGORY\",\r\n        \"rptmemNote6\": \"ITEM\",\r\n        \"rptmemNote7\": \"DESK\",\r\n        \"rptmemNote8\": \"ACTIONABLE\",\r\n        \"rptPurpMem1\": 2187,\r\n        \"rptPurpMem2\": 740659.8,\r\n        \"rptPurpMem3\": 12,\r\n        \"rptPurpMem4\": 0.4015498,\r\n        \"rptPurpMem5\": \"Nat\",\r\n        \"rptPurpMem6\": \"1-2.5%\",\r\n        \"rptPurpMem7\": \"Boston\",\r\n        \"rptPurpMem8\": \"Actionable\"\r\n    },\r\n    {\r\n        \"recSeq\": 1100,\r\n        \"rptlistName\": \"BROKER_IOI\",\r\n        \"rptPurpNote\": \"Broker IOI Data\",\r\n        \"rptmemNote1\": \"BRKR_ID\",\r\n        \"rptmemNote2\": \"COMM\",\r\n        \"rptmemNote3\": \"COMM_RANK\",\r\n        \"rptmemNote4\": \"VALUE\",\r\n        \"rptmemNote5\": \"CATEGORY\",\r\n        \"rptmemNote6\": \"ITEM\",\r\n        \"rptmemNote7\": \"DESK\",\r\n        \"rptmemNote8\": \"ACTIONABLE\",\r\n        \"rptPurpMem1\": 2187,\r\n        \"rptPurpMem2\": 740659.8,\r\n        \"rptPurpMem3\": 12,\r\n        \"rptPurpMem4\": 0.2243857,\r\n        \"rptPurpMem5\": \"Nat\",\r\n        \"rptPurpMem6\": \"2.5-5%\",\r\n        \"rptPurpMem7\": \"Boston\",\r\n        \"rptPurpMem8\": \"Actionable\"\r\n    },\r\n    {\r\n        \"recSeq\": 1101,\r\n        \"rptlistName\": \"BROKER_IOI\",\r\n        \"rptPurpNote\": \"Broker IOI Data\",\r\n        \"rptmemNote1\": \"BRKR_ID\",\r\n        \"rptmemNote2\": \"COMM\",\r\n        \"rptmemNote3\": \"COMM_RANK\",\r\n        \"rptmemNote4\": \"VALUE\",\r\n        \"rptmemNote5\": \"CATEGORY\",\r\n        \"rptmemNote6\": \"ITEM\",\r\n        \"rptmemNote7\": \"DESK\",\r\n        \"rptmemNote8\": \"ACTIONABLE\",\r\n        \"rptPurpMem1\": 2187,\r\n        \"rptPurpMem2\": 740659.8,\r\n        \"rptPurpMem3\": 12,\r\n        \"rptPurpMem4\": 0.09643023,\r\n        \"rptPurpMem5\": \"Nat\",\r\n        \"rptPurpMem6\": \"5-10%\",\r\n        \"rptPurpMem7\": \"Boston\",\r\n        \"rptPurpMem8\": \"Actionable\"\r\n    },\r\n    {\r\n        \"recSeq\": 1102,\r\n        \"rptlistName\": \"BROKER_IOI\",\r\n        \"rptPurpNote\": \"Broker IOI Data\",\r\n        \"rptmemNote1\": \"BRKR_ID\",\r\n        \"rptmemNote2\": \"COMM\",\r\n        \"rptmemNote3\": \"COMM_RANK\",\r\n        \"rptmemNote4\": \"VALUE\",\r\n        \"rptmemNote5\": \"CATEGORY\",\r\n        \"rptmemNote6\": \"ITEM\",\r\n        \"rptmemNote7\": \"DESK\",\r\n        \"rptmemNote8\": \"ACTIONABLE\",\r\n        \"rptPurpMem1\": 2187,\r\n        \"rptPurpMem2\": 740659.8,\r\n        \"rptPurpMem3\": 12,\r\n        \"rptPurpMem4\": 0.05126167,\r\n        \"rptPurpMem5\": \"Nat\",\r\n        \"rptPurpMem6\": \">10%\",\r\n        \"rptPurpMem7\": \"Boston\",\r\n        \"rptPurpMem8\": \"Actionable\"\r\n    },\r\n    {\r\n        \"recSeq\": 1103,\r\n        \"rptlistName\": \"BROKER_IOI\",\r\n        \"rptPurpNote\": \"Broker IOI Data\",\r\n        \"rptmemNote1\": \"BRKR_ID\",\r\n        \"rptmemNote2\": \"COMM\",\r\n        \"rptmemNote3\": \"COMM_RANK\",\r\n        \"rptmemNote4\": \"VALUE\",\r\n        \"rptmemNote5\": \"CATEGORY\",\r\n        \"rptmemNote6\": \"ITEM\",\r\n        \"rptmemNote7\": \"DESK\",\r\n        \"rptmemNote8\": \"ACTIONABLE\",\r\n        \"rptPurpMem1\": 230,\r\n        \"rptPurpMem2\": 310244.5,\r\n        \"rptPurpMem3\": 16,\r\n        \"rptPurpMem4\": 1190.213,\r\n        \"rptPurpMem5\": \"All\",\r\n        \"rptPurpMem6\": \"#/day\",\r\n        \"rptPurpMem7\": \"Boston\",\r\n        \"rptPurpMem8\": \"Actionable\"\r\n    },\r\n    {\r\n        \"recSeq\": 1104,\r\n        \"rptlistName\": \"BROKER_IOI\",\r\n        \"rptPurpNote\": \"Broker IOI Data\",\r\n        \"rptmemNote1\": \"BRKR_ID\",\r\n        \"rptmemNote2\": \"COMM\",\r\n        \"rptmemNote3\": \"COMM_RANK\",\r\n        \"rptmemNote4\": \"VALUE\",\r\n        \"rptmemNote5\": \"CATEGORY\",\r\n        \"rptmemNote6\": \"ITEM\",\r\n        \"rptmemNote7\": \"DESK\",\r\n        \"rptmemNote8\": \"ACTIONABLE\",\r\n        \"rptPurpMem1\": 230,\r\n        \"rptPurpMem2\": 310244.5,\r\n        \"rptPurpMem3\": 16,\r\n        \"rptPurpMem4\": 5.263297000000001,\r\n        \"rptPurpMem5\": \"All\",\r\n        \"rptPurpMem6\": \"% ADV \\n($-wtd)\",\r\n        \"rptPurpMem7\": \"Boston\",\r\n        \"rptPurpMem8\": \"Actionable\"\r\n    },\r\n    {\r\n        \"recSeq\": 1105,\r\n        \"rptlistName\": \"BROKER_IOI\",\r\n        \"rptPurpNote\": \"Broker IOI Data\",\r\n        \"rptmemNote1\": \"BRKR_ID\",\r\n        \"rptmemNote2\": \"COMM\",\r\n        \"rptmemNote3\": \"COMM_RANK\",\r\n        \"rptmemNote4\": \"VALUE\",\r\n        \"rptmemNote5\": \"CATEGORY\",\r\n        \"rptmemNote6\": \"ITEM\",\r\n        \"rptmemNote7\": \"DESK\",\r\n        \"rptmemNote8\": \"ACTIONABLE\",\r\n        \"rptPurpMem1\": 230,\r\n        \"rptPurpMem2\": 310244.5,\r\n        \"rptPurpMem3\": 16,\r\n        \"rptPurpMem4\": 3.716243,\r\n        \"rptPurpMem5\": \"All\",\r\n        \"rptPurpMem6\": \"% ADV \\n(avg)\",\r\n        \"rptPurpMem7\": \"Boston\",\r\n        \"rptPurpMem8\": \"Actionable\"\r\n    },\r\n    {\r\n        \"recSeq\": 1106,\r\n        \"rptlistName\": \"BROKER_IOI\",\r\n        \"rptPurpNote\": \"Broker IOI Data\",\r\n        \"rptmemNote1\": \"BRKR_ID\",\r\n        \"rptmemNote2\": \"COMM\",\r\n        \"rptmemNote3\": \"COMM_RANK\",\r\n        \"rptmemNote4\": \"VALUE\",\r\n        \"rptmemNote5\": \"CATEGORY\",\r\n        \"rptmemNote6\": \"ITEM\",\r\n        \"rptmemNote7\": \"DESK\",\r\n        \"rptmemNote8\": \"ACTIONABLE\",\r\n        \"rptPurpMem1\": 230,\r\n        \"rptPurpMem2\": 310244.5,\r\n        \"rptPurpMem3\": 16,\r\n        \"rptPurpMem4\": 0.14375439999999998,\r\n        \"rptPurpMem5\": \"All\",\r\n        \"rptPurpMem6\": \"0-1%\",\r\n        \"rptPurpMem7\": \"Boston\",\r\n        \"rptPurpMem8\": \"Actionable\"\r\n    },\r\n    {\r\n        \"recSeq\": 1107,\r\n        \"rptlistName\": \"BROKER_IOI\",\r\n        \"rptPurpNote\": \"Broker IOI Data\",\r\n        \"rptmemNote1\": \"BRKR_ID\",\r\n        \"rptmemNote2\": \"COMM\",\r\n        \"rptmemNote3\": \"COMM_RANK\",\r\n        \"rptmemNote4\": \"VALUE\",\r\n        \"rptmemNote5\": \"CATEGORY\",\r\n        \"rptmemNote6\": \"ITEM\",\r\n        \"rptmemNote7\": \"DESK\",\r\n        \"rptmemNote8\": \"ACTIONABLE\",\r\n        \"rptPurpMem1\": 230,\r\n        \"rptPurpMem2\": 310244.5,\r\n        \"rptPurpMem3\": 16,\r\n        \"rptPurpMem4\": 0.2781841,\r\n        \"rptPurpMem5\": \"All\",\r\n        \"rptPurpMem6\": \"1-2.5%\",\r\n        \"rptPurpMem7\": \"Boston\",\r\n        \"rptPurpMem8\": \"Actionable\"\r\n    },\r\n    {\r\n        \"recSeq\": 1108,\r\n        \"rptlistName\": \"BROKER_IOI\",\r\n        \"rptPurpNote\": \"Broker IOI Data\",\r\n        \"rptmemNote1\": \"BRKR_ID\",\r\n        \"rptmemNote2\": \"COMM\",\r\n        \"rptmemNote3\": \"COMM_RANK\",\r\n        \"rptmemNote4\": \"VALUE\",\r\n        \"rptmemNote5\": \"CATEGORY\",\r\n        \"rptmemNote6\": \"ITEM\",\r\n        \"rptmemNote7\": \"DESK\",\r\n        \"rptmemNote8\": \"ACTIONABLE\",\r\n        \"rptPurpMem1\": 230,\r\n        \"rptPurpMem2\": 310244.5,\r\n        \"rptPurpMem3\": 16,\r\n        \"rptPurpMem4\": 0.3992948,\r\n        \"rptPurpMem5\": \"All\",\r\n        \"rptPurpMem6\": \"2.5-5%\",\r\n        \"rptPurpMem7\": \"Boston\",\r\n        \"rptPurpMem8\": \"Actionable\"\r\n    },\r\n    {\r\n        \"recSeq\": 1109,\r\n        \"rptlistName\": \"BROKER_IOI\",\r\n        \"rptPurpNote\": \"Broker IOI Data\",\r\n        \"rptmemNote1\": \"BRKR_ID\",\r\n        \"rptmemNote2\": \"COMM\",\r\n        \"rptmemNote3\": \"COMM_RANK\",\r\n        \"rptmemNote4\": \"VALUE\",\r\n        \"rptmemNote5\": \"CATEGORY\",\r\n        \"rptmemNote6\": \"ITEM\",\r\n        \"rptmemNote7\": \"DESK\",\r\n        \"rptmemNote8\": \"ACTIONABLE\",\r\n        \"rptPurpMem1\": 230,\r\n        \"rptPurpMem2\": 310244.5,\r\n        \"rptPurpMem3\": 16,\r\n        \"rptPurpMem4\": 0.1312205,\r\n        \"rptPurpMem5\": \"All\",\r\n        \"rptPurpMem6\": \"5-10%\",\r\n        \"rptPurpMem7\": \"Boston\",\r\n        \"rptPurpMem8\": \"Actionable\"\r\n    },\r\n    {\r\n        \"recSeq\": 1110,\r\n        \"rptlistName\": \"BROKER_IOI\",\r\n        \"rptPurpNote\": \"Broker IOI Data\",\r\n        \"rptmemNote1\": \"BRKR_ID\",\r\n        \"rptmemNote2\": \"COMM\",\r\n        \"rptmemNote3\": \"COMM_RANK\",\r\n        \"rptmemNote4\": \"VALUE\",\r\n        \"rptmemNote5\": \"CATEGORY\",\r\n        \"rptmemNote6\": \"ITEM\",\r\n        \"rptmemNote7\": \"DESK\",\r\n        \"rptmemNote8\": \"ACTIONABLE\",\r\n        \"rptPurpMem1\": 230,\r\n        \"rptPurpMem2\": 310244.5,\r\n        \"rptPurpMem3\": 16,\r\n        \"rptPurpMem4\": 0.04754624,\r\n        \"rptPurpMem5\": \"All\",\r\n        \"rptPurpMem6\": \">10%\",\r\n        \"rptPurpMem7\": \"Boston\",\r\n        \"rptPurpMem8\": \"Actionable\"\r\n    },\r\n    {\r\n        \"recSeq\": 1111,\r\n        \"rptlistName\": \"BROKER_IOI\",\r\n        \"rptPurpNote\": \"Broker IOI Data\",\r\n        \"rptmemNote1\": \"BRKR_ID\",\r\n        \"rptmemNote2\": \"COMM\",\r\n        \"rptmemNote3\": \"COMM_RANK\",\r\n        \"rptmemNote4\": \"VALUE\",\r\n        \"rptmemNote5\": \"CATEGORY\",\r\n        \"rptmemNote6\": \"ITEM\",\r\n        \"rptmemNote7\": \"DESK\",\r\n        \"rptmemNote8\": \"ACTIONABLE\",\r\n        \"rptPurpMem1\": 230,\r\n        \"rptPurpMem2\": 310244.5,\r\n        \"rptPurpMem3\": 16,\r\n        \"rptPurpMem4\": 1707.0,\r\n        \"rptPurpMem5\": \"All\",\r\n        \"rptPurpMem6\": \"# Names\",\r\n        \"rptPurpMem7\": \"Boston\",\r\n        \"rptPurpMem8\": \"Actionable\"\r\n    },\r\n    {\r\n        \"recSeq\": 1112,\r\n        \"rptlistName\": \"BROKER_IOI\",\r\n        \"rptPurpNote\": \"Broker IOI Data\",\r\n        \"rptmemNote1\": \"BRKR_ID\",\r\n        \"rptmemNote2\": \"COMM\",\r\n        \"rptmemNote3\": \"COMM_RANK\",\r\n        \"rptmemNote4\": \"VALUE\",\r\n        \"rptmemNote5\": \"CATEGORY\",\r\n        \"rptmemNote6\": \"ITEM\",\r\n        \"rptmemNote7\": \"DESK\",\r\n        \"rptmemNote8\": \"ACTIONABLE\",\r\n        \"rptPurpMem1\": 230,\r\n        \"rptPurpMem2\": 310244.5,\r\n        \"rptPurpMem3\": 16,\r\n        \"rptPurpMem4\": 61.0,\r\n        \"rptPurpMem5\": \"All\",\r\n        \"rptPurpMem6\": \"# days IOIs\\nreceived\",\r\n        \"rptPurpMem7\": \"Boston\",\r\n        \"rptPurpMem8\": \"Actionable\"\r\n    },\r\n    {\r\n        \"recSeq\": 1113,\r\n        \"rptlistName\": \"BROKER_IOI\",\r\n        \"rptPurpNote\": \"Broker IOI Data\",\r\n        \"rptmemNote1\": \"BRKR_ID\",\r\n        \"rptmemNote2\": \"COMM\",\r\n        \"rptmemNote3\": \"COMM_RANK\",\r\n        \"rptmemNote4\": \"VALUE\",\r\n        \"rptmemNote5\": \"CATEGORY\",\r\n        \"rptmemNote6\": \"ITEM\",\r\n        \"rptmemNote7\": \"DESK\",\r\n        \"rptmemNote8\": \"ACTIONABLE\",\r\n        \"rptPurpMem1\": 230,\r\n        \"rptPurpMem2\": 310244.5,\r\n        \"rptPurpMem3\": 16,\r\n        \"rptPurpMem4\": 0.0,\r\n        \"rptPurpMem5\": \"All\",\r\n        \"rptPurpMem6\": \"% Nat\",\r\n        \"rptPurpMem7\": \"Boston\",\r\n        \"rptPurpMem8\": \"Actionable\"\r\n    },\r\n    {\r\n        \"recSeq\": 1114,\r\n        \"rptlistName\": \"BROKER_IOI\",\r\n        \"rptPurpNote\": \"Broker IOI Data\",\r\n        \"rptmemNote1\": \"BRKR_ID\",\r\n        \"rptmemNote2\": \"COMM\",\r\n        \"rptmemNote3\": \"COMM_RANK\",\r\n        \"rptmemNote4\": \"VALUE\",\r\n        \"rptmemNote5\": \"CATEGORY\",\r\n        \"rptmemNote6\": \"ITEM\",\r\n        \"rptmemNote7\": \"DESK\",\r\n        \"rptmemNote8\": \"ACTIONABLE\",\r\n        \"rptPurpMem1\": 230,\r\n        \"rptPurpMem2\": 310244.5,\r\n        \"rptPurpMem3\": 16,\r\n        \"rptPurpMem4\": 0.0,\r\n        \"rptPurpMem5\": \"Nat\",\r\n        \"rptPurpMem6\": \"# Nat/day\",\r\n        \"rptPurpMem7\": \"Boston\",\r\n        \"rptPurpMem8\": \"Actionable\"\r\n    },\r\n    {\r\n        \"recSeq\": 1115,\r\n        \"rptlistName\": \"BROKER_IOI\",\r\n        \"rptPurpNote\": \"Broker IOI Data\",\r\n        \"rptmemNote1\": \"BRKR_ID\",\r\n        \"rptmemNote2\": \"COMM\",\r\n        \"rptmemNote3\": \"COMM_RANK\",\r\n        \"rptmemNote4\": \"VALUE\",\r\n        \"rptmemNote5\": \"CATEGORY\",\r\n        \"rptmemNote6\": \"ITEM\",\r\n        \"rptmemNote7\": \"DESK\",\r\n        \"rptmemNote8\": \"ACTIONABLE\",\r\n        \"rptPurpMem1\": 230,\r\n        \"rptPurpMem2\": 310244.5,\r\n        \"rptPurpMem3\": 16,\r\n        \"rptPurpMem4\": 0.0,\r\n        \"rptPurpMem5\": \"Nat\",\r\n        \"rptPurpMem6\": \"% ADV \\n($-wtd)\",\r\n        \"rptPurpMem7\": \"Boston\",\r\n        \"rptPurpMem8\": \"Actionable\"\r\n    },\r\n    {\r\n        \"recSeq\": 1116,\r\n        \"rptlistName\": \"BROKER_IOI\",\r\n        \"rptPurpNote\": \"Broker IOI Data\",\r\n        \"rptmemNote1\": \"BRKR_ID\",\r\n        \"rptmemNote2\": \"COMM\",\r\n        \"rptmemNote3\": \"COMM_RANK\",\r\n        \"rptmemNote4\": \"VALUE\",\r\n        \"rptmemNote5\": \"CATEGORY\",\r\n        \"rptmemNote6\": \"ITEM\",\r\n        \"rptmemNote7\": \"DESK\",\r\n        \"rptmemNote8\": \"ACTIONABLE\",\r\n        \"rptPurpMem1\": 230,\r\n        \"rptPurpMem2\": 310244.5,\r\n        \"rptPurpMem3\": 16,\r\n        \"rptPurpMem4\": 0.0,\r\n        \"rptPurpMem5\": \"Nat\",\r\n        \"rptPurpMem6\": \"% ADV \\n(avg)\",\r\n        \"rptPurpMem7\": \"Boston\",\r\n        \"rptPurpMem8\": \"Actionable\"\r\n    },\r\n    {\r\n        \"recSeq\": 1117,\r\n        \"rptlistName\": \"BROKER_IOI\",\r\n        \"rptPurpNote\": \"Broker IOI Data\",\r\n        \"rptmemNote1\": \"BRKR_ID\",\r\n        \"rptmemNote2\": \"COMM\",\r\n        \"rptmemNote3\": \"COMM_RANK\",\r\n        \"rptmemNote4\": \"VALUE\",\r\n        \"rptmemNote5\": \"CATEGORY\",\r\n        \"rptmemNote6\": \"ITEM\",\r\n        \"rptmemNote7\": \"DESK\",\r\n        \"rptmemNote8\": \"ACTIONABLE\",\r\n        \"rptPurpMem1\": 230,\r\n        \"rptPurpMem2\": 310244.5,\r\n        \"rptPurpMem3\": 16,\r\n        \"rptPurpMem4\": 0.0,\r\n        \"rptPurpMem5\": \"Nat\",\r\n        \"rptPurpMem6\": \"0-1%\",\r\n        \"rptPurpMem7\": \"Boston\",\r\n        \"rptPurpMem8\": \"Actionable\"\r\n    },\r\n    {\r\n        \"recSeq\": 1118,\r\n        \"rptlistName\": \"BROKER_IOI\",\r\n        \"rptPurpNote\": \"Broker IOI Data\",\r\n        \"rptmemNote1\": \"BRKR_ID\",\r\n        \"rptmemNote2\": \"COMM\",\r\n        \"rptmemNote3\": \"COMM_RANK\",\r\n        \"rptmemNote4\": \"VALUE\",\r\n        \"rptmemNote5\": \"CATEGORY\",\r\n        \"rptmemNote6\": \"ITEM\",\r\n        \"rptmemNote7\": \"DESK\",\r\n        \"rptmemNote8\": \"ACTIONABLE\",\r\n        \"rptPurpMem1\": 230,\r\n        \"rptPurpMem2\": 310244.5,\r\n        \"rptPurpMem3\": 16,\r\n        \"rptPurpMem4\": 0.0,\r\n        \"rptPurpMem5\": \"Nat\",\r\n        \"rptPurpMem6\": \"1-2.5%\",\r\n        \"rptPurpMem7\": \"Boston\",\r\n        \"rptPurpMem8\": \"Actionable\"\r\n    },\r\n    {\r\n        \"recSeq\": 1119,\r\n        \"rptlistName\": \"BROKER_IOI\",\r\n        \"rptPurpNote\": \"Broker IOI Data\",\r\n        \"rptmemNote1\": \"BRKR_ID\",\r\n        \"rptmemNote2\": \"COMM\",\r\n        \"rptmemNote3\": \"COMM_RANK\",\r\n        \"rptmemNote4\": \"VALUE\",\r\n        \"rptmemNote5\": \"CATEGORY\",\r\n        \"rptmemNote6\": \"ITEM\",\r\n        \"rptmemNote7\": \"DESK\",\r\n        \"rptmemNote8\": \"ACTIONABLE\",\r\n        \"rptPurpMem1\": 230,\r\n        \"rptPurpMem2\": 310244.5,\r\n        \"rptPurpMem3\": 16,\r\n        \"rptPurpMem4\": 0.0,\r\n        \"rptPurpMem5\": \"Nat\",\r\n        \"rptPurpMem6\": \"2.5-5%\",\r\n        \"rptPurpMem7\": \"Boston\",\r\n        \"rptPurpMem8\": \"Actionable\"\r\n    },\r\n    {\r\n        \"recSeq\": 1120,\r\n        \"rptlistName\": \"BROKER_IOI\",\r\n        \"rptPurpNote\": \"Broker IOI Data\",\r\n        \"rptmemNote1\": \"BRKR_ID\",\r\n        \"rptmemNote2\": \"COMM\",\r\n        \"rptmemNote3\": \"COMM_RANK\",\r\n        \"rptmemNote4\": \"VALUE\",\r\n        \"rptmemNote5\": \"CATEGORY\",\r\n        \"rptmemNote6\": \"ITEM\",\r\n        \"rptmemNote7\": \"DESK\",\r\n        \"rptmemNote8\": \"ACTIONABLE\",\r\n        \"rptPurpMem1\": 230,\r\n        \"rptPurpMem2\": 310244.5,\r\n        \"rptPurpMem3\": 16,\r\n        \"rptPurpMem4\": 0.0,\r\n        \"rptPurpMem5\": \"Nat\",\r\n        \"rptPurpMem6\": \"5-10%\",\r\n        \"rptPurpMem7\": \"Boston\",\r\n        \"rptPurpMem8\": \"Actionable\"\r\n    },\r\n    {\r\n        \"recSeq\": 1121,\r\n        \"rptlistName\": \"BROKER_IOI\",\r\n        \"rptPurpNote\": \"Broker IOI Data\",\r\n        \"rptmemNote1\": \"BRKR_ID\",\r\n        \"rptmemNote2\": \"COMM\",\r\n        \"rptmemNote3\": \"COMM_RANK\",\r\n        \"rptmemNote4\": \"VALUE\",\r\n        \"rptmemNote5\": \"CATEGORY\",\r\n        \"rptmemNote6\": \"ITEM\",\r\n        \"rptmemNote7\": \"DESK\",\r\n        \"rptmemNote8\": \"ACTIONABLE\",\r\n        \"rptPurpMem1\": 230,\r\n        \"rptPurpMem2\": 310244.5,\r\n        \"rptPurpMem3\": 16,\r\n        \"rptPurpMem4\": 0.0,\r\n        \"rptPurpMem5\": \"Nat\",\r\n        \"rptPurpMem6\": \">10%\",\r\n        \"rptPurpMem7\": \"Boston\",\r\n        \"rptPurpMem8\": \"Actionable\"\r\n    },\r\n    {\r\n        \"recSeq\": 1122,\r\n        \"rptlistName\": \"BROKER_IOI\",\r\n        \"rptPurpNote\": \"Broker IOI Data\",\r\n        \"rptmemNote1\": \"BRKR_ID\",\r\n        \"rptmemNote2\": \"COMM\",\r\n        \"rptmemNote3\": \"COMM_RANK\",\r\n        \"rptmemNote4\": \"VALUE\",\r\n        \"rptmemNote5\": \"CATEGORY\",\r\n        \"rptmemNote6\": \"ITEM\",\r\n        \"rptmemNote7\": \"DESK\",\r\n        \"rptmemNote8\": \"ACTIONABLE\",\r\n        \"rptPurpMem1\": 3657,\r\n        \"rptPurpMem2\": 54837.14,\r\n        \"rptPurpMem3\": 28,\r\n        \"rptPurpMem4\": 13649.85,\r\n        \"rptPurpMem5\": \"All\",\r\n        \"rptPurpMem6\": \"#/day\",\r\n        \"rptPurpMem7\": \"Boston\",\r\n        \"rptPurpMem8\": \"Actionable\"\r\n    },\r\n    {\r\n        \"recSeq\": 1123,\r\n        \"rptlistName\": \"BROKER_IOI\",\r\n        \"rptPurpNote\": \"Broker IOI Data\",\r\n        \"rptmemNote1\": \"BRKR_ID\",\r\n        \"rptmemNote2\": \"COMM\",\r\n        \"rptmemNote3\": \"COMM_RANK\",\r\n        \"rptmemNote4\": \"VALUE\",\r\n        \"rptmemNote5\": \"CATEGORY\",\r\n        \"rptmemNote6\": \"ITEM\",\r\n        \"rptmemNote7\": \"DESK\",\r\n        \"rptmemNote8\": \"ACTIONABLE\",\r\n        \"rptPurpMem1\": 3657,\r\n        \"rptPurpMem2\": 54837.14,\r\n        \"rptPurpMem3\": 28,\r\n        \"rptPurpMem4\": 2.292042,\r\n        \"rptPurpMem5\": \"All\",\r\n        \"rptPurpMem6\": \"% ADV \\n($-wtd)\",\r\n        \"rptPurpMem7\": \"Boston\",\r\n        \"rptPurpMem8\": \"Actionable\"\r\n    },\r\n    {\r\n        \"recSeq\": 1124,\r\n        \"rptlistName\": \"BROKER_IOI\",\r\n        \"rptPurpNote\": \"Broker IOI Data\",\r\n        \"rptmemNote1\": \"BRKR_ID\",\r\n        \"rptmemNote2\": \"COMM\",\r\n        \"rptmemNote3\": \"COMM_RANK\",\r\n        \"rptmemNote4\": \"VALUE\",\r\n        \"rptmemNote5\": \"CATEGORY\",\r\n        \"rptmemNote6\": \"ITEM\",\r\n        \"rptmemNote7\": \"DESK\",\r\n        \"rptmemNote8\": \"ACTIONABLE\",\r\n        \"rptPurpMem1\": 3657,\r\n        \"rptPurpMem2\": 54837.14,\r\n        \"rptPurpMem3\": 28,\r\n        \"rptPurpMem4\": 3.596424,\r\n        \"rptPurpMem5\": \"All\",\r\n        \"rptPurpMem6\": \"% ADV \\n(avg)\",\r\n        \"rptPurpMem7\": \"Boston\",\r\n        \"rptPurpMem8\": \"Actionable\"\r\n    },\r\n    {\r\n        \"recSeq\": 1125,\r\n        \"rptlistName\": \"BROKER_IOI\",\r\n        \"rptPurpNote\": \"Broker IOI Data\",\r\n        \"rptmemNote1\": \"BRKR_ID\",\r\n        \"rptmemNote2\": \"COMM\",\r\n        \"rptmemNote3\": \"COMM_RANK\",\r\n        \"rptmemNote4\": \"VALUE\",\r\n        \"rptmemNote5\": \"CATEGORY\",\r\n        \"rptmemNote6\": \"ITEM\",\r\n        \"rptmemNote7\": \"DESK\",\r\n        \"rptmemNote8\": \"ACTIONABLE\",\r\n        \"rptPurpMem1\": 3657,\r\n        \"rptPurpMem2\": 54837.14,\r\n        \"rptPurpMem3\": 28,\r\n        \"rptPurpMem4\": 0.4602968,\r\n        \"rptPurpMem5\": \"All\",\r\n        \"rptPurpMem6\": \"0-1%\",\r\n        \"rptPurpMem7\": \"Boston\",\r\n        \"rptPurpMem8\": \"Actionable\"\r\n    },\r\n    {\r\n        \"recSeq\": 1126,\r\n        \"rptlistName\": \"BROKER_IOI\",\r\n        \"rptPurpNote\": \"Broker IOI Data\",\r\n        \"rptmemNote1\": \"BRKR_ID\",\r\n        \"rptmemNote2\": \"COMM\",\r\n        \"rptmemNote3\": \"COMM_RANK\",\r\n        \"rptmemNote4\": \"VALUE\",\r\n        \"rptmemNote5\": \"CATEGORY\",\r\n        \"rptmemNote6\": \"ITEM\",\r\n        \"rptmemNote7\": \"DESK\",\r\n        \"rptmemNote8\": \"ACTIONABLE\",\r\n        \"rptPurpMem1\": 3657,\r\n        \"rptPurpMem2\": 54837.14,\r\n        \"rptPurpMem3\": 28,\r\n        \"rptPurpMem4\": 0.188756,\r\n        \"rptPurpMem5\": \"All\",\r\n        \"rptPurpMem6\": \"1-2.5%\",\r\n        \"rptPurpMem7\": \"Boston\",\r\n        \"rptPurpMem8\": \"Actionable\"\r\n    },\r\n    {\r\n        \"recSeq\": 1127,\r\n        \"rptlistName\": \"BROKER_IOI\",\r\n        \"rptPurpNote\": \"Broker IOI Data\",\r\n        \"rptmemNote1\": \"BRKR_ID\",\r\n        \"rptmemNote2\": \"COMM\",\r\n        \"rptmemNote3\": \"COMM_RANK\",\r\n        \"rptmemNote4\": \"VALUE\",\r\n        \"rptmemNote5\": \"CATEGORY\",\r\n        \"rptmemNote6\": \"ITEM\",\r\n        \"rptmemNote7\": \"DESK\",\r\n        \"rptmemNote8\": \"ACTIONABLE\",\r\n        \"rptPurpMem1\": 3657,\r\n        \"rptPurpMem2\": 54837.14,\r\n        \"rptPurpMem3\": 28,\r\n        \"rptPurpMem4\": 0.1477756,\r\n        \"rptPurpMem5\": \"All\",\r\n        \"rptPurpMem6\": \"2.5-5%\",\r\n        \"rptPurpMem7\": \"Boston\",\r\n        \"rptPurpMem8\": \"Actionable\"\r\n    },\r\n    {\r\n        \"recSeq\": 1128,\r\n        \"rptlistName\": \"BROKER_IOI\",\r\n        \"rptPurpNote\": \"Broker IOI Data\",\r\n        \"rptmemNote1\": \"BRKR_ID\",\r\n        \"rptmemNote2\": \"COMM\",\r\n        \"rptmemNote3\": \"COMM_RANK\",\r\n        \"rptmemNote4\": \"VALUE\",\r\n        \"rptmemNote5\": \"CATEGORY\",\r\n        \"rptmemNote6\": \"ITEM\",\r\n        \"rptmemNote7\": \"DESK\",\r\n        \"rptmemNote8\": \"ACTIONABLE\",\r\n        \"rptPurpMem1\": 3657,\r\n        \"rptPurpMem2\": 54837.14,\r\n        \"rptPurpMem3\": 28,\r\n        \"rptPurpMem4\": 0.11484180000000001,\r\n        \"rptPurpMem5\": \"All\",\r\n        \"rptPurpMem6\": \"5-10%\",\r\n        \"rptPurpMem7\": \"Boston\",\r\n        \"rptPurpMem8\": \"Actionable\"\r\n    },\r\n    {\r\n        \"recSeq\": 1129,\r\n        \"rptlistName\": \"BROKER_IOI\",\r\n        \"rptPurpNote\": \"Broker IOI Data\",\r\n        \"rptmemNote1\": \"BRKR_ID\",\r\n        \"rptmemNote2\": \"COMM\",\r\n        \"rptmemNote3\": \"COMM_RANK\",\r\n        \"rptmemNote4\": \"VALUE\",\r\n        \"rptmemNote5\": \"CATEGORY\",\r\n        \"rptmemNote6\": \"ITEM\",\r\n        \"rptmemNote7\": \"DESK\",\r\n        \"rptmemNote8\": \"ACTIONABLE\",\r\n        \"rptPurpMem1\": 3657,\r\n        \"rptPurpMem2\": 54837.14,\r\n        \"rptPurpMem3\": 28,\r\n        \"rptPurpMem4\": 0.08832498,\r\n        \"rptPurpMem5\": \"All\",\r\n        \"rptPurpMem6\": \">10%\",\r\n        \"rptPurpMem7\": \"Boston\",\r\n        \"rptPurpMem8\": \"Actionable\"\r\n    },\r\n    {\r\n        \"recSeq\": 1130,\r\n        \"rptlistName\": \"BROKER_IOI\",\r\n        \"rptPurpNote\": \"Broker IOI Data\",\r\n        \"rptmemNote1\": \"BRKR_ID\",\r\n        \"rptmemNote2\": \"COMM\",\r\n        \"rptmemNote3\": \"COMM_RANK\",\r\n        \"rptmemNote4\": \"VALUE\",\r\n        \"rptmemNote5\": \"CATEGORY\",\r\n        \"rptmemNote6\": \"ITEM\",\r\n        \"rptmemNote7\": \"DESK\",\r\n        \"rptmemNote8\": \"ACTIONABLE\",\r\n        \"rptPurpMem1\": 3657,\r\n        \"rptPurpMem2\": 54837.14,\r\n        \"rptPurpMem3\": 28,\r\n        \"rptPurpMem4\": 8517.0,\r\n        \"rptPurpMem5\": \"All\",\r\n        \"rptPurpMem6\": \"# Names\",\r\n        \"rptPurpMem7\": \"Boston\",\r\n        \"rptPurpMem8\": \"Actionable\"\r\n    },\r\n    {\r\n        \"recSeq\": 1131,\r\n        \"rptlistName\": \"BROKER_IOI\",\r\n        \"rptPurpNote\": \"Broker IOI Data\",\r\n        \"rptmemNote1\": \"BRKR_ID\",\r\n        \"rptmemNote2\": \"COMM\",\r\n        \"rptmemNote3\": \"COMM_RANK\",\r\n        \"rptmemNote4\": \"VALUE\",\r\n        \"rptmemNote5\": \"CATEGORY\",\r\n        \"rptmemNote6\": \"ITEM\",\r\n        \"rptmemNote7\": \"DESK\",\r\n        \"rptmemNote8\": \"ACTIONABLE\",\r\n        \"rptPurpMem1\": 3657,\r\n        \"rptPurpMem2\": 54837.14,\r\n        \"rptPurpMem3\": 28,\r\n        \"rptPurpMem4\": 57.0,\r\n        \"rptPurpMem5\": \"All\",\r\n        \"rptPurpMem6\": \"# days IOIs\\nreceived\",\r\n        \"rptPurpMem7\": \"Boston\",\r\n        \"rptPurpMem8\": \"Actionable\"\r\n    },\r\n    {\r\n        \"recSeq\": 1132,\r\n        \"rptlistName\": \"BROKER_IOI\",\r\n        \"rptPurpNote\": \"Broker IOI Data\",\r\n        \"rptmemNote1\": \"BRKR_ID\",\r\n        \"rptmemNote2\": \"COMM\",\r\n        \"rptmemNote3\": \"COMM_RANK\",\r\n        \"rptmemNote4\": \"VALUE\",\r\n        \"rptmemNote5\": \"CATEGORY\",\r\n        \"rptmemNote6\": \"ITEM\",\r\n        \"rptmemNote7\": \"DESK\",\r\n        \"rptmemNote8\": \"ACTIONABLE\",\r\n        \"rptPurpMem1\": 3657,\r\n        \"rptPurpMem2\": 54837.14,\r\n        \"rptPurpMem3\": 28,\r\n        \"rptPurpMem4\": 0.0,\r\n        \"rptPurpMem5\": \"All\",\r\n        \"rptPurpMem6\": \"% Nat\",\r\n        \"rptPurpMem7\": \"Boston\",\r\n        \"rptPurpMem8\": \"Actionable\"\r\n    },\r\n    {\r\n        \"recSeq\": 1133,\r\n        \"rptlistName\": \"BROKER_IOI\",\r\n        \"rptPurpNote\": \"Broker IOI Data\",\r\n        \"rptmemNote1\": \"BRKR_ID\",\r\n        \"rptmemNote2\": \"COMM\",\r\n        \"rptmemNote3\": \"COMM_RANK\",\r\n        \"rptmemNote4\": \"VALUE\",\r\n        \"rptmemNote5\": \"CATEGORY\",\r\n        \"rptmemNote6\": \"ITEM\",\r\n        \"rptmemNote7\": \"DESK\",\r\n        \"rptmemNote8\": \"ACTIONABLE\",\r\n        \"rptPurpMem1\": 3657,\r\n        \"rptPurpMem2\": 54837.14,\r\n        \"rptPurpMem3\": 28,\r\n        \"rptPurpMem4\": 0.0,\r\n        \"rptPurpMem5\": \"Nat\",\r\n        \"rptPurpMem6\": \"# Nat/day\",\r\n        \"rptPurpMem7\": \"Boston\",\r\n        \"rptPurpMem8\": \"Actionable\"\r\n    },\r\n    {\r\n        \"recSeq\": 1134,\r\n        \"rptlistName\": \"BROKER_IOI\",\r\n        \"rptPurpNote\": \"Broker IOI Data\",\r\n        \"rptmemNote1\": \"BRKR_ID\",\r\n        \"rptmemNote2\": \"COMM\",\r\n        \"rptmemNote3\": \"COMM_RANK\",\r\n        \"rptmemNote4\": \"VALUE\",\r\n        \"rptmemNote5\": \"CATEGORY\",\r\n        \"rptmemNote6\": \"ITEM\",\r\n        \"rptmemNote7\": \"DESK\",\r\n        \"rptmemNote8\": \"ACTIONABLE\",\r\n        \"rptPurpMem1\": 3657,\r\n        \"rptPurpMem2\": 54837.14,\r\n        \"rptPurpMem3\": 28,\r\n        \"rptPurpMem4\": 0.0,\r\n        \"rptPurpMem5\": \"Nat\",\r\n        \"rptPurpMem6\": \"% ADV \\n($-wtd)\",\r\n        \"rptPurpMem7\": \"Boston\",\r\n        \"rptPurpMem8\": \"Actionable\"\r\n    },\r\n    {\r\n        \"recSeq\": 1135,\r\n        \"rptlistName\": \"BROKER_IOI\",\r\n        \"rptPurpNote\": \"Broker IOI Data\",\r\n        \"rptmemNote1\": \"BRKR_ID\",\r\n        \"rptmemNote2\": \"COMM\",\r\n        \"rptmemNote3\": \"COMM_RANK\",\r\n        \"rptmemNote4\": \"VALUE\",\r\n        \"rptmemNote5\": \"CATEGORY\",\r\n        \"rptmemNote6\": \"ITEM\",\r\n        \"rptmemNote7\": \"DESK\",\r\n        \"rptmemNote8\": \"ACTIONABLE\",\r\n        \"rptPurpMem1\": 3657,\r\n        \"rptPurpMem2\": 54837.14,\r\n        \"rptPurpMem3\": 28,\r\n        \"rptPurpMem4\": 0.0,\r\n        \"rptPurpMem5\": \"Nat\",\r\n        \"rptPurpMem6\": \"% ADV \\n(avg)\",\r\n        \"rptPurpMem7\": \"Boston\",\r\n        \"rptPurpMem8\": \"Actionable\"\r\n    },\r\n    {\r\n        \"recSeq\": 1136,\r\n        \"rptlistName\": \"BROKER_IOI\",\r\n        \"rptPurpNote\": \"Broker IOI Data\",\r\n        \"rptmemNote1\": \"BRKR_ID\",\r\n        \"rptmemNote2\": \"COMM\",\r\n        \"rptmemNote3\": \"COMM_RANK\",\r\n        \"rptmemNote4\": \"VALUE\",\r\n        \"rptmemNote5\": \"CATEGORY\",\r\n        \"rptmemNote6\": \"ITEM\",\r\n        \"rptmemNote7\": \"DESK\",\r\n        \"rptmemNote8\": \"ACTIONABLE\",\r\n        \"rptPurpMem1\": 3657,\r\n        \"rptPurpMem2\": 54837.14,\r\n        \"rptPurpMem3\": 28,\r\n        \"rptPurpMem4\": 0.0,\r\n        \"rptPurpMem5\": \"Nat\",\r\n        \"rptPurpMem6\": \"0-1%\",\r\n        \"rptPurpMem7\": \"Boston\",\r\n        \"rptPurpMem8\": \"Actionable\"\r\n    },\r\n    {\r\n        \"recSeq\": 1137,\r\n        \"rptlistName\": \"BROKER_IOI\",\r\n        \"rptPurpNote\": \"Broker IOI Data\",\r\n        \"rptmemNote1\": \"BRKR_ID\",\r\n        \"rptmemNote2\": \"COMM\",\r\n        \"rptmemNote3\": \"COMM_RANK\",\r\n        \"rptmemNote4\": \"VALUE\",\r\n        \"rptmemNote5\": \"CATEGORY\",\r\n        \"rptmemNote6\": \"ITEM\",\r\n        \"rptmemNote7\": \"DESK\",\r\n        \"rptmemNote8\": \"ACTIONABLE\",\r\n        \"rptPurpMem1\": 3657,\r\n        \"rptPurpMem2\": 54837.14,\r\n        \"rptPurpMem3\": 28,\r\n        \"rptPurpMem4\": 0.0,\r\n        \"rptPurpMem5\": \"Nat\",\r\n        \"rptPurpMem6\": \"1-2.5%\",\r\n        \"rptPurpMem7\": \"Boston\",\r\n        \"rptPurpMem8\": \"Actionable\"\r\n    },\r\n    {\r\n        \"recSeq\": 1138,\r\n        \"rptlistName\": \"BROKER_IOI\",\r\n        \"rptPurpNote\": \"Broker IOI Data\",\r\n        \"rptmemNote1\": \"BRKR_ID\",\r\n        \"rptmemNote2\": \"COMM\",\r\n        \"rptmemNote3\": \"COMM_RANK\",\r\n        \"rptmemNote4\": \"VALUE\",\r\n        \"rptmemNote5\": \"CATEGORY\",\r\n        \"rptmemNote6\": \"ITEM\",\r\n        \"rptmemNote7\": \"DESK\",\r\n        \"rptmemNote8\": \"ACTIONABLE\",\r\n        \"rptPurpMem1\": 3657,\r\n        \"rptPurpMem2\": 54837.14,\r\n        \"rptPurpMem3\": 28,\r\n        \"rptPurpMem4\": 0.0,\r\n        \"rptPurpMem5\": \"Nat\",\r\n        \"rptPurpMem6\": \"2.5-5%\",\r\n        \"rptPurpMem7\": \"Boston\",\r\n        \"rptPurpMem8\": \"Actionable\"\r\n    },\r\n    {\r\n        \"recSeq\": 1139,\r\n        \"rptlistName\": \"BROKER_IOI\",\r\n        \"rptPurpNote\": \"Broker IOI Data\",\r\n        \"rptmemNote1\": \"BRKR_ID\",\r\n        \"rptmemNote2\": \"COMM\",\r\n        \"rptmemNote3\": \"COMM_RANK\",\r\n        \"rptmemNote4\": \"VALUE\",\r\n        \"rptmemNote5\": \"CATEGORY\",\r\n        \"rptmemNote6\": \"ITEM\",\r\n        \"rptmemNote7\": \"DESK\",\r\n        \"rptmemNote8\": \"ACTIONABLE\",\r\n        \"rptPurpMem1\": 3657,\r\n        \"rptPurpMem2\": 54837.14,\r\n        \"rptPurpMem3\": 28,\r\n        \"rptPurpMem4\": 0.0,\r\n        \"rptPurpMem5\": \"Nat\",\r\n        \"rptPurpMem6\": \"5-10%\",\r\n        \"rptPurpMem7\": \"Boston\",\r\n        \"rptPurpMem8\": \"Actionable\"\r\n    },\r\n    {\r\n        \"recSeq\": 1140,\r\n        \"rptlistName\": \"BROKER_IOI\",\r\n        \"rptPurpNote\": \"Broker IOI Data\",\r\n        \"rptmemNote1\": \"BRKR_ID\",\r\n        \"rptmemNote2\": \"COMM\",\r\n        \"rptmemNote3\": \"COMM_RANK\",\r\n        \"rptmemNote4\": \"VALUE\",\r\n        \"rptmemNote5\": \"CATEGORY\",\r\n        \"rptmemNote6\": \"ITEM\",\r\n        \"rptmemNote7\": \"DESK\",\r\n        \"rptmemNote8\": \"ACTIONABLE\",\r\n        \"rptPurpMem1\": 3657,\r\n        \"rptPurpMem2\": 54837.14,\r\n        \"rptPurpMem3\": 28,\r\n        \"rptPurpMem4\": 0.0,\r\n        \"rptPurpMem5\": \"Nat\",\r\n        \"rptPurpMem6\": \">10%\",\r\n        \"rptPurpMem7\": \"Boston\",\r\n        \"rptPurpMem8\": \"Actionable\"\r\n    }\r\n]","options":{"raw":{"language":"json"}}},"url":{"raw":"https://advrptsvc.fmrco.com/advrptngteamdashboardsvc/v1/bulkupdateFunduniverseMembers","protocol":"https","host":["advrptsvc","fmrco","com"],"path":["advrptngteamdashboardsvc","v1","bulkupdateFunduniverseMembers"]}},"response":[]}]}