{"info":{"_postman_id":"e7d59001-3e29-1e76-1606-3f5a4e94633d","name":"SendLatest","schema":"https://schema.getpostman.com/json/collection/v2.1.0/collection.json"},"item":[{"name":"Email","id":"6ac8ef94-cfce-54af-a04a-d6b1a95f8561","request":{"method":"POST","header":[{"key":"Content-Type","value":"application/json"}],"body":{"mode":"raw","raw":""},"url":{"raw":"http://vc2cmmkb256399n.fmrco.com:20010/send/v2/send?app=ADVRPTNG","protocol":"http","host":["vc2cmmkb256399n","fmrco","com"],"port":"20010","path":["send","v2","send"],"query":[{"key":"app","value":"ADVRPTNG"}]}},"response":[]}]}