{"info":{"_postman_id":"e8f0c38b-dd18-472f-92fe-8fd90c018bca","name":"ReportingService-Iquery","schema":"https://schema.getpostman.com/json/collection/v2.1.0/collection.json"},"item":[{"name":"http://iquery.fmrco.com/appfdqssvc/services/QueryExecution?name=GetReport&RPT_INST_ID=108714353&corpid=A485047","id":"76585974-5b7c-13ea-64b9-aeab46d8596c","request":{"method":"POST","header":[],"body":{"mode":"formdata","formdata":[]},"url":{"raw":"http://iquery.fmrco.com/appfdqssvc/services/QueryExecution?name=GetReport&RPT_INST_ID=108714353&corpid=A485047","protocol":"http","host":["iquery","fmrco","com"],"path":["appfdqssvc","services","QueryExecution"],"query":[{"key":"name","value":"GetReport"},{"key":"RPT_INST_ID","value":"108714353"},{"key":"corpid","value":"A485047"}]}},"response":[]},{"name":"http://iquery.fmrco.com/appfdqssvc/services/QueryExecution?name=GetReportMetaData&Provider=FMRQUANTRESEARCH","id":"1b0e5fe8-84ec-d838-dfa6-464a138313b5","request":{"method":"GET","header":[],"body":{"mode":"formdata","formdata":[]},"url":{"raw":"http://iquery.fmrco.com/appfdqssvc/services/QueryExecution?name=GetReportMetaData&Provider=FMRQUANTRESEARCH","protocol":"http","host":["iquery","fmrco","com"],"path":["appfdqssvc","services","QueryExecution"],"query":[{"key":"name","value":"GetReportMetaData"},{"key":"Provider","value":"FMRQUANTRESEARCH"}]}},"response":[]}]}