{"info":{"_postman_id":"e9b6082d-09b7-3b38-6416-d0f6e90211a7","name":"AdvisorContentManagment","schema":"https://schema.getpostman.com/json/collection/v2.1.0/collection.json"},"item":[{"name":"DocumentMetaData","id":"c9faff65-7505-9aa3-ab7a-7c318e5d1614","request":{"auth":{"type":"ntlm","ntlm":[{"key":"password","value":"Jaisairam@09","type":"string"},{"key":"username","value":"a485047","type":"string"}]},"method":"GET","header":[{"key":"Content-Type","value":"application/json"}],"body":{"mode":"formdata","formdata":[]},"url":{"raw":"http://advrptngcontentmgmt-uat.fmrco.com/contentmgmt/v1/document/HistoricalExposure_VFSBPPLT_SP500_USE3L_20170731.xlsx.json","protocol":"http","host":["advrptngcontentmgmt-uat","fmrco","com"],"path":["contentmgmt","v1","document","HistoricalExposure_VFSBPPLT_SP500_USE3L_20170731.xlsx.json"]}},"response":[]},{"name":"http://localhost:8080/contentmgmt-services/document/","id":"b38a9f24-716e-e2c1-c08d-74f2eff22a7e","request":{"method":"POST","header":[{"key":"Content-Type","value":"application/json"},{"key":"Accept","value":"application/xml"}],"body":{"mode":"raw","raw":""},"url":{"raw":"http://iquery-prod.fmrco.com/appfdqssvc/services/QueryExecution?tokenLabel=fund_sname&ToFile=false&corpId=A544932&endDate=NULL&format=XML&reportProvider=NULL&pageName=PORTFOLIO&reportType=NULL&name=GetTree&reportFrequency=NULL&category=NULL&tokenValue=MAG&reportSource=EQTPORT&startDate=NULL","protocol":"http","host":["iquery-prod","fmrco","com"],"path":["appfdqssvc","services","QueryExecution"],"query":[{"key":"tokenLabel","value":"fund_sname"},{"key":"ToFile","value":"false"},{"key":"corpId","value":"A544932"},{"key":"endDate","value":"NULL"},{"key":"format","value":"XML"},{"key":"reportProvider","value":"NULL"},{"key":"pageName","value":"PORTFOLIO"},{"key":"reportType","value":"NULL"},{"key":"name","value":"GetTree"},{"key":"reportFrequency","value":"NULL"},{"key":"category","value":"NULL"},{"key":"tokenValue","value":"MAG"},{"key":"reportSource","value":"EQTPORT"},{"key":"startDate","value":"NULL"}]}},"response":[]},{"name":"http://localhost:8080/contentmgmt-services/document/ copy","id":"fc032ce9-e61a-e8af-57b3-f6f4b4bd3b8d","request":{"method":"POST","header":[{"key":"Content-Type","value":"application/json"},{"key":"Accept","value":"application/json"}],"body":{"mode":"raw","raw":""},"url":{"raw":"http://localhost:8080/contentmgmt-services/document/","protocol":"http","host":["localhost"],"port":"8080","path":["contentmgmt-services","document",""]}},"response":[]},{"name":"DIT-MetaDataRequest","id":"cbd5ea0a-3c91-536f-ea35-1a60a3f90f93","request":{"method":"GET","header":[{"key":"Accept","value":"application/json"}],"body":{"mode":"formdata","formdata":[]},"url":{"raw":"http://localhost:8080/contentmgmt-services/document/DIVCORE1_MULTIFUND_20160919.pdf.json","protocol":"http","host":["localhost"],"port":"8080","path":["contentmgmt-services","document","DIVCORE1_MULTIFUND_20160919.pdf.json"]}},"response":[]},{"name":"DIT-MetaDataRequest copy","id":"113fb0aa-caf1-e68f-07fc-35a9427401b2","request":{"method":"GET","header":[{"key":"Accept","value":"application/json"}],"body":{"mode":"formdata","formdata":[]},"url":{"raw":"http://ASWSFL02PRD.fmrco.com:61350/contentmgmt/v1/fundpages?corpID=a000168","protocol":"http","host":["ASWSFL02PRD","fmrco","com"],"port":"61350","path":["contentmgmt","v1","fundpages"],"query":[{"key":"corpID","value":"a000168"}]}},"response":[]},{"name":"DIT","id":"5de3f5d8-495d-5377-9b91-1b5e02f372ce","request":{"method":"POST","header":[{"key":"Content-Type","value":"application/json"},{"key":"Accept","value":"application/json"}],"body":{"mode":"raw","raw":""},"url":{"raw":"http://vc2cmmka082907n.fmrco.com:20010/contentmgmt/v1/document/","protocol":"http","host":["vc2cmmka082907n","fmrco","com"],"port":"20010","path":["contentmgmt","v1","document",""]}},"response":[]},{"name":"FundPages-DIT","id":"0a129eda-434d-d2a8-c830-5876261304c7","request":{"method":"GET","header":[],"body":{"mode":"formdata","formdata":[]},"url":{"raw":"http://ASWSFL01DEV.fmrco.com:61350/contentmgmt/v1/fundpages?corpID=a000168","protocol":"http","host":["ASWSFL01DEV","fmrco","com"],"port":"61350","path":["contentmgmt","v1","fundpages"],"query":[{"key":"corpID","value":"a000168"}]}},"response":[]},{"name":"Fundpagedocuments-DIT","id":"4f3f4c22-703c-a248-b61f-05deee0e2047","request":{"method":"GET","header":[],"body":{"mode":"formdata","formdata":[]},"url":{"raw":"http://advrptngcontentmgmt-uat.fmrco.com/contentmgmt/v1/fundpagedocuments?corpID=a000168&pageID=3","protocol":"http","host":["advrptngcontentmgmt-uat","fmrco","com"],"path":["contentmgmt","v1","fundpagedocuments"],"query":[{"key":"corpID","value":"a000168"},{"key":"pageID","value":"3"}]}},"response":[]},{"name":"https://advrptngcontentmgmt-prod.fmrco.com/contentmgmt/v1/document/DIVCORE1_MULTIFUND_20160919.pdf.json","id":"430f95d4-8228-cfa7-d9ec-73fe728f090a","request":{"method":"GET","header":[],"body":{"mode":"formdata","formdata":[]},"url":{"raw":"https://advrptngcontentmgmt-prod.fmrco.com/contentmgmt/v1/document/DIVCORE1_MULTIFUND_20160919.pdf.json","protocol":"https","host":["advrptngcontentmgmt-prod","fmrco","com"],"path":["contentmgmt","v1","document","DIVCORE1_MULTIFUND_20160919.pdf.json"]}},"response":[]},{"name":"https://advrptngcontentmgmt-prod.fmrco.com/contentmgmt/v1/document/VTPDIMA_MON_201710.pdf.json","id":"de4070d5-5820-b0e1-1858-8ae473e3d70f","request":{"method":"GET","header":[],"body":{"mode":"formdata","formdata":[]},"url":{"raw":"https://advrptngcontentmgmt-prod.fmrco.com/contentmgmt/v1/document/VTPDIMA_MON_201710.pdf.json","protocol":"https","host":["advrptngcontentmgmt-prod","fmrco","com"],"path":["contentmgmt","v1","document","VTPDIMA_MON_201710.pdf.json"]}},"response":[]}]}