{"info":{"_postman_id":"ef6b8491-bf87-48aa-bad7-94aa476a5b40","name":"ESG OAuth","schema":"https://schema.getpostman.com/json/collection/v2.1.0/collection.json"},"item":[{"name":"Generate Token","event":[{"listen":"test","script":{"exec":["var jsonData = JSON.parse(responseBody);  \r","pm.globals.set(\"esg_access_token\", jsonData.access_token);"],"type":"text/javascript","id":"8e5e4704-1ca3-4a3f-b72f-82d67cf39299"}}],"id":"f17b954a-aa66-4ff6-b0e5-697a8ebcc526","protocolProfileBehavior":{"disableBodyPruning":true},"request":{"method":"POST","header":[{"key":"Content-Type","value":"application/x-www-form-urlencoded","type":"text"}],"body":{"mode":"urlencoded","urlencoded":[{"key":"client_id","value":"srvAppIdEnvironment","type":"text"},{"key":"grant_type","value":"client_credentials","type":"text"},{"key":"client_secret","value":"srvAccountPassword","type":"text"},{"key":"scope","value":"AppIdClaimsTrust","type":"text"},{"key":"intent","value":"AppId","type":"text"}]},"url":{"raw":"https://esg-oauth2-internal.fmr.com/as/resourceOwner","protocol":"https","host":["esg-oauth2-internal","fmr","com"],"path":["as","resourceOwner"]}},"response":[]},{"name":"Validate Token","id":"3f4e2a8a-bdea-41d2-b8c1-d3c064e5d985","protocolProfileBehavior":{"disableBodyPruning":true},"request":{"method":"POST","header":[{"key":"Content-Type","value":"application/x-www-form-urlencoded","type":"text"}],"body":{"mode":"urlencoded","urlencoded":[{"key":"otoken","value":"{{esg_access_token}}","type":"text"}]},"url":{"raw":"https://esg-oauth2-internal.fmr.com/rs/validate/AppIdClaimsTrust","protocol":"https","host":["esg-oauth2-internal","fmr","com"],"path":["rs","validate","AppIdClaimsTrust"]}},"response":[]}]}