{"info":{"_postman_id":"f063ba05-f149-4b75-a4b5-93ab5361600b","name":"MarketData-Prd","schema":"https://schema.getpostman.com/json/collection/v2.1.0/collection.json"},"item":[{"name":"CusipOnly","id":"698e2db1-f25a-4142-9de2-d32cd7e8f519","protocolProfileBehavior":{"disableBodyPruning":true},"request":{"method":"GET","header":[],"body":{"mode":"raw","raw":"{\n    \"fromDate\": \"20200912\",\n    \"toDate\": \"20201214\",\n    \"securities\": [\n       \n        {\n            \"cusip\": \"075887109\",\n            \"exchange\": \"XNYS\",\n            \"sedol\": \"\"\n        },\n        {\n            \"cusip\": \"086516101\",\n            \"exchange\": \"XNYS\",\n            \"sedol\": \"\"\n        },\n        {\n            \"cusip\": \"09215C105\",\n            \"exchange\": \"XNYS\",\n            \"sedol\": \"\"\n        },\n        {\n            \"cusip\": \"09857L108\",\n            \"exchange\": \"XNGS\",\n            \"sedol\": \"\"\n        },\n        {\n            \"cusip\": \"101137107\",\n            \"exchange\": \"XNYS\",\n            \"sedol\": \"\"\n        },\n        {\n            \"cusip\": \"110122108\",\n            \"exchange\": \"XNYS\",\n            \"sedol\": \"\"\n        },\n        {\n            \"cusip\": \"125523100\",\n            \"exchange\": \"XNYS\",\n            \"sedol\": \"\"\n        },\n        {\n            \"cusip\": \"127097103\",\n            \"exchange\": \"XNYS\",\n            \"sedol\": \"\"\n        },\n        {\n            \"cusip\": \"15135B101\",\n            \"exchange\": \"XNYS\",\n            \"sedol\": \"\"\n        },\n        {\n            \"cusip\": \"16411R208\",\n            \"exchange\": \"XASE\",\n            \"sedol\": \"\"\n        },\n        {\n            \"cusip\": \"171484108\",\n            \"exchange\": \"XNGS\",\n            \"sedol\": \"\"\n        },\n        {\n            \"cusip\": \"17275R102\",\n            \"exchange\": \"XNGS\",\n            \"sedol\": \"\"\n        },\n        {\n            \"cusip\": \"19239V302\",\n            \"exchange\": \"XNGS\",\n            \"sedol\": \"\"\n        },\n        {\n            \"cusip\": \"20030N101\",\n            \"exchange\": \"XNGS\",\n            \"sedol\": \"\"\n        },\n        {\n            \"cusip\": \"200340107\",\n            \"exchange\": \"XNYS\",\n            \"sedol\": \"\"\n        },\n        {\n            \"cusip\": \"201723103\",\n            \"exchange\": \"XNYS\",\n            \"sedol\": \"\"\n        },\n        {\n            \"cusip\": \"222795502\",\n            \"exchange\": \"XNYS\",\n            \"sedol\": \"\"\n        },\n        {\n            \"cusip\": \"23331A109\",\n            \"exchange\": \"XNYS\",\n            \"sedol\": \"\"\n        },\n        {\n            \"cusip\": \"235851102\",\n            \"exchange\": \"XNYS\",\n            \"sedol\": \"\"\n        },\n        {\n            \"cusip\": \"25243Q205\",\n            \"exchange\": \"XNYS\",\n            \"sedol\": \"\"\n        },\n        {\n            \"cusip\": \"257651109\",\n            \"exchange\": \"XNYS\",\n            \"sedol\": \"\"\n        },\n        {\n            \"cusip\": \"26441C204\",\n            \"exchange\": \"XNYS\",\n            \"sedol\": \"\"\n        },\n        {\n            \"cusip\": \"265504100\",\n            \"exchange\": \"XNGS\",\n            \"sedol\": \"\"\n        },\n        {\n            \"cusip\": \"28035Q102\",\n            \"exchange\": \"XNYS\",\n            \"sedol\": \"\"\n        },\n        {\n            \"cusip\": \"298736109\",\n            \"exchange\": \"XNGS\",\n            \"sedol\": \"\"\n        },\n        {\n            \"cusip\": \"30231G102\",\n            \"exchange\": \"XNYS\",\n            \"sedol\": \"\"\n        },\n        {\n            \"cusip\": \"31620M106\",\n            \"exchange\": \"XNYS\",\n            \"sedol\": \"\"\n        },\n        {\n            \"cusip\": \"31847R102\",\n            \"exchange\": \"XNYS\",\n            \"sedol\": \"\"\n        },\n        {\n            \"cusip\": \"34964C106\",\n            \"exchange\": \"XNYS\",\n            \"sedol\": \"\"\n        },\n        {\n            \"cusip\": \"36467J108\",\n            \"exchange\": \"XNGS\",\n            \"sedol\": \"\"\n        },\n        {\n            \"cusip\": \"369550108\",\n            \"exchange\": \"XNYS\",\n            \"sedol\": \"\"\n        },\n        {\n            \"cusip\": \"369604103\",\n            \"exchange\": \"XNYS\",\n            \"sedol\": \"\"\n        },\n        {\n            \"cusip\": \"37045V100\",\n            \"exchange\": \"XNYS\",\n            \"sedol\": \"\"\n        },\n        {\n            \"cusip\": \"38141G104\",\n            \"exchange\": \"XNYS\",\n            \"sedol\": \"\"\n        },\n        {\n            \"cusip\": \"42225P501\",\n            \"exchange\": \"XNYS\",\n            \"sedol\": \"\"\n        },\n        {\n            \"cusip\": \"42809H107\",\n            \"exchange\": \"XNYS\",\n            \"sedol\": \"\"\n        },\n        {\n            \"cusip\": \"436440101\",\n            \"exchange\": \"XNGS\",\n            \"sedol\": \"\"\n        },\n        {\n            \"cusip\": \"446413106\",\n            \"exchange\": \"XNYS\",\n            \"sedol\": \"\"\n        },\n        {\n            \"cusip\": \"449253103\",\n            \"exchange\": \"XNYS\",\n            \"sedol\": \"\"\n        },\n        {\n            \"cusip\": \"45687V106\",\n            \"exchange\": \"XNYS\",\n            \"sedol\": \"\"\n        },\n        {\n            \"cusip\": \"46120E602\",\n            \"exchange\": \"XNGS\",\n            \"sedol\": \"\"\n        },\n        {\n            \"cusip\": \"48238T109\",\n            \"exchange\": \"XNYS\",\n            \"sedol\": \"\"\n        },\n        {\n            \"cusip\": \"483119103\",\n            \"exchange\": \"XNGS\",\n            \"sedol\": \"\"\n        },\n        {\n            \"cusip\": \"49338L103\",\n            \"exchange\": \"XNYS\",\n            \"sedol\": \"\"\n        },\n        {\n            \"cusip\": \"499049104\",\n            \"exchange\": \"XNYS\",\n            \"sedol\": \"\"\n        },\n        {\n            \"cusip\": \"50077B207\",\n            \"exchange\": \"XNGS\",\n            \"sedol\": \"\"\n        },\n        {\n            \"cusip\": \"501044101\",\n            \"exchange\": \"XNYS\",\n            \"sedol\": \"\"\n        },\n        {\n            \"cusip\": \"512807108\",\n            \"exchange\": \"XNGS\",\n            \"sedol\": \"\"\n        },\n        {\n            \"cusip\": \"525327102\",\n            \"exchange\": \"XNYS\",\n            \"sedol\": \"\"\n        },\n        {\n            \"cusip\": \"532457108\",\n            \"exchange\": \"XNYS\",\n            \"sedol\": \"\"\n        },\n        {\n            \"cusip\": \"59156R108\",\n            \"exchange\": \"XNYS\",\n            \"sedol\": \"\"\n        },\n        {\n            \"cusip\": \"608190104\",\n            \"exchange\": \"XNYS\",\n            \"sedol\": \"\"\n        },\n        {\n            \"cusip\": \"617446448\",\n            \"exchange\": \"XNYS\",\n            \"sedol\": \"\"\n        },\n        {\n            \"cusip\": \"62944T105\",\n            \"exchange\": \"XNYS\",\n            \"sedol\": \"\"\n        },\n        {\n            \"cusip\": \"631103108\",\n            \"exchange\": \"XNGS\",\n            \"sedol\": \"\"\n        },\n        {\n            \"cusip\": \"63845R107\",\n            \"exchange\": \"XNGS\",\n            \"sedol\": \"\"\n        },\n        {\n            \"cusip\": \"665859104\",\n            \"exchange\": \"XNGS\",\n            \"sedol\": \"\"\n        },\n        {\n            \"cusip\": \"666807102\",\n            \"exchange\": \"XNYS\",\n            \"sedol\": \"\"\n        },\n        {\n            \"cusip\": \"67066G104\",\n            \"exchange\": \"XNGS\",\n            \"sedol\": \"\"\n        },\n        {\n            \"cusip\": \"67077M108\",\n            \"exchange\": \"XNYS\",\n            \"sedol\": \"\"\n        },\n        {\n            \"cusip\": \"67098H104\",\n            \"exchange\": \"XNYS\",\n            \"sedol\": \"\"\n        },\n        {\n            \"cusip\": \"67181A107\",\n            \"exchange\": \"XNYS\",\n            \"sedol\": \"\"\n        },\n        {\n            \"cusip\": \"675232102\",\n            \"exchange\": \"XNYS\",\n            \"sedol\": \"\"\n        },\n        {\n            \"cusip\": \"680665205\",\n            \"exchange\": \"XNYS\",\n            \"sedol\": \"\"\n        },\n        {\n            \"cusip\": \"693475105\",\n            \"exchange\": \"XNYS\",\n            \"sedol\": \"\"\n        },\n        {\n            \"cusip\": \"693656100\",\n            \"exchange\": \"XNYS\",\n            \"sedol\": \"\"\n        },\n        {\n            \"cusip\": \"70614W100\",\n            \"exchange\": \"XNGS\",\n            \"sedol\": \"\"\n        },\n        {\n            \"cusip\": \"74112D101\",\n            \"exchange\": \"XNYS\",\n            \"sedol\": \"\"\n        },\n        {\n            \"cusip\": \"750236101\",\n            \"exchange\": \"XNYS\",\n            \"sedol\": \"\"\n        },\n        {\n            \"cusip\": \"75886F107\",\n            \"exchange\": \"XNGS\",\n            \"sedol\": \"\"\n        },\n        {\n            \"cusip\": \"780287108\",\n            \"exchange\": \"XNGS\",\n            \"sedol\": \"\"\n        },\n        {\n            \"cusip\": \"806857108\",\n            \"exchange\": \"XNYS\",\n            \"sedol\": \"\"\n        },\n        {\n            \"cusip\": \"828806109\",\n            \"exchange\": \"XNYS\",\n            \"sedol\": \"\"\n        },\n        {\n            \"cusip\": \"829226109\",\n            \"exchange\": \"XNGS\",\n            \"sedol\": \"\"\n        },\n        {\n            \"cusip\": \"831754106\",\n            \"exchange\": \"XNGS\",\n            \"sedol\": \"\"\n        },\n        {\n            \"cusip\": \"842587107\",\n            \"exchange\": \"XNYS\",\n            \"sedol\": \"\"\n        },\n        {\n            \"cusip\": \"84860W300\",\n            \"exchange\": \"XNYS\",\n            \"sedol\": \"\"\n        },\n        {\n            \"cusip\": \"858119100\",\n            \"exchange\": \"XNGS\",\n            \"sedol\": \"\"\n        },\n        {\n            \"cusip\": \"858912108\",\n            \"exchange\": \"XNGS\",\n            \"sedol\": \"\"\n        },\n        {\n            \"cusip\": \"872540109\",\n            \"exchange\": \"XNYS\",\n            \"sedol\": \"\"\n        },\n        {\n            \"cusip\": \"872590104\",\n            \"exchange\": \"XNGS\",\n            \"sedol\": \"\"\n        },\n        {\n            \"cusip\": \"876030107\",\n            \"exchange\": \"XNYS\",\n            \"sedol\": \"\"\n        },\n        {\n            \"cusip\": \"904311107\",\n            \"exchange\": \"XNYS\",\n            \"sedol\": \"\"\n        },\n        {\n            \"cusip\": \"91324P102\",\n            \"exchange\": \"XNYS\",\n            \"sedol\": \"\"\n        },\n        {\n            \"cusip\": \"913903100\",\n            \"exchange\": \"XNYS\",\n            \"sedol\": \"\"\n        },\n        {\n            \"cusip\": \"91734M103\",\n            \"exchange\": \"XNGS\",\n            \"sedol\": \"\"\n        },\n        {\n            \"cusip\": \"91913Y100\",\n            \"exchange\": \"XNYS\",\n            \"sedol\": \"\"\n        },\n        {\n            \"cusip\": \"92339V100\",\n            \"exchange\": \"XNYS\",\n            \"sedol\": \"\"\n        },\n        {\n            \"cusip\": \"92343V104\",\n            \"exchange\": \"XNYS\",\n            \"sedol\": \"\"\n        },\n        {\n            \"cusip\": \"925652109\",\n            \"exchange\": \"XNYS\",\n            \"sedol\": \"\"\n        },\n        {\n            \"cusip\": \"926613100\",\n            \"exchange\": \"XNGS\",\n            \"sedol\": \"\"\n        },\n        {\n            \"cusip\": \"928254101\",\n            \"exchange\": \"XNGS\",\n            \"sedol\": \"\"\n        },\n        {\n            \"cusip\": \"92826C839\",\n            \"exchange\": \"XNYS\",\n            \"sedol\": \"\"\n        },\n        {\n            \"cusip\": \"949746101\",\n            \"exchange\": \"XNYS\",\n            \"sedol\": \"\"\n        },\n        {\n            \"cusip\": \"969457100\",\n            \"exchange\": \"XNYS\",\n            \"sedol\": \"\"\n        },\n        {\n            \"cusip\": \"97650W108\",\n            \"exchange\": \"XNGS\",\n            \"sedol\": \"\"\n        },\n        {\n            \"cusip\": \"983793100\",\n            \"exchange\": \"XNYS\",\n            \"sedol\": \"\"\n        },\n       \n       \n        {\n            \"cusip\": \"80105N105\",\n            \"exchange\": \"XNGS\",\n            \"sedol\": \"\"\n        },\n        {\n            \"cusip\": \"464287705\",\n            \"exchange\": \"ARCX\",\n            \"sedol\": \"\"\n        },\n        {\n            \"cusip\": \"464287606\",\n            \"exchange\": \"ARCX\",\n            \"sedol\": \"\"\n        },\n        {\n            \"cusip\": \"464287408\",\n            \"exchange\": \"ARCX\",\n            \"sedol\": \"\"\n        },\n        {\n            \"cusip\": \"40415F101\",\n            \"exchange\": \"XNYS\",\n            \"sedol\": \"\"\n        },\n       \n        {\n            \"cusip\": \"294821608\",\n            \"exchange\": \"XNGS\",\n            \"sedol\": \"\"\n        },\n        {\n            \"cusip\": \"464287309\",\n            \"exchange\": \"ARCX\",\n            \"sedol\": \"\"\n        },\n        {\n            \"cusip\": \"92339V308\",\n            \"exchange\": \"XNYS\",\n            \"sedol\": \"\"\n        },\n        {\n            \"cusip\": \"15135U109\",\n            \"exchange\": \"XNYS\",\n            \"sedol\": \"\"\n        }\n      \n       \n    ]\n}","options":{"raw":{"language":"json"}}},"url":{"raw":"https://api.common.activeetf-internal-prd.fmrco.com/market-data/v1","protocol":"https","host":["api","common","activeetf-internal-prd","fmrco","com"],"path":["market-data","v1"]}},"response":[]},{"name":"Sedol-only","id":"7bc5141d-5fb1-4ad0-b8b5-62e968446b87","protocolProfileBehavior":{"disableBodyPruning":true},"request":{"method":"GET","header":[],"body":{"mode":"raw","raw":"{\n    \"fromDate\": \"20200912\",\n    \"toDate\": \"20201214\",\n    \"securities\": [\n        {\n            \"cusip\": \"\",\n            \"exchange\": \"\",\n            \"sedol\": \"2367963\"\n        },\n        {\n            \"cusip\": \"\",\n            \"exchange\": \"\",\n            \"sedol\": \"BRJ2W98\"\n        },\n         {\n            \"cusip\": \"\",\n            \"exchange\": \"\",\n            \"sedol\": \"B3BQMF6\"\n        },\n         {\n            \"cusip\": \"\",\n            \"exchange\": \"\",\n            \"sedol\": \"BK9R3T1\"\n        },\n        {\n            \"cusip\": \"\",\n            \"exchange\": \"\",\n            \"sedol\": \"BDSFG98\"\n        },\n        {\n            \"cusip\": \"\",\n            \"exchange\": \"\",\n            \"sedol\": \"2728429\"\n        },\n        {\n            \"cusip\": \"\",\n            \"exchange\": \"\",\n            \"sedol\": \"BLS09M3\"\n        },\n        {\n            \"cusip\": \"\",\n            \"exchange\": \"\",\n            \"sedol\": \"2740542\"\n        }\n      \n       \n    ]\n}","options":{"raw":{"language":"json"}}},"url":{"raw":"https://api.common.activeetf-internal-prd.fmrco.com/market-data/v1","protocol":"https","host":["api","common","activeetf-internal-prd","fmrco","com"],"path":["market-data","v1"]}},"response":[]}]}