{"info":{"_postman_id":"f27934d5-5ac8-6f7b-15bb-3695861acf82","name":"AdvisorContentManagment","schema":"https://schema.getpostman.com/json/collection/v2.1.0/collection.json"},"item":[{"name":"DocumentMetaData","id":"4bb777be-08ff-e1be-d2a8-f730c758ae95","request":{"method":"GET","header":[{"key":"Content-Type","value":"application/json"}],"body":{"mode":"formdata","formdata":[]},"url":{"raw":"http://advrptngcontentmgmt-prod.fmrco.com/contentmgmt/v1/document/HistoricalExposure_VFSBPPLT_SP500_USE3L_20170731.xlsx.json","protocol":"http","host":["advrptngcontentmgmt-prod","fmrco","com"],"path":["contentmgmt","v1","document","HistoricalExposure_VFSBPPLT_SP500_USE3L_20170731.xlsx.json"]}},"response":[]},{"name":"http://localhost:8080/contentmgmt-services/document/","id":"4b864af0-4ca6-0eab-9fe9-c883bdca10d0","request":{"method":"POST","header":[{"key":"Content-Type","value":"application/json"},{"key":"Accept","value":"application/xml"}],"body":{"mode":"raw","raw":"{\n  \"id\": null,\n  \"name\": \"EMRPLT_FMRStandardResearchPacket_20160618.xls\",\n  \"categoryId\": 66454,\n  \"categoryName\": \"NAVGVAR\",\n  \"categoryDesc\": \"Navgen Price Variance Report\",\n  \"extensionCode\": \"xls\",\n  \"isValidName\": \"Y\",\n  \"canOverwrite\": \"Y\",\n  \"canPrint\": \"N\",\n  \"canPublish\": \"Y\",\n  \"description\": null,\n  \"categoryPath\": \"PUBL200204\",\n  \"createdBy\": null,\n  \"url\": \"http://google.com\",\n  \"createdDate\": null,\n  \"updatedBy\": null,\n  \"updatedDate\": null\n}"},"url":{"raw":"http://iquery-prod.fmrco.com/appfdqssvc/services/QueryExecution?tokenLabel=fund_sname&ToFile=false&corpId=A544932&endDate=NULL&format=XML&reportProvider=NULL&pageName=PORTFOLIO&reportType=NULL&name=GetTree&reportFrequency=NULL&category=NULL&tokenValue=MAG&reportSource=EQTPORT&startDate=NULL","protocol":"http","host":["iquery-prod","fmrco","com"],"path":["appfdqssvc","services","QueryExecution"],"query":[{"key":"tokenLabel","value":"fund_sname"},{"key":"ToFile","value":"false"},{"key":"corpId","value":"A544932"},{"key":"endDate","value":"NULL"},{"key":"format","value":"XML"},{"key":"reportProvider","value":"NULL"},{"key":"pageName","value":"PORTFOLIO"},{"key":"reportType","value":"NULL"},{"key":"name","value":"GetTree"},{"key":"reportFrequency","value":"NULL"},{"key":"category","value":"NULL"},{"key":"tokenValue","value":"MAG"},{"key":"reportSource","value":"EQTPORT"},{"key":"startDate","value":"NULL"}]}},"response":[]},{"name":"http://localhost:8080/contentmgmt-services/document/ copy","id":"f0286bd9-4288-048c-fbfa-98da9d04d933","request":{"method":"POST","header":[{"key":"Content-Type","value":"application/json"},{"key":"Accept","value":"application/json"}],"body":{"mode":"raw","raw":"{\n  \"id\": null,\n  \"name\": \"DIVCORE1_MULTIFUND_20160912.pdf\",\n  \"categoryId\": 371655,\n  \"categoryName\": \"DIVCORE1\",\n  \"categoryDesc\": \"Core1 - Sector Relative Bets and Top 20 Overweight/Underweight Bets by Fund\",\n  \"extensionCode\": \"pdf\",\n  \"isValidName\": \"Y\",\n  \"canOverwrite\": \"Y\",\n  \"canPrint\": \"N\",\n  \"canPublish\": \"Y\",\n  \"description\": null,\n  \"categoryPath\": \"PUBLEQT201638\",\n  \"folderPath\": \"SECTORBETS\",\n  \"folderName\": \"20160919\",\n  \"subSiteName\": \"equity\",\n  \"createdBy\": null,\n  \"url\": \"http://advisorreports.webdev.fmrco.com/equity/SECTORBETS/20160926/DIVCORE1_MULTIFUND_20160926.pdf\",\n  \"folderUrl\": \"http://advisorreports.webdev.fmrco.com/equity/SECTORBETS/20160926\",\n  \"createdDate\": null,\n  \"updatedBy\": null,\n  \"updatedDate\": null,\n  \"totalNumberDBQueueMsgs\": null\n}"},"url":{"raw":"http://localhost:8080/contentmgmt-services/document/","protocol":"http","host":["localhost"],"port":"8080","path":["contentmgmt-services","document",""]}},"response":[]},{"name":"DIT-MetaDataRequest","id":"8951d040-e5ca-f8bf-6cc1-e58e5a2d07f9","request":{"method":"GET","header":[{"key":"Accept","value":"application/json"}],"body":{"mode":"formdata","formdata":[]},"url":{"raw":"http://localhost:8080/contentmgmt-services/document/DIVCORE1_MULTIFUND_20160919.pdf.json","protocol":"http","host":["localhost"],"port":"8080","path":["contentmgmt-services","document","DIVCORE1_MULTIFUND_20160919.pdf.json"]}},"response":[]},{"name":"DIT-MetaDataRequest copy","id":"906de325-0db0-3fd6-0d40-18be7bd97dfe","request":{"method":"GET","header":[{"key":"Accept","value":"application/json"}],"body":{"mode":"formdata","formdata":[]},"url":{"raw":"http://ASWSFL02PRD.fmrco.com:61350/contentmgmt/v1/fundpages?corpID=a000168","protocol":"http","host":["ASWSFL02PRD","fmrco","com"],"port":"61350","path":["contentmgmt","v1","fundpages"],"query":[{"key":"corpID","value":"a000168"}]}},"response":[]},{"name":"DIT","id":"6c8188bd-6ea2-7c23-da9c-14525f7d8f91","request":{"method":"POST","header":[{"key":"Content-Type","value":"application/json"},{"key":"Accept","value":"application/json"}],"body":{"mode":"raw","raw":"{\n  \"id\": null,\n  \"name\": \"DIVCORE1_MULTIFUND_20160919.pdf\",\n  \"categoryId\": 371655,\n  \"categoryName\": \"DIVCORE1\",\n  \"categoryDesc\": \"Core1 - Sector Relative Bets and Top 20 Overweight/Underweight Bets by Fund\",\n  \"extensionCode\": \"pdf\",\n  \"isValidName\": \"Y\",\n  \"canOverwrite\": \"Y\",\n  \"canPrint\": \"N\",\n  \"canPublish\": \"Y\",\n  \"description\": null,\n  \"categoryPath\": \"PUBLEQT201638\",\n  \"folderPath\": \"SECTORBETS\",\n  \"folderName\": \"20160919\",\n  \"subSiteName\": \"equity\",\n  \"createdBy\": null,\n  \"url\": \"http://advisorreports.webdev.fmrco.com/equity/SECTORBETS/20160926/DIVCORE1_MULTIFUND_20160926.pdf\",\n  \"folderUrl\": \"http://advisorreports.webdev.fmrco.com/equity/SECTORBETS/20160926\",\n  \"createdDate\": null,\n  \"updatedBy\": null,\n  \"updatedDate\": null,\n  \"totalNumberDBQueueMsgs\": null\n}"},"url":{"raw":"http://vc2cmmka082907n.fmrco.com:20010/contentmgmt/v1/document/","protocol":"http","host":["vc2cmmka082907n","fmrco","com"],"port":"20010","path":["contentmgmt","v1","document",""]}},"response":[]},{"name":"FundPages-DIT","id":"b175d62b-23b2-c756-e70b-9c2242b510d6","request":{"method":"GET","header":[],"body":{"mode":"formdata","formdata":[]},"url":{"raw":"http://ASWSFL01DEV.fmrco.com:61350/contentmgmt/v1/fundpages?corpID=a000168","protocol":"http","host":["ASWSFL01DEV","fmrco","com"],"port":"61350","path":["contentmgmt","v1","fundpages"],"query":[{"key":"corpID","value":"a000168"}]}},"response":[]},{"name":"Fundpagedocuments-DIT","id":"37857c1b-df03-7d6d-427e-15568ffd8ff4","request":{"method":"GET","header":[],"body":{"mode":"formdata","formdata":[]},"url":{"raw":"http://advrptngcontentmgmt-uat.fmrco.com/contentmgmt/v1/fundpagedocuments?corpID=a000168&pageID=3","protocol":"http","host":["advrptngcontentmgmt-uat","fmrco","com"],"path":["contentmgmt","v1","fundpagedocuments"],"query":[{"key":"corpID","value":"a000168"},{"key":"pageID","value":"3"}]}},"response":[]},{"name":"https://advrptngcontentmgmt-prod.fmrco.com/contentmgmt/v1/document/DIVCORE1_MULTIFUND_20160919.pdf.json","id":"970b4ae0-e249-abe5-bb08-1f73c1ce4f25","request":{"method":"GET","header":[],"body":{"mode":"formdata","formdata":[]},"url":{"raw":"https://advrptngcontentmgmt-prod.fmrco.com/contentmgmt/v1/document/DIVCORE1_MULTIFUND_20160919.pdf.json","protocol":"https","host":["advrptngcontentmgmt-prod","fmrco","com"],"path":["contentmgmt","v1","document","DIVCORE1_MULTIFUND_20160919.pdf.json"]}},"response":[]},{"name":"https://advrptngcontentmgmt-prod.fmrco.com/contentmgmt/v1/document/VTPDIMA_MON_201710.pdf.json","id":"dbc1a70e-bb9d-01cd-bec7-829eb9ce0484","request":{"method":"GET","header":[],"body":{"mode":"formdata","formdata":[]},"url":{"raw":"https://advrptngcontentmgmt-prod.fmrco.com/contentmgmt/v1/document/VTPDIMA_MON_201710.pdf.json","protocol":"https","host":["advrptngcontentmgmt-prod","fmrco","com"],"path":["contentmgmt","v1","document","VTPDIMA_MON_201710.pdf.json"]}},"response":[]}]}