{"info":{"_postman_id":"f35d8f30-257e-fc4c-3170-29cff516659c","name":"SEND-Server","schema":"https://schema.getpostman.com/json/collection/v2.1.0/collection.json"},"item":[{"name":"ExecuteMultiple","id":"4c593252-6bfa-0dd4-3f20-63414c4e0188","request":{"method":"POST","header":[{"key":"Content-Type","value":"application/xml"}],"body":{"mode":"raw","raw":""},"url":{"raw":"http://vc2cmmkb256399n.fmrco.com:20010/SEND/executeMultiple?app=ADVRPTNG","protocol":"http","host":["vc2cmmkb256399n","fmrco","com"],"port":"20010","path":["SEND","executeMultiple"],"query":[{"key":"app","value":"ADVRPTNG"}]}},"response":[]},{"name":"ReportProfile","id":"e6712830-08e9-bdc8-4f77-39712175560e","request":{"method":"GET","header":[],"body":{"mode":"formdata","formdata":[]},"url":{"raw":"http://vc2cmmkb255617n.fmrco.com:20010/reportcatalogservices/v1/ReportProfiles/62","protocol":"http","host":["vc2cmmkb255617n","fmrco","com"],"port":"20010","path":["reportcatalogservices","v1","ReportProfiles","62"]}},"response":[]},{"name":"Deliver-PostReq","id":"491f8e3f-dac1-6b1c-48cf-17cab2c8e7f7","request":{"method":"POST","header":[{"key":"","value":""}],"body":{"mode":"formdata","formdata":[{"key":"Test.xls","value":null,"type":"file"}]},"url":{"raw":"http://send-dit.fmrco.com/SEND/deliver?app=ADVRPTNG&DeliveryFileName=Test.xls&Format=\"excel\"","protocol":"http","host":["send-dit","fmrco","com"],"path":["SEND","deliver"],"query":[{"key":"app","value":"ADVRPTNG"},{"key":"DeliveryFileName","value":"Test.xls"},{"key":"Format","value":"\"excel\""}]}},"response":[]}]}