{"info":{"_postman_id":"f7a8bf65-5fe7-ed87-3945-e58cfd497369","name":"SEND-Server","schema":"https://schema.getpostman.com/json/collection/v2.1.0/collection.json"},"item":[{"name":"ExecuteMultiple","id":"4d010a25-f0c1-83c7-97cc-4ccba42aa01e","request":{"method":"POST","header":[{"key":"Content-Type","value":"application/xml"}],"body":{"mode":"raw","raw":"<?xml version=\"1.0\" encoding=\"utf-8\" standalone=\"yes\"?>  \r\n<reportModels serialVersionUID=\"1\">  \r\n    <notificationSettings>  \r\n          <includeAttachments>true</includeAttachments>  \r\n          <notificationSubject>Test GAA Report</notificationSubject>  \r\n          <notificationBody>  \r\n              <html>  \r\n                    <body>  \r\n                        <h1>GAA Report</h1>  \r\n                        ${reportName}  \r\n                        <p align=\"left\">The location of the report can be view <a href=\"${outputLink}\">here</a></p>  \r\n                        <font style=\"font-family:arial;font-size:8pt;color=#C0C0C0\">Sent by SEND Reporting engine</font>  \r\n                    </body>  \r\n              </html>  \r\n          </notificationBody>  \r\n    </notificationSettings>  \r\n    <reportModelList>  \r\n          <notificationRecipients>  \r\n              <emailAddress>a485047@fmr.com</emailAddress>    \r\n          </notificationRecipients>  \r\n          <reportFormat>excel</reportFormat>  \r\n          <reportName>H0910_DM0521_WBFB_FIAM_Rating_Changes.xdo</reportName>  \r\n          <reportPath>/Publisher Reports/Reports - Holdings/Pyramis/</reportPath>  \r\n          <reportParameters>  \r\n              <entry>  \r\n                  <key>ReportFolder</key>  \r\n                    <value xsi:type=\"xs:string\"  \r\n                          xmlns:xs=\"http://www.w3.org/2001/XMLSchema\"    \r\n                          xmlns:xsi=\"http://www.w3.org/2001/XMLSchema-instance\">COMPSHEET</value>    \r\n              </entry>  \r\n              <entry>  \r\n                    <key>ReportSubFolder</key>  \r\n                    <value xsi:type=\"xs:string\"  \r\n                          xmlns:xs=\"http://www.w3.org/2001/XMLSchema\"    \r\n                          xmlns:xsi=\"http://www.w3.org/2001/XMLSchema-instance\">NO_SUBFOLDER</value>    \r\n              </entry>  \r\n          </reportParameters>  \r\n    </reportModelList>  \r\n</reportModels> "},"url":{"raw":"http://vc2cmmkb256399n.fmrco.com:20010/SEND/executeMultiple?app=ADVRPTNG","protocol":"http","host":["vc2cmmkb256399n","fmrco","com"],"port":"20010","path":["SEND","executeMultiple"],"query":[{"key":"app","value":"ADVRPTNG"}]}},"response":[]},{"name":"ReportProfile","id":"27d90cc9-c871-3f24-8e2a-cf9ae88e0c23","request":{"method":"GET","header":[],"body":{"mode":"formdata","formdata":[]},"url":{"raw":"http://vc2cmmkb255617n.fmrco.com:20010/reportcatalogservices/v1/ReportProfiles/62","protocol":"http","host":["vc2cmmkb255617n","fmrco","com"],"port":"20010","path":["reportcatalogservices","v1","ReportProfiles","62"]}},"response":[]},{"name":"Deliver-PostReq","id":"e422fb95-4984-0329-715f-29baa243aa74","request":{"method":"POST","header":[{"key":"","value":""}],"body":{"mode":"formdata","formdata":[{"key":"Test.xls","value":null,"type":"file"}]},"url":{"raw":"http://send-dit.fmrco.com/SEND/deliver?app=ADVRPTNG&DeliveryFileName=Test.xls&Format=\"excel\"","protocol":"http","host":["send-dit","fmrco","com"],"path":["SEND","deliver"],"query":[{"key":"app","value":"ADVRPTNG"},{"key":"DeliveryFileName","value":"Test.xls"},{"key":"Format","value":"\"excel\""}]}},"response":[]},{"name":"https://vc2cmmka269029n.fmrco.com:20013/send/v2/executeMultiple?app=ADVRPTNG","id":"0a2f34d6-7a54-422f-bcda-a802e1c6c0a7","protocolProfileBehavior":{"disableBodyPruning":true},"request":{"method":"POST","header":[{"key":"Content-Type","name":"Content-Type","value":"application/json","type":"text"},{"key":"Authorization","value":"Bearer z1WNEAjzjyX2QelH3c2NpALmdJOeAegIeCXjD0d0IVrSB7zb0n5zQ6","type":"text"},{"key":"Accept","value":"application/json","type":"text"}],"body":{"mode":"raw","raw":"{\r\n    \"execution\": {\r\n        \"reports\": []\r\n    },\r\n    \"notificationConfig\": {\r\n        \"emailNotification\": []\r\n    },\r\n    \"deliveryConfig\": {\r\n        \"ftpDeliveries\": [],\r\n        \"burstDeliveries\": [\r\n            {\r\n                \"reportDetails\": [\r\n                    {\r\n                        \"reportId\": \"70917\",\r\n                        \"reportName\": \"test.pdf\",\r\n                        \"executionFileName\": \"T0200_DM0200_PM_Nightsheets.xdo\",\r\n                        \"executionFilePath\": \"/Publisher Reports/Reports - Trades/\",\r\n                        \"impersonate\": \"a419150\",\r\n                        \"format\": \"pdf\",\r\n                        \"templateName\": \"PM Nightsheet\",\r\n                        \"parameters\": [\r\n                            {\r\n                                \"name\": \"P_RPT_TYPE\",\r\n                                \"value\": \"DLY\"\r\n                            }\r\n                        ]\r\n                    }\r\n                ]\r\n            }\r\n        ],\r\n        \"sharepointDeliveries\": null\r\n    },\r\n    \"failureEmailNotificationConfig\": null\r\n}"},"url":{"raw":"https://vc2cmmka269029n.fmrco.com:20013/send/v2/executeMultiple?app=ADVRPTNG","protocol":"https","host":["vc2cmmka269029n","fmrco","com"],"port":"20013","path":["send","v2","executeMultiple"],"query":[{"key":"app","value":"ADVRPTNG"}]}},"response":[]}]}