{"info":{"_postman_id":"fcd0dd88-be89-49cb-9646-166332a19057","name":"Universe","schema":"https://schema.getpostman.com/json/collection/v2.1.0/collection.json"},"item":[{"name":"https://localhost:8443/funduniverse-services/universeDefinition/a485047","id":"9f83de94-6934-4329-a6fe-6910591336a5","request":{"method":"GET","header":[{"key":"Accept","value":"application/json","type":"text"},{"key":"Content-Type","value":"application/json","type":"text"},{"key":"Authorization","value":"Bearer {{OAUTH_TOKEN_USER}}","type":"text"}],"body":{"mode":"raw","raw":"{\"id\":\"2345\",\"corpId\":\"a485047\",\"name\":\"TestUniverse3\",\"isDefault\":true,\"isShared\":true,\"criteria\":null,\"filters\":null}"},"url":{"raw":"https://localhost:8443/funduniverse-services/v1/universeDefinition/a485047/id/e11b3c25-cfcd-42aa-af72-49bf120bea89","protocol":"https","host":["localhost"],"port":"8443","path":["funduniverse-services","v1","universeDefinition","a485047","id","e11b3c25-cfcd-42aa-af72-49bf120bea89"]}},"response":[]},{"name":"https://localhost:8443/funduniverse-services/universeDefinition/a485047 Copy","id":"49dc0f8f-e4d5-4d83-952e-2802d7c2c5ed","request":{"method":"POST","header":[{"key":"Accept","value":"application/json","type":"text"},{"key":"Content-Type","value":"application/json","type":"text"},{"key":"Authorization","value":"Bearer {{OAUTH_TOKEN_USER}}","type":"text"}],"body":{"mode":"raw","raw":"{\"id\":\"\",\"corpId\":\"a485047\",\"name\":\"TestUnivers3\",\"isDefault\":true,\"isShared\":true,\"criteria\":{\"funds\":{\"includeBenchmark\":true,\"fund\":[{\"id\":21,\"label\":\"MEGA\"}]},\"analystAssignments\":null,\"indices\":null,\"businessEntities\":null,\"tradableEntities\":null},\"filters\":null}"},"url":{"raw":"https://localhost:8443/funduniverse-services/v1/universeDefinition","protocol":"https","host":["localhost"],"port":"8443","path":["funduniverse-services","v1","universeDefinition"]}},"response":[]}]}