{"info":{"_postman_id":"fce6e521-130f-4172-9a65-d399285718a2","name":"TableauRestApi","schema":"https://schema.getpostman.com/json/collection/v2.1.0/collection.json"},"item":[{"name":"Sites","id":"b61b75e9-268f-46b6-a390-35eee399350f","request":{"method":"GET","header":[{"key":"X-Tableau-Auth","value":"zykFg3YnTQi8_rfkNp8EdQ|otRm4dM8pnAXc83XzDt6PCf40bvvLR1Z"},{"key":"Accept","value":"application/xml"}],"url":{"raw":"https://fimt-tableau-qa.fmrco.com/api/2.8/sites","protocol":"https","host":["fimt-tableau-qa","fmrco","com"],"path":["api","2.8","sites"]}},"response":[]},{"name":"switchSite","id":"8f3ef904-53ed-4db6-b424-f2b26211b4a5","request":{"method":"POST","header":[{"key":"X-Tableau-Auth","value":"L9q9vfeuTQypJB5EAHSCvQ|GgHHhr63u7L2W1lrR4Zyc2roz8LJ7Vzu"},{"key":"Content-Type","value":"application/json"}],"body":{"mode":"raw","raw":"{\"site\":{\"contentUrl\":\"EFGHAnalytics\"}}"},"url":{"raw":"https://fimt-tableau.fmrco.com/api/2.8/auth/switchSite","protocol":"https","host":["fimt-tableau","fmrco","com"],"path":["api","2.8","auth","switchSite"]}},"response":[]},{"name":"signin","id":"4e2db482-8316-4fc0-919c-b7f82b8d96e1","request":{"auth":{"type":"noauth"},"method":"POST","header":[{"key":"Content-Type","value":"application/json"},{"key":"Accept","value":"application/json"}],"body":{"mode":"raw","raw":"{ \"credentials\":{\"name\": \"a485047\",\"password\": \"Jaisai@Q119\",\"site\":{\"contentUrl\":\"EquityAnalytics\"}}}"},"url":{"raw":"https://fimt-tableau-qa.fmrco.com/api/2.8/auth/signin","protocol":"https","host":["fimt-tableau-qa","fmrco","com"],"path":["api","2.8","auth","signin"]}},"response":[]},{"name":"projects","id":"687725dc-ed30-4ea9-baa4-aa27c7c4df58","request":{"method":"GET","header":[{"key":"X-Tableau-Auth","value":"yGMEe4LCSROJczc-kjKGsg|6o37zpizksHkbtkFe8apD3110Tn01CmB","type":"text"}],"url":{"raw":"https://fimt-tableau-qa.fmrco.com/api/2.8/sites/5b69a808-290c-44ca-9be8-ffa8eecbc3e7/projects","protocol":"https","host":["fimt-tableau-qa","fmrco","com"],"path":["api","2.8","sites","5b69a808-290c-44ca-9be8-ffa8eecbc3e7","projects"]}},"response":[]},{"name":"workbooks","id":"589bb6ab-ac5b-4fd9-b73b-2b44a1fed12d","request":{"method":"GET","header":[{"key":"X-Tableau-Auth","value":"CDZ4njp_QKGCvJQ-nVDLkQ|gKU2QK2qbrd76Fx8TpyfkGpkOh0YcxzP"},{"key":"Accept","value":"application/json"}],"body":{"mode":"formdata","formdata":[]},"url":{"raw":"http://vc2cmmka317878n.fmrco.com:20010/advisortableausvc/v1/advrptng-tableau-services/sites/5b69a808-290c-44ca-9be8-ffa8eecbc3e7/workbook/a84ae079-028e-494e-9730-a2926a8dccb9","protocol":"http","host":["vc2cmmka317878n","fmrco","com"],"port":"20010","path":["advisortableausvc","v1","advrptng-tableau-services","sites","5b69a808-290c-44ca-9be8-ffa8eecbc3e7","workbook","a84ae079-028e-494e-9730-a2926a8dccb9"]}},"response":[]},{"name":"workbooks-ByName","id":"f9d9cc3e-230e-40c9-be7a-9aa73d5b3a88","request":{"method":"GET","header":[{"key":"X-Tableau-Auth","value":"U02OjnWjRV2KYvKDoMoiRA|NhwSxPbHrbu0WnrjLBfs8JqCxIcs8qaA"}],"body":{"mode":"formdata","formdata":[]},"url":{"raw":"https://fimt-tableau-qa.fmrco.com/api/2.6/sites/5b69a808-290c-44ca-9be8-ffa8eecbc3e7/projects","protocol":"https","host":["fimt-tableau-qa","fmrco","com"],"path":["api","2.6","sites","5b69a808-290c-44ca-9be8-ffa8eecbc3e7","projects"]}},"response":[]},{"name":"Views","id":"1caed0b5-8bff-4083-86aa-158734fd9a4e","request":{"method":"GET","header":[{"key":"X-Tableau-Auth","value":"4lD6iaL9RFiVXCJHwWgFmQ|Tx3nzFf8VCriZQCO2WAEq2ZtjEMVjC9H"},{"key":"Accept","value":"application/json"}],"body":{"mode":"formdata","formdata":[]},"url":{"raw":"https://fimt-tableau-qa.fmrco.com/api/2.6/sites/5b69a808-290c-44ca-9be8-ffa8eecbc3e7/workbooks/22d3c72d-b43e-428c-acce-3697153a99bc/views?includeUsageStatistics=true","protocol":"https","host":["fimt-tableau-qa","fmrco","com"],"path":["api","2.6","sites","5b69a808-290c-44ca-9be8-ffa8eecbc3e7","workbooks","22d3c72d-b43e-428c-acce-3697153a99bc","views"],"query":[{"key":"includeUsageStatistics","value":"true"}]}},"response":[]},{"name":"ViewsImage","id":"d62f3e77-0281-4941-969b-d7e92b0c053f","request":{"method":"GET","header":[{"key":"X-Tableau-Auth","value":"_ZebpcTARHqsaFnn2CxBOg|NmPyY6f4YMEyw2l5JzmbAj1j23lthhXn"}],"body":{"mode":"formdata","formdata":[]},"url":{"raw":"https://fimt-tableau-qa.fmrco.com/api/2.6/sites/5b69a808-290c-44ca-9be8-ffa8eecbc3e7/workbooks","protocol":"https","host":["fimt-tableau-qa","fmrco","com"],"path":["api","2.6","sites","5b69a808-290c-44ca-9be8-ffa8eecbc3e7","workbooks"]}},"response":[]},{"name":"previewImage","id":"d5a68875-35ec-4d67-a434-7ce2021aa3e6","request":{"method":"GET","header":[{"key":"X-Tableau-Auth","value":"lSCacjXvSji8690K83RbrQ|rIa1MMLg97UQxo3b4q0Y1raZpMcoRGfL"},{"key":"Accept","value":"image/png","disabled":true}],"body":{"mode":"formdata","formdata":[]},"url":{"raw":"https://fimt-tableau.fmrco.com/api/2.6/sites/5b69a808-290c-44ca-9be8-ffa8eecbc3e7/workbooks/cc808b58-32cd-4eec-8496-6b7f7dfcfffa/previewImage","protocol":"https","host":["fimt-tableau","fmrco","com"],"path":["api","2.6","sites","5b69a808-290c-44ca-9be8-ffa8eecbc3e7","workbooks","cc808b58-32cd-4eec-8496-6b7f7dfcfffa","previewImage"]}},"response":[]},{"name":"previewImage copy","id":"10b73de3-cd6a-4504-b0df-f7587dabd25b","request":{"method":"GET","header":[{"key":"X-Tableau-Auth","value":"lSCacjXvSji8690K83RbrQ|rIa1MMLg97UQxo3b4q0Y1raZpMcoRGfL"},{"key":"Accept","value":"image/png","disabled":true}],"body":{"mode":"formdata","formdata":[]},"url":{"raw":"https://fimt-tableau.fmrco.com/api/2.6/sites/5b69a808-290c-44ca-9be8-ffa8eecbc3e7/workbooks/cc808b58-32cd-4eec-8496-6b7f7dfcfffa/views","protocol":"https","host":["fimt-tableau","fmrco","com"],"path":["api","2.6","sites","5b69a808-290c-44ca-9be8-ffa8eecbc3e7","workbooks","cc808b58-32cd-4eec-8496-6b7f7dfcfffa","views"]}},"response":[]},{"name":"PreviewImage","id":"fffc2a4c-33ce-40e0-b3d6-88ba2bbae99e","request":{"auth":{"type":"ntlm","ntlm":[{"key":"password","value":"Jaisairam@09","type":"string"},{"key":"username","value":"a485047","type":"string"}]},"method":"POST","header":[{"key":"Content-Type","value":"application/json"}],"body":{"mode":"raw","raw":"{\"url\":\"https://fimt-tableau.fmrco.com/api/2.6/sites/a24e969b-ae05-4039-918a-d4b6138da557/workbooks/48a9929b-82e3-470c-96c6-7267e2a4f2ff/previewImage\",\"token\":\"zcocVbZ2QqKG-vUbv8ya9g|xPHP7gPt4CEAOyfQZmtqWLYmXHsPWy7d\"}"},"url":{"raw":"https://vc2cmmka317159n.fmrco.com:20013/advisortableausvc/v1/previewImage","protocol":"https","host":["vc2cmmka317159n","fmrco","com"],"port":"20013","path":["advisortableausvc","v1","previewImage"]}},"response":[]},{"name":"Tableau-PreiviewImage","id":"9b1a088c-7ef3-43ad-86c2-54f575cf6726","request":{"method":"GET","header":[{"key":"X-Tableau-Auth","value":"4G-dYCVcR6OxmZnVPyt-hg|lQTPMVF8fzieFJ31ln3MUSjAJZAZW4RG"},{"key":"Accept","value":"image/gif"}],"body":{"mode":"formdata","formdata":[]},"url":{"raw":"https://fimt-tableau.fmrco.com/api/2.6/sites/5b69a808-290c-44ca-9be8-ffa8eecbc3e7/workbooks/cc808b58-32cd-4eec-8496-6b7f7dfcfffa/previewImage","protocol":"https","host":["fimt-tableau","fmrco","com"],"path":["api","2.6","sites","5b69a808-290c-44ca-9be8-ffa8eecbc3e7","workbooks","cc808b58-32cd-4eec-8496-6b7f7dfcfffa","previewImage"]}},"response":[]},{"name":"Views","id":"be1098d0-0969-4514-9d4e-1c35ac9047aa","request":{"method":"GET","header":[{"key":"X-Tableau-Auth","value":"4lD6iaL9RFiVXCJHwWgFmQ|Tx3nzFf8VCriZQCO2WAEq2ZtjEMVjC9H"}],"body":{"mode":"formdata","formdata":[]},"url":{"raw":"https://fimt-tableau-qa.fmrco.com/api/2.6/sites/5b69a808-290c-44ca-9be8-ffa8eecbc3e7/workbooks/22d3c72d-b43e-428c-acce-3697153a99bc?includeUsageStatistics=true","protocol":"https","host":["fimt-tableau-qa","fmrco","com"],"path":["api","2.6","sites","5b69a808-290c-44ca-9be8-ffa8eecbc3e7","workbooks","22d3c72d-b43e-428c-acce-3697153a99bc"],"query":[{"key":"includeUsageStatistics","value":"true"}]}},"response":[]},{"name":"Tableau-Wrapper-SignIn","id":"91f84abc-c3f4-4010-938a-982e6e66c0b6","request":{"method":"POST","header":[{"key":"Content-Type","value":"application/json"},{"key":"Accept","value":"application/json"}],"body":{"mode":"raw","raw":"{\r\n                \r\n                    \"credentials\": {\r\n                      \"name\":\"a485047\"\r\n                    }\r\n                      \r\n                  \r\n             }"},"url":{"raw":"http://localhost:8080/advrptng-tableau-services/signIn","protocol":"http","host":["localhost"],"port":"8080","path":["advrptng-tableau-services","signIn"]}},"response":[]},{"name":"signin","id":"fe536852-2ffe-46f9-be18-df0250533899","request":{"auth":{"type":"ntlm","ntlm":[{"key":"password","value":"Babasai@09","type":"string"},{"key":"username","value":"a485047","type":"string"}]},"method":"POST","header":[{"key":"Content-Type","value":"application/json"},{"key":"Accept","value":"application/json"}],"body":{"mode":"raw","raw":"{\r\n                \r\n                    \"credentials\": {\r\n                      \"name\":\"a485047\"\r\n                    \r\n                    }\r\n                  \r\n             }"},"url":{"raw":"https://aswsfl44prd.fmrco.com:14193/advisortableausvc/v1//signIn","protocol":"https","host":["aswsfl44prd","fmrco","com"],"port":"14193","path":["advisortableausvc","v1","","signIn"]}},"response":[]},{"name":"http://localhost:8080/advrptng-tableau-services/switchSite","id":"e9c0fa42-6833-46a1-ae63-4232c727b377","request":{"method":"POST","header":[{"key":"Content-Type","value":"application/json"},{"key":"X-Tableau-Auth","value":"oi7fbpBbS8-GqAWDU7ExPQ|dJjkce3itcWQBRSPFUjpNsTkbLbOlpZC"}],"body":{"mode":"raw","raw":"{\"site\":{\"contentUrl\":\"EFGHAnalytics\"}}"},"url":{"raw":"http://localhost:8080/advrptng-tableau-services/switchSite","protocol":"http","host":["localhost"],"port":"8080","path":["advrptng-tableau-services","switchSite"]}},"response":[]},{"name":"http://localhost:8080/advrptng-tableau-services/sites","id":"82b1eceb-aa02-4ae3-9c73-70a7556be504","request":{"method":"GET","header":[{"key":"X-Tableau-Auth","value":"L9q9vfeuTQypJB5EAHSCvQ|GgHHhr63u7L2W1lrR4Zyc2roz8LJ7Vzu"}],"body":{"mode":"formdata","formdata":[]},"url":{"raw":"http://localhost:8080/advrptng-tableau-services/sites","protocol":"http","host":["localhost"],"port":"8080","path":["advrptng-tableau-services","sites"]}},"response":[]},{"name":"http://vc2cmmka317878n.fmrco.com:20010/advisortableausvc/v1/sites/a24e969b-ae05-4039-918a-d4b6138da557/workbooks/28253623-ca8b-4961-8c86-5a9c9b41d9be","id":"d4230186-ee85-4ea1-98f3-515e67fbc69b","request":{"method":"GET","header":[{"key":"X-Tableau-Auth","value":"CDZ4njp_QKGCvJQ-nVDLkQ|gKU2QK2qbrd76Fx8TpyfkGpkOh0YcxzP"}],"body":{"mode":"formdata","formdata":[]},"url":{"raw":"http://vc2cmmka317878n.fmrco.com:20010/advisortableausvc/v1/sites/a24e969b-ae05-4039-918a-d4b6138da557/workbooks/28253623-ca8b-4961-8c86-5a9c9b41d9be","protocol":"http","host":["vc2cmmka317878n","fmrco","com"],"port":"20010","path":["advisortableausvc","v1","sites","a24e969b-ae05-4039-918a-d4b6138da557","workbooks","28253623-ca8b-4961-8c86-5a9c9b41d9be"]}},"response":[]},{"name":"https://aswsfl54prd.fmrco.com:14193/advisortableausvc/v1/signIn","id":"4babe5ea-68f7-483f-9626-d32454ad7a98","request":{"method":"POST","header":[{"key":"Content-Type","value":"application/json"},{"key":"Accept","value":"application/json"},{"key":"X-Tableau-Auth","value":"L9q9vfeuTQypJB5EAHSCvQ|GgHHhr63u7L2W1lrR4Zyc2roz8LJ7Vzu"}],"body":{"mode":"raw","raw":"{\r\n                \r\n                    \"credentials\": {\r\n                      \"name\":\"a485047\"\r\n                    }\r\n                      \r\n                  \r\n             }"},"url":{"raw":"https://aswsfl44prd.fmrco.com:14193/advisortableausvc/v1/signIn","protocol":"https","host":["aswsfl44prd","fmrco","com"],"port":"14193","path":["advisortableausvc","v1","signIn"]}},"response":[]}]}