{"info":{"_postman_id":"ffceb759-daac-44d7-8384-2d40d6c70dff","name":"CP-ReportCatalog","schema":"https://schema.getpostman.com/json/collection/v2.1.0/collection.json"},"item":[{"name":"https://vc2cmmkb255617n.fmrco.com:20013/reportcatalogservices/v1/syncReports?app=CRA_Reporting","id":"8db93c9f-5072-4173-9b99-0532d2005f56","request":{"method":"POST","header":[{"key":"OAM_REMOTE_USER","value":"a485047","type":"text"},{"key":"Content-Type","name":"Content-Type","value":"application/json","type":"text"}],"body":{"mode":"raw","raw":"{\r\n\t\"executableAppId\": 4483281,\r\n\t\"advisorGroupId\" : 1000299,\r\n\t\"categoryId\": 2123602,\r\n\t\"subcategoryId\": 5591260,\r\n\t\"reportType\": \"BIP\",\r\n\t\"updateOnlyReportInfo\": 1,\r\n\t\"updateId\": \"cp_app_svc_dev\",\r\n\t\"paths\": [\r\n\t\t\"/CRA Publisher Reports/Catalog Reports/Collateral Report.xdo\"\r\n\t]\r\n}"},"url":{"raw":"https://vc2cmmkb255617n.fmrco.com:20013/reportcatalogservices/v1/syncReports?app=CRA_Reporting","protocol":"https","host":["vc2cmmkb255617n","fmrco","com"],"port":"20013","path":["reportcatalogservices","v1","syncReports"],"query":[{"key":"app","value":"CRA_Reporting"}]}},"response":[]},{"name":"UAT","id":"3397a0b6-d227-457e-bcdc-04c987d8bcb5","request":{"method":"POST","header":[{"key":"OAM_REMOTE_USER","value":"a485047","type":"text"},{"key":"Content-Type","name":"Content-Type","value":"application/json","type":"text"}],"body":{"mode":"raw","raw":"{\r\n\t\"executableAppId\": 4483281,\r\n\t\"advisorGroupId\" : 1000299,\r\n\t\"categoryId\": 2123602,\r\n\t\"subcategoryId\": 5591260,\r\n\t\"reportType\": \"BIP\",\r\n\t\"updateOnlyReportInfo\": 1,\r\n\t\"updateId\": \"cp_app_svc_dev\",\r\n\t\"paths\": [\r\n\t\t\"/CRA Publisher Reports/Catalog Reports/Collateral Report.xdo\"\r\n\t]\r\n}"},"url":{"raw":"https://vc2cmmkb255617n.fmrco.com:20013/reportcatalogservices/v1/syncReports?app=CRA_Reporting","protocol":"https","host":["vc2cmmkb255617n","fmrco","com"],"port":"20013","path":["reportcatalogservices","v1","syncReports"],"query":[{"key":"app","value":"CRA_Reporting"}]}},"response":[]},{"name":"https://reportcatalogsvc-uat.fmrco.com/reportcatalogservices/v1/node?app=EQ_Reporting&folder=/Publisher%20Reports","id":"7b37f46c-3d3e-47b6-8bb5-91bf28673a61","protocolProfileBehavior":{"disableBodyPruning":true},"request":{"method":"GET","header":[{"key":"OAM_REMOTE_USER","value":"a485047","type":"text"}],"url":{"raw":"https://reportcatalogsvc-uat.fmrco.com/reportcatalogservices/v1/node?app=EQ_Reporting&folder=/Publisher%20Reports","protocol":"https","host":["reportcatalogsvc-uat","fmrco","com"],"path":["reportcatalogservices","v1","node"],"query":[{"key":"app","value":"EQ_Reporting"},{"key":"folder","value":"/Publisher%20Reports"}]}},"response":[]},{"name":"https://vc2cmmka317391n.fmrco.com:20013/priceTargetService/v1/priceTarget?corpId=a485047&universeId=488a6cd0-bb0c-419a-ae74-0f4ffd8e5ce7","id":"673856ff-0ebc-4cf3-a977-ab4445ad91f8","protocolProfileBehavior":{"disableBodyPruning":true},"request":{"method":"GET","header":[{"key":"Accept","value":"application/json","type":"text"},{"key":"Authorization","value":"Bearer {{OAUTH_TOKEN_USER}}","type":"text"}],"url":{"raw":"https://vc2cmmka317391n.fmrco.com:20013/priceTargetService/v1/priceTarget?corpId=a485047&universeId=488a6cd0-bb0c-419a-ae74-0f4ffd8e5ce7","protocol":"https","host":["vc2cmmka317391n","fmrco","com"],"port":"20013","path":["priceTargetService","v1","priceTarget"],"query":[{"key":"corpId","value":"a485047"},{"key":"universeId","value":"488a6cd0-bb0c-419a-ae74-0f4ffd8e5ce7"}]}},"response":[]}]}